=== System Monitor Started (interval: 60s) ===
Start time: 2026-09-04 15:32:01 UTC

--- 2026-09-04 15:32:01 UTC ---
[GPU]
0, 0 %, 0 %, 0 MiB, 81559 MiB, 33, 103.23 W
[GPU Processes]
[CPU]
 15:32:02 up 22 days, 14:35,  0 users,  load average: 7.33, 6.94, 7.02
[Memory]
Mem:           1.8Ti        51Gi       383Gi       1.7Gi       1.4Ti       1.7Ti
Swap:             0B          0B          0B
[Disk]
/dev/md127      5.9T  925G  5.0T  16% /home/ben
  Task dir: 60K

--- 2026-09-04 15:33:02 UTC ---
[GPU]
0, 0 %, 0 %, 0 MiB, 81559 MiB, 31, 68.03 W
[GPU Processes]
[CPU]
 15:33:02 up 22 days, 14:36,  0 users,  load average: 6.82, 6.85, 6.98
[Memory]
Mem:           1.8Ti        47Gi       389Gi       1.3Gi       1.4Ti       1.7Ti
Swap:             0B          0B          0B
[Disk]
/dev/md127      5.9T  925G  5.0T  16% /home/ben
  Task dir: 60K

--- 2026-09-04 15:34:02 UTC ---
[GPU]
0, 0 %, 0 %, 0 MiB, 81559 MiB, 29, 67.35 W
[GPU Processes]
[CPU]
 15:34:02 up 22 days, 14:37,  0 users,  load average: 6.93, 6.84, 6.97
[Memory]
Mem:           1.8Ti        50Gi       385Gi       1.7Gi       1.4Ti       1.7Ti
Swap:             0B          0B          0B
[Disk]
/dev/md127      5.9T  908G  5.0T  16% /home/ben
  Task dir: 64K

--- 2026-09-04 15:35:02 UTC ---
[GPU]
0, 0 %, 0 %, 15209 MiB, 81559 MiB, 31, 113.35 W
[GPU Processes]
571, 15200 MiB, VLLM::EngineCore
[CPU]
 15:35:03 up 22 days, 14:38,  0 users,  load average: 7.35, 6.96, 7.00
[Memory]
Mem:           1.8Ti        52Gi       373Gi       1.9Gi       1.4Ti       1.7Ti
Swap:             0B          0B          0B
[Disk]
/dev/md127      5.9T  908G  5.0T  16% /home/ben
  Task dir: 64K

--- 2026-09-04 15:36:03 UTC ---
[GPU]
0, 83 %, 50 %, 65707 MiB, 81559 MiB, 37, 316.12 W
[GPU Processes]
571, 65698 MiB, VLLM::EngineCore
[CPU]
 15:36:03 up 22 days, 14:39,  0 users,  load average: 7.43, 7.06, 7.03
[Memory]
Mem:           1.8Ti        58Gi       366Gi       2.5Gi       1.4Ti       1.7Ti
Swap:             0B          0B          0B
[Disk]
/dev/md127      5.9T  908G  5.0T  16% /home/ben
  Task dir: 88K

--- 2026-09-04 15:37:03 UTC ---
[GPU]
0, 83 %, 52 %, 65707 MiB, 81559 MiB, 40, 336.54 W
[GPU Processes]
571, 65698 MiB, VLLM::EngineCore
[CPU]
 15:37:03 up 22 days, 14:40,  0 users,  load average: 7.37, 7.12, 7.06
[Memory]
Mem:           1.8Ti        49Gi       367Gi       1.8Gi       1.4Ti       1.7Ti
Swap:             0B          0B          0B
[Disk]
/dev/md127      5.9T  908G  5.0T  16% /home/ben
  Task dir: 88K

--- 2026-09-04 15:38:03 UTC ---
[GPU]
0, 83 %, 50 %, 65707 MiB, 81559 MiB, 41, 332.91 W
[GPU Processes]
571, 65698 MiB, VLLM::EngineCore
[CPU]
 15:38:03 up 22 days, 14:41,  0 users,  load average: 7.51, 7.26, 7.11
[Memory]
Mem:           1.8Ti        55Gi       361Gi       2.4Gi       1.4Ti       1.7Ti
Swap:             0B          0B          0B
[Disk]
/dev/md127      5.9T  908G  5.0T  16% /home/ben
  Task dir: 1.8M

--- 2026-09-04 15:39:03 UTC ---
[GPU]
0, 84 %, 52 %, 65707 MiB, 81559 MiB, 43, 337.71 W
[GPU Processes]
571, 65698 MiB, VLLM::EngineCore
[CPU]
 15:39:03 up 22 days, 14:42,  0 users,  load average: 7.19, 7.22, 7.10
[Memory]
Mem:           1.8Ti        59Gi       356Gi       2.7Gi       1.4Ti       1.7Ti
Swap:             0B          0B          0B
[Disk]
/dev/md127      5.9T  908G  5.0T  16% /home/ben
  Task dir: 1.8M

--- 2026-09-04 15:40:03 UTC ---
[GPU]
0, 0 %, 0 %, 0 MiB, 81559 MiB, 32, 67.94 W
[GPU Processes]
[CPU]
 15:40:03 up 22 days, 14:43,  0 users,  load average: 7.01, 7.17, 7.09
[Memory]
Mem:           1.8Ti        52Gi       363Gi       1.8Gi       1.4Ti       1.7Ti
Swap:             0B          0B          0B
[Disk]
/dev/md127      5.9T  908G  5.0T  16% /home/ben
  Task dir: 4.4M

--- 2026-09-04 15:41:03 UTC ---
[GPU]
0, 0 %, 0 %, 0 MiB, 81559 MiB, 32, 67.71 W
[GPU Processes]
[CPU]
 15:41:03 up 22 days, 14:44,  0 users,  load average: 6.72, 7.03, 7.05
[Memory]
Mem:           1.8Ti        47Gi       369Gi       1.2Gi       1.4Ti       1.7Ti
Swap:             0B          0B          0B
[Disk]
/dev/md127      5.9T  908G  5.0T  16% /home/ben
  Task dir: 4.4M

--- 2026-09-04 15:42:03 UTC ---
[GPU]
0, 0 %, 0 %, 0 MiB, 81559 MiB, 29, 67.17 W
[GPU Processes]
[CPU]
 15:42:04 up 22 days, 14:45,  0 users,  load average: 5.96, 6.75, 6.95
[Memory]
Mem:           1.8Ti        50Gi       366Gi       1.8Gi       1.4Ti       1.7Ti
Swap:             0B          0B          0B
[Disk]
/dev/md127      5.9T  908G  5.0T  16% /home/ben
  Task dir: 49M

--- 2026-09-04 15:43:04 UTC ---
[GPU]
0, 0 %, 0 %, 0 MiB, 81559 MiB, 28, 67.06 W
[GPU Processes]
[CPU]
 15:43:04 up 22 days, 14:46,  0 users,  load average: 5.19, 6.40, 6.81
[Memory]
Mem:           1.8Ti        44Gi       373Gi       1.0Gi       1.4Ti       1.7Ti
Swap:             0B          0B          0B
[Disk]
/dev/md127      5.9T  908G  5.0T  16% /home/ben
  Task dir: 49M

--- 2026-09-04 15:44:04 UTC ---
[GPU]
0, 0 %, 0 %, 8883 MiB, 81559 MiB, 30, 113.53 W
[GPU Processes]
2022, 8906 MiB, python
[CPU]
 15:44:04 up 22 days, 14:47,  0 users,  load average: 5.31, 6.17, 6.70
[Memory]
Mem:           1.8Ti        46Gi       370Gi       1.2Gi       1.4Ti       1.7Ti
Swap:             0B          0B          0B
[Disk]
/dev/md127      5.9T  908G  5.0T  16% /home/ben
  Task dir: 49M

--- 2026-09-04 15:45:04 UTC ---
[GPU]
0, 0 %, 0 %, 0 MiB, 81559 MiB, 29, 67.27 W
[GPU Processes]
[CPU]
 15:45:04 up 22 days, 14:48,  0 users,  load average: 5.14, 5.97, 6.60
[Memory]
Mem:           1.8Ti        42Gi       348Gi       653Mi       1.4Ti       1.7Ti
Swap:             0B          0B          0B
[Disk]
/dev/md127      5.9T  934G  4.9T  16% /home/ben
  Task dir: 8.1G

--- 2026-09-04 15:46:04 UTC ---
[GPU]
0, 89 %, 72 %, 15213 MiB, 81559 MiB, 36, 335.88 W
[GPU Processes]
2287, 15204 MiB, VLLM::EngineCore
[CPU]
 15:46:04 up 22 days, 14:49,  0 users,  load average: 5.06, 5.77, 6.49
[Memory]
Mem:           1.8Ti        45Gi       361Gi       982Mi       1.4Ti       1.7Ti
Swap:             0B          0B          0B
[Disk]
/dev/md127      5.9T  923G  5.0T  16% /home/ben
  Task dir: 8.1G

--- 2026-09-04 15:47:04 UTC ---
[GPU]
0, 0 %, 0 %, 761 MiB, 81559 MiB, 31, 114.96 W
[GPU Processes]
3132, 752 MiB, VLLM::EngineCore
[CPU]
 15:47:04 up 22 days, 14:50,  0 users,  load average: 6.11, 5.91, 6.49
[Memory]
Mem:           1.8Ti        47Gi       458Gi       1.3Gi       1.3Ti       1.7Ti
Swap:             0B          0B          0B
[Disk]
/dev/md127      5.9T  626G  5.2T  11% /home/ben
  Task dir: 8.1G

--- 2026-09-04 15:48:04 UTC ---
[GPU]
0, 0 %, 0 %, 0 MiB, 81559 MiB, 33, 68.34 W
[GPU Processes]
[CPU]
 15:48:04 up 22 days, 14:51,  0 users,  load average: 5.98, 5.92, 6.45
[Memory]
Mem:           1.8Ti        45Gi       460Gi       1.2Gi       1.3Ti       1.7Ti
Swap:             0B          0B          0B
[Disk]
/dev/md127      5.9T  626G  5.2T  11% /home/ben
  Task dir: 8.1G

--- 2026-09-04 15:49:05 UTC ---
[GPU]
0, 0 %, 0 %, 4 MiB, 81559 MiB, 35, 68.76 W
[GPU Processes]
[CPU]
 15:49:05 up 22 days, 14:52,  0 users,  load average: 5.54, 5.79, 6.37
[Memory]
Mem:           1.8Ti        47Gi       467Gi       1.2Gi       1.3Ti       1.7Ti
Swap:             0B          0B          0B
[Disk]
/dev/md127      5.9T  618G  5.3T  11% /home/ben
  Task dir: 52M

--- 2026-09-04 15:50:05 UTC ---
[GPU]
0, 100 %, 65 %, 76379 MiB, 81559 MiB, 54, 603.36 W
[GPU Processes]
3350, 65104 MiB, python
[CPU]
 15:50:05 up 22 days, 14:53,  0 users,  load average: 5.67, 5.77, 6.33
[Memory]
Mem:           1.8Ti        51Gi       462Gi       1.3Gi       1.3Ti       1.7Ti
Swap:             0B          0B          0B
[Disk]
/dev/md127      5.9T  618G  5.3T  11% /home/ben
  Task dir: 52M

--- 2026-09-04 15:51:05 UTC ---
[GPU]
0, 89 %, 3 %, 81087 MiB, 81559 MiB, 41, 142.14 W
[GPU Processes]
3350, 76098 MiB, python
[CPU]
 15:51:05 up 22 days, 14:54,  0 users,  load average: 5.14, 5.60, 6.23
[Memory]
Mem:           1.8Ti        59Gi       447Gi       1.2Gi       1.3Ti       1.7Ti
Swap:             0B          0B          0B
[Disk]
/dev/md127      5.9T  626G  5.2T  11% /home/ben
  Task dir: 52M

--- 2026-09-04 15:52:05 UTC ---
[GPU]
0, 100 %, 2 %, 81087 MiB, 81559 MiB, 37, 219.67 W
[GPU Processes]
3350, 76098 MiB, python
[CPU]
 15:52:05 up 22 days, 14:55,  0 users,  load average: 5.06, 5.47, 6.15
[Memory]
Mem:           1.8Ti        56Gi       450Gi       614Mi       1.3Ti       1.7Ti
Swap:             0B          0B          0B
[Disk]
/dev/md127      5.9T  626G  5.2T  11% /home/ben
  Task dir: 52M

--- 2026-09-04 15:53:05 UTC ---
[GPU]
0, 100 %, 67 %, 81087 MiB, 81559 MiB, 48, 617.67 W
[GPU Processes]
3350, 76098 MiB, python
[CPU]
 15:53:05 up 22 days, 14:56,  0 users,  load average: 5.61, 5.55, 6.13
[Memory]
Mem:           1.8Ti        59Gi       446Gi       1.2Gi       1.3Ti       1.7Ti
Swap:             0B          0B          0B
[Disk]
/dev/md127      5.9T  626G  5.2T  11% /home/ben
  Task dir: 52M

--- 2026-09-04 15:54:05 UTC ---
[GPU]
0, 0 %, 0 %, 0 MiB, 81559 MiB, 32, 68.35 W
[GPU Processes]
[CPU]
 15:54:05 up 22 days, 14:57,  0 users,  load average: 5.67, 5.57, 6.09
[Memory]
Mem:           1.8Ti        45Gi       459Gi       1.3Gi       1.3Ti       1.7Ti
Swap:             0B          0B          0B
[Disk]
/dev/md127      5.9T  626G  5.2T  11% /home/ben
  Task dir: 52M

--- 2026-09-04 15:55:05 UTC ---
[GPU]
0, 0 %, 0 %, 4 MiB, 81559 MiB, 29, 67.36 W
[GPU Processes]
[CPU]
 15:55:05 up 22 days, 14:58,  0 users,  load average: 7.42, 6.11, 6.25
[Memory]
Mem:           1.8Ti        59Gi       452Gi       1.5Gi       1.3Ti       1.7Ti
Swap:             0B          0B          0B
[Disk]
/dev/md127      5.9T  648G  5.2T  11% /home/ben
  Task dir: 52M

--- 2026-09-04 15:56:06 UTC ---
[GPU]
0, 100 %, 61 %, 55339 MiB, 81559 MiB, 50, 543.99 W
[GPU Processes]
3682, 44064 MiB, python
[CPU]
 15:56:06 up 22 days, 14:59,  0 users,  load average: 8.22, 6.58, 6.40
[Memory]
Mem:           1.8Ti        68Gi       440Gi       1.7Gi       1.3Ti       1.7Ti
Swap:             0B          0B          0B
[Disk]
/dev/md127      5.9T  688G  5.2T  12% /home/ben
  Task dir: 52M

--- 2026-09-04 15:57:06 UTC ---
[GPU]
0, 87 %, 39 %, 55345 MiB, 81559 MiB, 50, 544.83 W
[GPU Processes]
3682, 44070 MiB, python
[CPU]
 15:57:06 up 22 days, 15:00,  0 users,  load average: 8.18, 6.87, 6.52
[Memory]
Mem:           1.8Ti        69Gi       418Gi       1.9Gi       1.3Ti       1.7Ti
Swap:             0B          0B          0B
[Disk]
/dev/md127      5.9T  707G  5.2T  12% /home/ben
  Task dir: 52M

--- 2026-09-04 15:58:06 UTC ---
[GPU]
0, 100 %, 66 %, 55345 MiB, 81559 MiB, 52, 589.73 W
[GPU Processes]
3682, 44070 MiB, python
[CPU]
 15:58:06 up 22 days, 15:01,  0 users,  load average: 8.19, 7.09, 6.61
[Memory]
Mem:           1.8Ti        55Gi       432Gi       1.9Gi       1.3Ti       1.7Ti
Swap:             0B          0B          0B
[Disk]
/dev/md127      5.9T  707G  5.2T  12% /home/ben
  Task dir: 52M

--- 2026-09-04 15:59:06 UTC ---
[GPU]
0, 81 %, 34 %, 55345 MiB, 81559 MiB, 51, 417.33 W
[GPU Processes]
3682, 44070 MiB, python
[CPU]
 15:59:06 up 22 days, 15:02,  0 users,  load average: 7.66, 7.13, 6.66
[Memory]
Mem:           1.8Ti        57Gi       431Gi       1.9Gi       1.3Ti       1.7Ti
Swap:             0B          0B          0B
[Disk]
/dev/md127      5.9T  707G  5.2T  12% /home/ben
  Task dir: 52M

--- 2026-09-04 16:00:06 UTC ---
[GPU]
0, 98 %, 38 %, 55345 MiB, 81559 MiB, 53, 476.10 W
[GPU Processes]
3682, 44070 MiB, python
[CPU]
 16:00:06 up 22 days, 15:03,  0 users,  load average: 7.44, 7.16, 6.70
[Memory]
Mem:           1.8Ti        57Gi       431Gi       1.9Gi       1.3Ti       1.7Ti
Swap:             0B          0B          0B
[Disk]
/dev/md127      5.9T  707G  5.2T  12% /home/ben
  Task dir: 52M

--- 2026-09-04 16:01:06 UTC ---
[GPU]
0, 95 %, 42 %, 55345 MiB, 81559 MiB, 56, 508.89 W
[GPU Processes]
3682, 44070 MiB, python
[CPU]
 16:01:06 up 22 days, 15:04,  0 users,  load average: 7.64, 7.26, 6.77
[Memory]
Mem:           1.8Ti        57Gi       431Gi       1.9Gi       1.3Ti       1.7Ti
Swap:             0B          0B          0B
[Disk]
/dev/md127      5.9T  707G  5.2T  12% /home/ben
  Task dir: 52M

--- 2026-09-04 16:02:06 UTC ---
[GPU]
0, 84 %, 41 %, 55345 MiB, 81559 MiB, 55, 519.01 W
[GPU Processes]
3682, 44070 MiB, python
[CPU]
 16:02:07 up 22 days, 15:05,  0 users,  load average: 7.44, 7.26, 6.80
[Memory]
Mem:           1.8Ti        57Gi       431Gi       1.9Gi       1.3Ti       1.7Ti
Swap:             0B          0B          0B
[Disk]
/dev/md127      5.9T  707G  5.2T  12% /home/ben
  Task dir: 52M

--- 2026-09-04 16:03:07 UTC ---
[GPU]
0, 95 %, 48 %, 55345 MiB, 81559 MiB, 57, 520.81 W
[GPU Processes]
3682, 44070 MiB, python
[CPU]
 16:03:07 up 22 days, 15:06,  0 users,  load average: 7.26, 7.24, 6.83
[Memory]
Mem:           1.8Ti        57Gi       431Gi       1.9Gi       1.3Ti       1.7Ti
Swap:             0B          0B          0B
[Disk]
/dev/md127      5.9T  707G  5.2T  12% /home/ben
  Task dir: 52M

--- 2026-09-04 16:04:07 UTC ---
[GPU]
0, 100 %, 59 %, 55345 MiB, 81559 MiB, 58, 544.20 W
[GPU Processes]
3682, 44070 MiB, python
[CPU]
 16:04:07 up 22 days, 15:07,  0 users,  load average: 6.63, 7.08, 6.80
[Memory]
Mem:           1.8Ti        52Gi       436Gi       1.3Gi       1.3Ti       1.7Ti
Swap:             0B          0B          0B
[Disk]
/dev/md127      5.9T  707G  5.2T  12% /home/ben
  Task dir: 52M

--- 2026-09-04 16:05:07 UTC ---
[GPU]
0, 100 %, 53 %, 55345 MiB, 81559 MiB, 61, 543.03 W
[GPU Processes]
3682, 44070 MiB, python
[CPU]
 16:05:07 up 22 days, 15:08,  0 users,  load average: 7.14, 7.13, 6.83
[Memory]
Mem:           1.8Ti        53Gi       427Gi       1.2Gi       1.3Ti       1.7Ti
Swap:             0B          0B          0B
[Disk]
/dev/md127      5.9T  715G  5.2T  13% /home/ben
  Task dir: 52M

--- 2026-09-04 16:06:07 UTC ---
[GPU]
0, 75 %, 25 %, 55345 MiB, 81559 MiB, 60, 545.76 W
[GPU Processes]
3682, 44070 MiB, python
[CPU]
 16:06:07 up 22 days, 15:09,  0 users,  load average: 5.98, 6.80, 6.74
[Memory]
Mem:           1.8Ti        51Gi       428Gi       1.2Gi       1.3Ti       1.7Ti
Swap:             0B          0B          0B
[Disk]
/dev/md127      5.9T  715G  5.2T  13% /home/ben
  Task dir: 52M

--- 2026-09-04 16:07:07 UTC ---
[GPU]
0, 100 %, 59 %, 55345 MiB, 81559 MiB, 64, 602.59 W
[GPU Processes]
3682, 44070 MiB, python
[CPU]
 16:07:07 up 22 days, 15:10,  0 users,  load average: 5.88, 6.60, 6.67
[Memory]
Mem:           1.8Ti        53Gi       427Gi       1.3Gi       1.3Ti       1.7Ti
Swap:             0B          0B          0B
[Disk]
/dev/md127      5.9T  715G  5.2T  13% /home/ben
  Task dir: 52M

--- 2026-09-04 16:08:07 UTC ---
[GPU]
0, 95 %, 57 %, 55345 MiB, 81559 MiB, 61, 589.27 W
[GPU Processes]
3682, 44070 MiB, python
[CPU]
 16:08:07 up 22 days, 15:11,  0 users,  load average: 6.09, 6.53, 6.64
[Memory]
Mem:           1.8Ti        53Gi       426Gi       1.3Gi       1.3Ti       1.7Ti
Swap:             0B          0B          0B
[Disk]
/dev/md127      5.9T  715G  5.2T  13% /home/ben
  Task dir: 52M

--- 2026-09-04 16:09:07 UTC ---
[GPU]
0, 85 %, 35 %, 55345 MiB, 81559 MiB, 59, 559.04 W
[GPU Processes]
3682, 44070 MiB, python
[CPU]
 16:09:08 up 22 days, 15:12,  0 users,  load average: 6.08, 6.45, 6.60
[Memory]
Mem:           1.8Ti        53Gi       426Gi       1.3Gi       1.3Ti       1.7Ti
Swap:             0B          0B          0B
[Disk]
/dev/md127      5.9T  715G  5.2T  13% /home/ben
  Task dir: 52M

--- 2026-09-04 16:10:08 UTC ---
[GPU]
0, 91 %, 54 %, 55345 MiB, 81559 MiB, 65, 600.92 W
[GPU Processes]
3682, 44070 MiB, python
[CPU]
 16:10:08 up 22 days, 15:13,  0 users,  load average: 6.07, 6.38, 6.57
[Memory]
Mem:           1.8Ti        48Gi       439Gi       631Mi       1.3Ti       1.7Ti
Swap:             0B          0B          0B
[Disk]
/dev/md127      5.9T  712G  5.2T  12% /home/ben
  Task dir: 52M

--- 2026-09-04 16:11:08 UTC ---
[GPU]
0, 95 %, 56 %, 55345 MiB, 81559 MiB, 61, 558.37 W
[GPU Processes]
3682, 44070 MiB, python
[CPU]
 16:11:08 up 22 days, 15:14,  0 users,  load average: 5.74, 6.24, 6.51
[Memory]
Mem:           1.8Ti        48Gi       437Gi       630Mi       1.3Ti       1.7Ti
Swap:             0B          0B          0B
[Disk]
/dev/md127      5.9T  712G  5.2T  12% /home/ben
  Task dir: 52M

--- 2026-09-04 16:12:08 UTC ---
[GPU]
0, 100 %, 67 %, 55345 MiB, 81559 MiB, 64, 610.52 W
[GPU Processes]
3682, 44070 MiB, python
[CPU]
 16:12:08 up 22 days, 15:15,  0 users,  load average: 5.61, 6.09, 6.44
[Memory]
Mem:           1.8Ti        48Gi       436Gi       665Mi       1.3Ti       1.7Ti
Swap:             0B          0B          0B
[Disk]
/dev/md127      5.9T  712G  5.2T  12% /home/ben
  Task dir: 52M

--- 2026-09-04 16:13:08 UTC ---
[GPU]
0, 100 %, 62 %, 55345 MiB, 81559 MiB, 66, 564.80 W
[GPU Processes]
3682, 44070 MiB, python
[CPU]
 16:13:08 up 22 days, 15:16,  0 users,  load average: 5.59, 6.01, 6.39
[Memory]
Mem:           1.8Ti        48Gi       436Gi       694Mi       1.3Ti       1.7Ti
Swap:             0B          0B          0B
[Disk]
/dev/md127      5.9T  712G  5.2T  12% /home/ben
  Task dir: 52M

--- 2026-09-04 16:14:08 UTC ---
[GPU]
0, 100 %, 61 %, 55345 MiB, 81559 MiB, 64, 599.02 W
[GPU Processes]
3682, 44070 MiB, python
[CPU]
 16:14:08 up 22 days, 15:17,  0 users,  load average: 5.31, 5.85, 6.31
[Memory]
Mem:           1.8Ti        48Gi       436Gi       694Mi       1.3Ti       1.7Ti
Swap:             0B          0B          0B
[Disk]
/dev/md127      5.9T  712G  5.2T  12% /home/ben
  Task dir: 52M

--- 2026-09-04 16:15:08 UTC ---
[GPU]
0, 68 %, 24 %, 55345 MiB, 81559 MiB, 59, 413.88 W
[GPU Processes]
3682, 44070 MiB, python
[CPU]
 16:15:08 up 22 days, 15:18,  0 users,  load average: 5.20, 5.73, 6.24
[Memory]
Mem:           1.8Ti        48Gi       436Gi       694Mi       1.3Ti       1.7Ti
Swap:             0B          0B          0B
[Disk]
/dev/md127      5.9T  712G  5.2T  12% /home/ben
  Task dir: 52M

--- 2026-09-04 16:16:09 UTC ---
[GPU]
0, 68 %, 12 %, 55345 MiB, 81559 MiB, 63, 467.17 W
[GPU Processes]
3682, 44070 MiB, python
[CPU]
 16:16:09 up 22 days, 15:19,  0 users,  load average: 5.12, 5.61, 6.16
[Memory]
Mem:           1.8Ti        48Gi       436Gi       694Mi       1.3Ti       1.7Ti
Swap:             0B          0B          0B
[Disk]
/dev/md127      5.9T  712G  5.2T  12% /home/ben
  Task dir: 52M

--- 2026-09-04 16:17:09 UTC ---
[GPU]
0, 95 %, 43 %, 55345 MiB, 81559 MiB, 63, 508.43 W
[GPU Processes]
3682, 44070 MiB, python
[CPU]
 16:17:09 up 22 days, 15:20,  0 users,  load average: 5.88, 5.72, 6.16
[Memory]
Mem:           1.8Ti        50Gi       434Gi       694Mi       1.3Ti       1.7Ti
Swap:             0B          0B          0B
[Disk]
/dev/md127      5.9T  712G  5.2T  12% /home/ben
  Task dir: 52M

--- 2026-09-04 16:18:09 UTC ---
[GPU]
0, 96 %, 45 %, 55345 MiB, 81559 MiB, 64, 532.76 W
[GPU Processes]
3682, 44070 MiB, python
[CPU]
 16:18:09 up 22 days, 15:21,  0 users,  load average: 6.10, 5.83, 6.17
[Memory]
Mem:           1.8Ti        56Gi       439Gi       731Mi       1.3Ti       1.7Ti
Swap:             0B          0B          0B
[Disk]
/dev/md127      5.9T  712G  5.2T  12% /home/ben
  Task dir: 52M

--- 2026-09-04 16:19:09 UTC ---
[GPU]
0, 91 %, 50 %, 55345 MiB, 81559 MiB, 62, 538.30 W
[GPU Processes]
3682, 44070 MiB, python
[CPU]
 16:19:09 up 22 days, 15:22,  0 users,  load average: 6.97, 6.17, 6.27
[Memory]
Mem:           1.8Ti        56Gi       439Gi       732Mi       1.3Ti       1.7Ti
Swap:             0B          0B          0B
[Disk]
/dev/md127      5.9T  712G  5.2T  12% /home/ben
  Task dir: 52M

--- 2026-09-04 16:20:09 UTC ---
[GPU]
0, 96 %, 51 %, 55345 MiB, 81559 MiB, 60, 540.73 W
[GPU Processes]
3682, 44070 MiB, python
[CPU]
 16:20:09 up 22 days, 15:23,  0 users,  load average: 6.84, 6.26, 6.30
[Memory]
Mem:           1.8Ti        56Gi       438Gi       732Mi       1.3Ti       1.7Ti
Swap:             0B          0B          0B
[Disk]
/dev/md127      5.9T  712G  5.2T  12% /home/ben
  Task dir: 52M

--- 2026-09-04 16:21:09 UTC ---
[GPU]
0, 74 %, 11 %, 55345 MiB, 81559 MiB, 59, 543.40 W
[GPU Processes]
3682, 44070 MiB, python
[CPU]
 16:21:09 up 22 days, 15:24,  0 users,  load average: 6.31, 6.21, 6.27
[Memory]
Mem:           1.8Ti        56Gi       439Gi       732Mi       1.3Ti       1.7Ti
Swap:             0B          0B          0B
[Disk]
/dev/md127      5.9T  712G  5.2T  12% /home/ben
  Task dir: 52M

--- 2026-09-04 16:22:09 UTC ---
[GPU]
0, 95 %, 49 %, 55345 MiB, 81559 MiB, 62, 555.23 W
[GPU Processes]
3682, 44070 MiB, python
[CPU]
 16:22:10 up 22 days, 15:25,  0 users,  load average: 6.95, 6.39, 6.33
[Memory]
Mem:           1.8Ti        57Gi       421Gi       732Mi       1.3Ti       1.7Ti
Swap:             0B          0B          0B
[Disk]
/dev/md127      5.9T  720G  5.2T  13% /home/ben
  Task dir: 52M

--- 2026-09-04 16:23:10 UTC ---
[GPU]
0, 92 %, 49 %, 55345 MiB, 81559 MiB, 61, 545.16 W
[GPU Processes]
3682, 44070 MiB, python
[CPU]
 16:23:10 up 22 days, 15:26,  0 users,  load average: 7.35, 6.60, 6.41
[Memory]
Mem:           1.8Ti        61Gi       408Gi       1.1Gi       1.3Ti       1.7Ti
Swap:             0B          0B          0B
[Disk]
/dev/md127      5.9T  728G  5.1T  13% /home/ben
  Task dir: 52M

--- 2026-09-04 16:24:10 UTC ---
[GPU]
0, 96 %, 53 %, 55345 MiB, 81559 MiB, 61, 595.47 W
[GPU Processes]
3682, 44070 MiB, python
[CPU]
 16:24:10 up 22 days, 15:27,  0 users,  load average: 8.13, 6.95, 6.54
[Memory]
Mem:           1.8Ti        63Gi       406Gi       1.3Gi       1.3Ti       1.7Ti
Swap:             0B          0B          0B
[Disk]
/dev/md127      5.9T  728G  5.1T  13% /home/ben
  Task dir: 52M

--- 2026-09-04 16:25:10 UTC ---
[GPU]
0, 100 %, 55 %, 55345 MiB, 81559 MiB, 61, 557.24 W
[GPU Processes]
3682, 44070 MiB, python
[CPU]
 16:25:10 up 22 days, 15:28,  0 users,  load average: 7.62, 7.02, 6.59
[Memory]
Mem:           1.8Ti        62Gi       407Gi       1.3Gi       1.3Ti       1.7Ti
Swap:             0B          0B          0B
[Disk]
/dev/md127      5.9T  728G  5.1T  13% /home/ben
  Task dir: 52M

--- 2026-09-04 16:26:10 UTC ---
[GPU]
0, 100 %, 62 %, 55345 MiB, 81559 MiB, 61, 600.63 W
[GPU Processes]
3682, 44070 MiB, python
[CPU]
 16:26:10 up 22 days, 15:29,  0 users,  load average: 7.98, 7.23, 6.70
[Memory]
Mem:           1.8Ti        65Gi       390Gi       1.7Gi       1.4Ti       1.7Ti
Swap:             0B          0B          0B
[Disk]
/dev/md127      5.9T  741G  5.1T  13% /home/ben
  Task dir: 52M

--- 2026-09-04 16:27:10 UTC ---
[GPU]
0, 83 %, 38 %, 55345 MiB, 81559 MiB, 59, 560.68 W
[GPU Processes]
3682, 44070 MiB, python
[CPU]
 16:27:10 up 22 days, 15:30,  0 users,  load average: 8.09, 7.40, 6.79
[Memory]
Mem:           1.8Ti        63Gi       387Gi       1.3Gi       1.4Ti       1.7Ti
Swap:             0B          0B          0B
[Disk]
/dev/md127      5.9T  750G  5.1T  13% /home/ben
  Task dir: 52M

--- 2026-09-04 16:28:10 UTC ---
[GPU]
0, 95 %, 60 %, 55345 MiB, 81559 MiB, 61, 579.66 W
[GPU Processes]
3682, 44070 MiB, python
[CPU]
 16:28:10 up 22 days, 15:31,  0 users,  load average: 8.34, 7.59, 6.90
[Memory]
Mem:           1.8Ti        66Gi       383Gi       1.9Gi       1.4Ti       1.7Ti
Swap:             0B          0B          0B
[Disk]
/dev/md127      5.9T  750G  5.1T  13% /home/ben
  Task dir: 52M

--- 2026-09-04 16:29:11 UTC ---
[GPU]
0, 100 %, 65 %, 55345 MiB, 81559 MiB, 60, 607.41 W
[GPU Processes]
3682, 44070 MiB, python
[CPU]
 16:29:11 up 22 days, 15:32,  0 users,  load average: 8.21, 7.70, 6.98
[Memory]
Mem:           1.8Ti        66Gi       383Gi       1.9Gi       1.4Ti       1.7Ti
Swap:             0B          0B          0B
[Disk]
/dev/md127      5.9T  750G  5.1T  13% /home/ben
  Task dir: 52M

--- 2026-09-04 16:30:11 UTC ---
[GPU]
0, 81 %, 33 %, 55345 MiB, 81559 MiB, 58, 416.07 W
[GPU Processes]
3682, 44070 MiB, python
[CPU]
 16:30:11 up 22 days, 15:33,  0 users,  load average: 7.76, 7.67, 7.02
[Memory]
Mem:           1.8Ti        64Gi       382Gi       1.3Gi       1.4Ti       1.7Ti
Swap:             0B          0B          0B
[Disk]
/dev/md127      5.9T  778G  5.1T  14% /home/ben
  Task dir: 52M

--- 2026-09-04 16:31:11 UTC ---
[GPU]
0, 78 %, 37 %, 55345 MiB, 81559 MiB, 58, 436.40 W
[GPU Processes]
3682, 44070 MiB, python
[CPU]
 16:31:11 up 22 days, 15:34,  0 users,  load average: 7.29, 7.56, 7.02
[Memory]
Mem:           1.8Ti        64Gi       382Gi       1.3Gi       1.4Ti       1.7Ti
Swap:             0B          0B          0B
[Disk]
/dev/md127      5.9T  778G  5.1T  14% /home/ben
  Task dir: 52M

--- 2026-09-04 16:32:11 UTC ---
[GPU]
0, 81 %, 24 %, 55345 MiB, 81559 MiB, 59, 501.70 W
[GPU Processes]
3682, 44070 MiB, python
[CPU]
 16:32:11 up 22 days, 15:35,  0 users,  load average: 7.90, 7.70, 7.10
[Memory]
Mem:           1.8Ti        66Gi       371Gi       1.4Gi       1.4Ti       1.7Ti
Swap:             0B          0B          0B
[Disk]
/dev/md127      5.9T  786G  5.1T  14% /home/ben
  Task dir: 52M

--- 2026-09-04 16:33:11 UTC ---
[GPU]
0, 96 %, 45 %, 55345 MiB, 81559 MiB, 61, 515.30 W
[GPU Processes]
3682, 44070 MiB, python
[CPU]
 16:33:11 up 22 days, 15:36,  0 users,  load average: 7.97, 7.77, 7.16
[Memory]
Mem:           1.8Ti        66Gi       370Gi       1.9Gi       1.4Ti       1.7Ti
Swap:             0B          0B          0B
[Disk]
/dev/md127      5.9T  786G  5.1T  14% /home/ben
  Task dir: 52M

--- 2026-09-04 16:34:11 UTC ---
[GPU]
0, 95 %, 60 %, 55345 MiB, 81559 MiB, 61, 556.21 W
[GPU Processes]
3682, 44070 MiB, python
[CPU]
 16:34:11 up 22 days, 15:37,  0 users,  load average: 8.11, 7.85, 7.23
[Memory]
Mem:           1.8Ti        67Gi       370Gi       1.9Gi       1.4Ti       1.7Ti
Swap:             0B          0B          0B
[Disk]
/dev/md127      5.9T  786G  5.1T  14% /home/ben
  Task dir: 52M

--- 2026-09-04 16:35:11 UTC ---
[GPU]
0, 100 %, 63 %, 55345 MiB, 81559 MiB, 60, 569.36 W
[GPU Processes]
3682, 44070 MiB, python
[CPU]
 16:35:12 up 22 days, 15:38,  0 users,  load average: 8.02, 7.87, 7.28
[Memory]
Mem:           1.8Ti        66Gi       371Gi       1.4Gi       1.4Ti       1.7Ti
Swap:             0B          0B          0B
[Disk]
/dev/md127      5.9T  786G  5.1T  14% /home/ben
  Task dir: 52M

--- 2026-09-04 16:36:12 UTC ---
[GPU]
0, 100 %, 59 %, 55345 MiB, 81559 MiB, 61, 606.91 W
[GPU Processes]
3682, 44070 MiB, python
[CPU]
 16:36:12 up 22 days, 15:39,  0 users,  load average: 7.85, 7.89, 7.32
[Memory]
Mem:           1.8Ti        67Gi       370Gi       1.9Gi       1.4Ti       1.7Ti
Swap:             0B          0B          0B
[Disk]
/dev/md127      5.9T  786G  5.1T  14% /home/ben
  Task dir: 52M

--- 2026-09-04 16:37:12 UTC ---
[GPU]
0, 100 %, 77 %, 55345 MiB, 81559 MiB, 59, 446.12 W
[GPU Processes]
3682, 44070 MiB, python
[CPU]
 16:37:12 up 22 days, 15:40,  0 users,  load average: 8.73, 8.12, 7.44
[Memory]
Mem:           1.8Ti        67Gi       370Gi       1.9Gi       1.4Ti       1.7Ti
Swap:             0B          0B          0B
[Disk]
/dev/md127      5.9T  786G  5.1T  14% /home/ben
  Task dir: 52M

--- 2026-09-04 16:38:12 UTC ---
[GPU]
0, 92 %, 38 %, 55347 MiB, 81559 MiB, 60, 488.91 W
[GPU Processes]
3682, 44072 MiB, python
[CPU]
 16:38:12 up 22 days, 15:41,  0 users,  load average: 8.60, 8.19, 7.51
[Memory]
Mem:           1.8Ti        69Gi       368Gi       1.9Gi       1.4Ti       1.7Ti
Swap:             0B          0B          0B
[Disk]
/dev/md127      5.9T  786G  5.1T  14% /home/ben
  Task dir: 52M

--- 2026-09-04 16:39:12 UTC ---
[GPU]
0, 88 %, 42 %, 55347 MiB, 81559 MiB, 59, 497.07 W
[GPU Processes]
3682, 44072 MiB, python
[CPU]
 16:39:12 up 22 days, 15:42,  0 users,  load average: 8.47, 8.23, 7.57
[Memory]
Mem:           1.8Ti        69Gi       368Gi       1.9Gi       1.4Ti       1.7Ti
Swap:             0B          0B          0B
[Disk]
/dev/md127      5.9T  786G  5.1T  14% /home/ben
  Task dir: 52M

--- 2026-09-04 16:40:12 UTC ---
[GPU]
0, 95 %, 45 %, 55347 MiB, 81559 MiB, 59, 511.13 W
[GPU Processes]
3682, 44072 MiB, python
[CPU]
 16:40:12 up 22 days, 15:43,  0 users,  load average: 8.22, 8.20, 7.60
[Memory]
Mem:           1.8Ti        69Gi       368Gi       1.9Gi       1.4Ti       1.7Ti
Swap:             0B          0B          0B
[Disk]
/dev/md127      5.9T  786G  5.1T  14% /home/ben
  Task dir: 52M

--- 2026-09-04 16:41:12 UTC ---
[GPU]
0, 100 %, 52 %, 55347 MiB, 81559 MiB, 60, 528.24 W
[GPU Processes]
3682, 44072 MiB, python
[CPU]
 16:41:12 up 22 days, 15:44,  0 users,  load average: 8.07, 8.16, 7.63
[Memory]
Mem:           1.8Ti        65Gi       372Gi       1.4Gi       1.4Ti       1.7Ti
Swap:             0B          0B          0B
[Disk]
/dev/md127      5.9T  786G  5.1T  14% /home/ben
  Task dir: 52M

--- 2026-09-04 16:42:12 UTC ---
[GPU]
0, 88 %, 36 %, 55347 MiB, 81559 MiB, 56, 550.20 W
[GPU Processes]
3682, 44072 MiB, python
[CPU]
 16:42:13 up 22 days, 15:45,  0 users,  load average: 7.70, 8.04, 7.62
[Memory]
Mem:           1.8Ti        65Gi       354Gi       1.4Gi       1.4Ti       1.7Ti
Swap:             0B          0B          0B
[Disk]
/dev/md127      5.9T  831G  5.0T  14% /home/ben
  Task dir: 52M

--- 2026-09-04 16:43:13 UTC ---
[GPU]
0, 100 %, 53 %, 55347 MiB, 81559 MiB, 60, 545.58 W
[GPU Processes]
3682, 44072 MiB, python
[CPU]
 16:43:13 up 22 days, 15:46,  0 users,  load average: 7.34, 7.88, 7.59
[Memory]
Mem:           1.8Ti        62Gi       329Gi       1.3Gi       1.4Ti       1.7Ti
Swap:             0B          0B          0B
[Disk]
/dev/md127      5.9T  859G  5.0T  15% /home/ben
  Task dir: 52M

--- 2026-09-04 16:44:13 UTC ---
[GPU]
0, 75 %, 23 %, 55347 MiB, 81559 MiB, 56, 530.68 W
[GPU Processes]
3682, 44072 MiB, python
[CPU]
 16:44:13 up 22 days, 15:47,  0 users,  load average: 7.06, 7.69, 7.54
[Memory]
Mem:           1.8Ti        62Gi       407Gi       1.3Gi       1.3Ti       1.7Ti
Swap:             0B          0B          0B
[Disk]
/dev/md127      5.9T  783G  5.1T  14% /home/ben
  Task dir: 52M

--- 2026-09-04 16:45:13 UTC ---
[GPU]
0, 95 %, 55 %, 55347 MiB, 81559 MiB, 61, 546.95 W
[GPU Processes]
3682, 44072 MiB, python
[CPU]
 16:45:13 up 22 days, 15:48,  0 users,  load average: 8.06, 7.88, 7.62
[Memory]
Mem:           1.8Ti        64Gi       404Gi       1.7Gi       1.3Ti       1.7Ti
Swap:             0B          0B          0B
[Disk]
/dev/md127      5.9T  783G  5.1T  14% /home/ben
  Task dir: 52M

--- 2026-09-04 16:46:13 UTC ---
[GPU]
0, 100 %, 55 %, 55347 MiB, 81559 MiB, 60, 551.77 W
[GPU Processes]
3682, 44072 MiB, python
[CPU]
 16:46:13 up 22 days, 15:49,  0 users,  load average: 7.57, 7.78, 7.60
[Memory]
Mem:           1.8Ti        61Gi       408Gi       1.3Gi       1.3Ti       1.7Ti
Swap:             0B          0B          0B
[Disk]
/dev/md127      5.9T  805G  5.1T  14% /home/ben
  Task dir: 52M

--- 2026-09-04 16:47:13 UTC ---
[GPU]
0, 85 %, 40 %, 55347 MiB, 81559 MiB, 59, 551.24 W
[GPU Processes]
3682, 44072 MiB, python
[CPU]
 16:47:13 up 22 days, 15:50,  0 users,  load average: 7.65, 7.72, 7.59
[Memory]
Mem:           1.8Ti        62Gi       406Gi       2.0Gi       1.3Ti       1.7Ti
Swap:             0B          0B          0B
[Disk]
/dev/md127      5.9T  805G  5.1T  14% /home/ben
  Task dir: 52M

--- 2026-09-04 16:48:13 UTC ---
[GPU]
0, 90 %, 50 %, 55347 MiB, 81559 MiB, 58, 566.91 W
[GPU Processes]
3682, 44072 MiB, python
[CPU]
 16:48:13 up 22 days, 15:51,  0 users,  load average: 7.75, 7.72, 7.60
[Memory]
Mem:           1.8Ti        65Gi       403Gi       2.0Gi       1.3Ti       1.7Ti
Swap:             0B          0B          0B
[Disk]
/dev/md127      5.9T  805G  5.1T  14% /home/ben
  Task dir: 52M

--- 2026-09-04 16:49:14 UTC ---
[GPU]
0, 100 %, 56 %, 55347 MiB, 81559 MiB, 61, 558.34 W
[GPU Processes]
3682, 44072 MiB, python
[CPU]
 16:49:14 up 22 days, 15:52,  0 users,  load average: 10.11, 8.50, 7.88
[Memory]
Mem:           1.8Ti        67Gi       402Gi       2.0Gi       1.3Ti       1.7Ti
Swap:             0B          0B          0B
[Disk]
/dev/md127      5.9T  805G  5.1T  14% /home/ben
  Task dir: 52M

--- 2026-09-04 16:50:14 UTC ---
[GPU]
0, 100 %, 69 %, 55347 MiB, 81559 MiB, 58, 601.07 W
[GPU Processes]
3682, 44072 MiB, python
[CPU]
 16:50:14 up 22 days, 15:53,  0 users,  load average: 8.86, 8.44, 7.91
[Memory]
Mem:           1.8Ti        67Gi       402Gi       2.0Gi       1.3Ti       1.7Ti
Swap:             0B          0B          0B
[Disk]
/dev/md127      5.9T  805G  5.1T  14% /home/ben
  Task dir: 52M

--- 2026-09-04 16:51:14 UTC ---
[GPU]
0, 100 %, 59 %, 55347 MiB, 81559 MiB, 59, 558.08 W
[GPU Processes]
3682, 44072 MiB, python
[CPU]
 16:51:14 up 22 days, 15:54,  0 users,  load average: 8.36, 8.37, 7.92
[Memory]
Mem:           1.8Ti        67Gi       402Gi       2.0Gi       1.3Ti       1.7Ti
Swap:             0B          0B          0B
[Disk]
/dev/md127      5.9T  805G  5.1T  14% /home/ben
  Task dir: 52M

--- 2026-09-04 16:52:14 UTC ---
[GPU]
0, 71 %, 10 %, 55347 MiB, 81559 MiB, 56, 592.37 W
[GPU Processes]
3682, 44072 MiB, python
[CPU]
 16:52:14 up 22 days, 15:55,  0 users,  load average: 8.26, 8.35, 7.94
[Memory]
Mem:           1.8Ti        67Gi       401Gi       2.0Gi       1.3Ti       1.7Ti
Swap:             0B          0B          0B
[Disk]
/dev/md127      5.9T  805G  5.1T  14% /home/ben
  Task dir: 52M

--- 2026-09-04 16:53:14 UTC ---
[GPU]
0, 77 %, 28 %, 55347 MiB, 81559 MiB, 55, 424.89 W
[GPU Processes]
3682, 44072 MiB, python
[CPU]
 16:53:14 up 22 days, 15:56,  0 users,  load average: 8.47, 8.40, 7.99
[Memory]
Mem:           1.8Ti        67Gi       401Gi       2.0Gi       1.3Ti       1.7Ti
Swap:             0B          0B          0B
[Disk]
/dev/md127      5.9T  805G  5.1T  14% /home/ben
  Task dir: 52M

--- 2026-09-04 16:54:14 UTC ---
[GPU]
0, 94 %, 44 %, 55347 MiB, 81559 MiB, 57, 471.00 W
[GPU Processes]
3682, 44072 MiB, python
[CPU]
 16:54:14 up 22 days, 15:57,  0 users,  load average: 8.49, 8.42, 8.02
[Memory]
Mem:           1.8Ti        68Gi       401Gi       2.0Gi       1.3Ti       1.7Ti
Swap:             0B          0B          0B
[Disk]
/dev/md127      5.9T  832G  5.0T  14% /home/ben
  Task dir: 52M

--- 2026-09-04 16:55:14 UTC ---
[GPU]
0, 95 %, 44 %, 55347 MiB, 81559 MiB, 59, 503.35 W
[GPU Processes]
3682, 44072 MiB, python
[CPU]
 16:55:15 up 22 days, 15:58,  0 users,  load average: 8.33, 8.38, 8.03
[Memory]
Mem:           1.8Ti        68Gi       401Gi       2.0Gi       1.3Ti       1.7Ti
Swap:             0B          0B          0B
[Disk]
/dev/md127      5.9T  832G  5.0T  14% /home/ben
  Task dir: 52M

--- 2026-09-04 16:56:15 UTC ---
[GPU]
0, 95 %, 46 %, 55347 MiB, 81559 MiB, 59, 516.64 W
[GPU Processes]
3682, 44072 MiB, python
[CPU]
 16:56:15 up 22 days, 15:59,  0 users,  load average: 8.22, 8.34, 8.04
[Memory]
Mem:           1.8Ti        66Gi       398Gi       2.0Gi       1.3Ti       1.7Ti
Swap:             0B          0B          0B
[Disk]
/dev/md127      5.9T  833G  5.0T  14% /home/ben
  Task dir: 52M

--- 2026-09-04 16:57:15 UTC ---
[GPU]
0, 95 %, 47 %, 55347 MiB, 81559 MiB, 60, 535.73 W
[GPU Processes]
3682, 44072 MiB, python
[CPU]
 16:57:15 up 22 days, 16:00,  0 users,  load average: 7.96, 8.27, 8.04
[Memory]
Mem:           1.8Ti        57Gi       406Gi       2.0Gi       1.3Ti       1.7Ti
Swap:             0B          0B          0B
[Disk]
/dev/md127      5.9T  840G  5.0T  15% /home/ben
  Task dir: 52M

--- 2026-09-04 16:58:15 UTC ---
[GPU]
0, 83 %, 17 %, 55347 MiB, 81559 MiB, 54, 550.34 W
[GPU Processes]
3682, 44072 MiB, python
[CPU]
 16:58:15 up 22 days, 16:01,  0 users,  load average: 7.45, 8.07, 7.98
[Memory]
Mem:           1.8Ti        57Gi       406Gi       2.0Gi       1.3Ti       1.7Ti
Swap:             0B          0B          0B
[Disk]
/dev/md127      5.9T  840G  5.0T  15% /home/ben
  Task dir: 52M

--- 2026-09-04 16:59:15 UTC ---
[GPU]
0, 100 %, 53 %, 55347 MiB, 81559 MiB, 59, 539.11 W
[GPU Processes]
3682, 44072 MiB, python
[CPU]
 16:59:15 up 22 days, 16:02,  0 users,  load average: 7.29, 7.91, 7.93
[Memory]
Mem:           1.8Ti        57Gi       405Gi       2.0Gi       1.3Ti       1.7Ti
Swap:             0B          0B          0B
[Disk]
/dev/md127      5.9T  840G  5.0T  15% /home/ben
  Task dir: 52M

--- 2026-09-04 17:00:15 UTC ---
[GPU]
0, 64 %, 10 %, 55347 MiB, 81559 MiB, 57, 538.64 W
[GPU Processes]
3682, 44072 MiB, python
[CPU]
 17:00:15 up 22 days, 16:03,  0 users,  load average: 7.14, 7.76, 7.88
[Memory]
Mem:           1.8Ti        57Gi       405Gi       2.0Gi       1.3Ti       1.7Ti
Swap:             0B          0B          0B
[Disk]
/dev/md127      5.9T  840G  5.0T  15% /home/ben
  Task dir: 52M

--- 2026-09-04 17:01:15 UTC ---
[GPU]
0, 99 %, 55 %, 55347 MiB, 81559 MiB, 59, 540.55 W
[GPU Processes]
3682, 44072 MiB, python
[CPU]
 17:01:16 up 22 days, 16:04,  0 users,  load average: 7.15, 7.65, 7.83
[Memory]
Mem:           1.8Ti        57Gi       405Gi       2.0Gi       1.3Ti       1.7Ti
Swap:             0B          0B          0B
[Disk]
/dev/md127      5.9T  840G  5.0T  15% /home/ben
  Task dir: 52M

--- 2026-09-04 17:02:16 UTC ---
[GPU]
0, 91 %, 49 %, 55347 MiB, 81559 MiB, 60, 591.23 W
[GPU Processes]
3682, 44072 MiB, python
[CPU]
 17:02:16 up 22 days, 16:05,  0 users,  load average: 7.16, 7.57, 7.79
[Memory]
Mem:           1.8Ti        57Gi       405Gi       2.0Gi       1.3Ti       1.7Ti
Swap:             0B          0B          0B
[Disk]
/dev/md127      5.9T  840G  5.0T  15% /home/ben
  Task dir: 52M

--- 2026-09-04 17:03:16 UTC ---
[GPU]
0, 76 %, 28 %, 55347 MiB, 81559 MiB, 58, 553.54 W
[GPU Processes]
3682, 44072 MiB, python
[CPU]
 17:03:16 up 22 days, 16:06,  0 users,  load average: 7.24, 7.51, 7.76
[Memory]
Mem:           1.8Ti        58Gi       405Gi       2.0Gi       1.3Ti       1.7Ti
Swap:             0B          0B          0B
[Disk]
/dev/md127      5.9T  840G  5.0T  15% /home/ben
  Task dir: 52M

--- 2026-09-04 17:04:16 UTC ---
[GPU]
0, 83 %, 15 %, 55347 MiB, 81559 MiB, 56, 572.44 W
[GPU Processes]
3682, 44072 MiB, python
[CPU]
 17:04:16 up 22 days, 16:07,  0 users,  load average: 7.21, 7.45, 7.72
[Memory]
Mem:           1.8Ti        58Gi       405Gi       2.0Gi       1.3Ti       1.7Ti
Swap:             0B          0B          0B
[Disk]
/dev/md127      5.9T  840G  5.0T  15% /home/ben
  Task dir: 52M

--- 2026-09-04 17:05:16 UTC ---
[GPU]
0, 100 %, 62 %, 55347 MiB, 81559 MiB, 56, 610.28 W
[GPU Processes]
3682, 44072 MiB, python
[CPU]
 17:05:16 up 22 days, 16:08,  0 users,  load average: 7.23, 7.41, 7.69
[Memory]
Mem:           1.8Ti        58Gi       405Gi       2.0Gi       1.3Ti       1.7Ti
Swap:             0B          0B          0B
[Disk]
/dev/md127      5.9T  840G  5.0T  15% /home/ben
  Task dir: 52M

--- 2026-09-04 17:06:16 UTC ---
[GPU]
0, 100 %, 66 %, 55347 MiB, 81559 MiB, 59, 608.62 W
[GPU Processes]
3682, 44072 MiB, python
[CPU]
 17:06:16 up 22 days, 16:09,  0 users,  load average: 7.98, 7.61, 7.74
[Memory]
Mem:           1.8Ti        59Gi       406Gi       2.3Gi       1.3Ti       1.7Ti
Swap:             0B          0B          0B
[Disk]
/dev/md127      5.9T  871G  5.0T  15% /home/ben
  Task dir: 52M

--- 2026-09-04 17:07:16 UTC ---
[GPU]
0, 71 %, 27 %, 55347 MiB, 81559 MiB, 55, 401.10 W
[GPU Processes]
3682, 44072 MiB, python
[CPU]
 17:07:16 up 22 days, 16:10,  0 users,  load average: 7.38, 7.51, 7.70
[Memory]
Mem:           1.8Ti        61Gi       404Gi       2.5Gi       1.3Ti       1.7Ti
Swap:             0B          0B          0B
[Disk]
/dev/md127      5.9T  871G  5.0T  15% /home/ben
  Task dir: 52M

--- 2026-09-04 17:08:17 UTC ---
[GPU]
0, 86 %, 36 %, 55347 MiB, 81559 MiB, 56, 445.60 W
[GPU Processes]
3682, 44072 MiB, python
[CPU]
 17:08:17 up 22 days, 16:11,  0 users,  load average: 7.54, 7.54, 7.70
[Memory]
Mem:           1.8Ti        59Gi       398Gi       2.3Gi       1.4Ti       1.7Ti
Swap:             0B          0B          0B
[Disk]
/dev/md127      5.9T  871G  5.0T  15% /home/ben
  Task dir: 52M

--- 2026-09-04 17:09:17 UTC ---
[GPU]
0, 79 %, 29 %, 55347 MiB, 81559 MiB, 59, 466.57 W
[GPU Processes]
3682, 44072 MiB, python
[CPU]
 17:09:17 up 22 days, 16:12,  0 users,  load average: 7.53, 7.53, 7.68
[Memory]
Mem:           1.8Ti        63Gi       380Gi       2.5Gi       1.4Ti       1.7Ti
Swap:             0B          0B          0B
[Disk]
/dev/md127      5.9T  884G  5.0T  15% /home/ben
  Task dir: 52M

--- 2026-09-04 17:10:17 UTC ---
[GPU]
0, 89 %, 43 %, 55347 MiB, 81559 MiB, 62, 528.18 W
[GPU Processes]
3682, 44072 MiB, python
[CPU]
 17:10:17 up 22 days, 16:13,  0 users,  load average: 7.66, 7.56, 7.68
[Memory]
Mem:           1.8Ti        61Gi       379Gi       2.9Gi       1.4Ti       1.7Ti
Swap:             0B          0B          0B
[Disk]
/dev/md127      5.9T  887G  5.0T  15% /home/ben
  Task dir: 52M

--- 2026-09-04 17:11:17 UTC ---
[GPU]
0, 90 %, 40 %, 55347 MiB, 81559 MiB, 62, 528.34 W
[GPU Processes]
3682, 44072 MiB, python
[CPU]
 17:11:17 up 22 days, 16:14,  0 users,  load average: 7.84, 7.65, 7.71
[Memory]
Mem:           1.8Ti        61Gi       379Gi       2.9Gi       1.4Ti       1.7Ti
Swap:             0B          0B          0B
[Disk]
/dev/md127      5.9T  887G  5.0T  15% /home/ben
  Task dir: 52M

--- 2026-09-04 17:12:17 UTC ---
[GPU]
0, 3 %, 0 %, 55347 MiB, 81559 MiB, 48, 128.20 W
[GPU Processes]
3682, 44072 MiB, python
[CPU]
 17:12:17 up 22 days, 16:15,  0 users,  load average: 7.48, 7.58, 7.68
[Memory]
Mem:           1.8Ti        63Gi       371Gi       3.1Gi       1.4Ti       1.7Ti
Swap:             0B          0B          0B
[Disk]
/dev/md127      5.9T  892G  5.0T  15% /home/ben
  Task dir: 4.8G

--- 2026-09-04 17:13:17 UTC ---
[GPU]
0, 0 %, 0 %, 0 MiB, 81559 MiB, 39, 70.21 W
[GPU Processes]
[CPU]
 17:13:17 up 22 days, 16:16,  0 users,  load average: 6.34, 7.28, 7.57
[Memory]
Mem:           1.8Ti        50Gi       382Gi       1.8Gi       1.4Ti       1.7Ti
Swap:             0B          0B          0B
[Disk]
/dev/md127      5.9T  895G  5.0T  16% /home/ben
  Task dir: 8.1G

--- 2026-09-04 17:14:17 UTC ---
[GPU]
0, 0 %, 0 %, 15209 MiB, 81559 MiB, 39, 118.87 W
[GPU Processes]
5120, 15200 MiB, VLLM::EngineCore
[CPU]
 17:14:18 up 22 days, 16:17,  0 users,  load average: 5.88, 6.94, 7.44
[Memory]
Mem:           1.8Ti        51Gi       373Gi       2.2Gi       1.4Ti       1.7Ti
Swap:             0B          0B          0B
[Disk]
/dev/md127      5.9T  903G  5.0T  16% /home/ben
  Task dir: 8.1G

--- 2026-09-04 17:15:18 UTC ---
[GPU]
0, 0 %, 0 %, 0 MiB, 81559 MiB, 36, 122.18 W
[GPU Processes]
[CPU]
 17:15:18 up 22 days, 16:18,  0 users,  load average: 5.95, 6.76, 7.34
[Memory]
Mem:           1.8Ti        46Gi       378Gi       1.6Gi       1.4Ti       1.7Ti
Swap:             0B          0B          0B
[Disk]
/dev/md127      5.9T  903G  5.0T  16% /home/ben
  Task dir: 8.1G

--- 2026-09-04 17:16:18 UTC ---
[GPU]
0, 0 %, 0 %, 0 MiB, 81559 MiB, 31, 67.81 W
[GPU Processes]
[CPU]
 17:16:18 up 22 days, 16:19,  0 users,  load average: 5.15, 6.40, 7.18
[Memory]
Mem:           1.8Ti        47Gi       369Gi       1.8Gi       1.4Ti       1.7Ti
Swap:             0B          0B          0B
[Disk]
/dev/md127      5.9T  911G  5.0T  16% /home/ben
  Task dir: 17G

--- 2026-09-04 17:17:18 UTC ---
[GPU]
0, 0 %, 0 %, 0 MiB, 81559 MiB, 31, 67.69 W
[GPU Processes]
[CPU]
 17:17:18 up 22 days, 16:20,  0 users,  load average: 6.17, 6.48, 7.15
[Memory]
Mem:           1.8Ti        53Gi       363Gi       2.2Gi       1.4Ti       1.7Ti
Swap:             0B          0B          0B
[Disk]
/dev/md127      5.9T  911G  5.0T  16% /home/ben
  Task dir: 17G

--- 2026-09-04 17:18:18 UTC ---
[GPU]
0, 0 %, 0 %, 4 MiB, 81559 MiB, 30, 67.64 W
[GPU Processes]
[CPU]
 17:18:18 up 22 days, 16:21,  0 users,  load average: 5.80, 6.30, 7.05
[Memory]
Mem:           1.8Ti        50Gi       357Gi       1.9Gi       1.4Ti       1.7Ti
Swap:             0B          0B          0B
[Disk]
/dev/md127      5.9T  920G  5.0T  16% /home/ben
  Task dir: 17G

--- 2026-09-04 17:19:18 UTC ---
[GPU]
0, 90 %, 55 %, 55255 MiB, 81559 MiB, 49, 568.83 W
[GPU Processes]
5933, 43980 MiB, python
[CPU]
 17:19:18 up 22 days, 16:22,  0 users,  load average: 5.01, 6.00, 6.90
[Memory]
Mem:           1.8Ti        48Gi       360Gi       1.3Gi       1.4Ti       1.7Ti
Swap:             0B          0B          0B
[Disk]
/dev/md127      5.9T  920G  5.0T  16% /home/ben
  Task dir: 17G

--- 2026-09-04 17:20:18 UTC ---
[GPU]
0, 95 %, 51 %, 55257 MiB, 81559 MiB, 51, 527.53 W
[GPU Processes]
5933, 43982 MiB, python
[CPU]
 17:20:18 up 22 days, 16:23,  0 users,  load average: 4.80, 5.74, 6.75
[Memory]
Mem:           1.8Ti        49Gi       358Gi       1.3Gi       1.4Ti       1.7Ti
Swap:             0B          0B          0B
[Disk]
/dev/md127      5.9T  920G  5.0T  16% /home/ben
  Task dir: 17G

--- 2026-09-04 17:21:18 UTC ---
[GPU]
0, 81 %, 16 %, 55259 MiB, 81559 MiB, 50, 544.92 W
[GPU Processes]
5933, 43984 MiB, python
[CPU]
 17:21:19 up 22 days, 16:24,  0 users,  load average: 5.04, 5.63, 6.65
[Memory]
Mem:           1.8Ti        51Gi       356Gi       1.3Gi       1.4Ti       1.7Ti
Swap:             0B          0B          0B
[Disk]
/dev/md127      5.9T  920G  5.0T  16% /home/ben
  Task dir: 17G

--- 2026-09-04 17:22:19 UTC ---
[GPU]
0, 100 %, 59 %, 55259 MiB, 81559 MiB, 58, 550.05 W
[GPU Processes]
5933, 43984 MiB, python
[CPU]
 17:22:19 up 22 days, 16:25,  0 users,  load average: 5.28, 5.58, 6.56
[Memory]
Mem:           1.8Ti        52Gi       355Gi       1.3Gi       1.4Ti       1.7Ti
Swap:             0B          0B          0B
[Disk]
/dev/md127      5.9T  920G  5.0T  16% /home/ben
  Task dir: 17G

--- 2026-09-04 17:23:19 UTC ---
[GPU]
0, 100 %, 66 %, 55259 MiB, 81559 MiB, 58, 561.32 W
[GPU Processes]
5933, 43984 MiB, python
[CPU]
 17:23:19 up 22 days, 16:26,  0 users,  load average: 5.48, 5.57, 6.49
[Memory]
Mem:           1.8Ti        51Gi       356Gi       1.3Gi       1.4Ti       1.7Ti
Swap:             0B          0B          0B
[Disk]
/dev/md127      5.9T  920G  5.0T  16% /home/ben
  Task dir: 17G

--- 2026-09-04 17:24:19 UTC ---
[GPU]
0, 95 %, 57 %, 55259 MiB, 81559 MiB, 58, 588.63 W
[GPU Processes]
5933, 43984 MiB, python
[CPU]
 17:24:19 up 22 days, 16:27,  0 users,  load average: 5.69, 5.60, 6.45
[Memory]
Mem:           1.8Ti        52Gi       355Gi       1.3Gi       1.4Ti       1.7Ti
Swap:             0B          0B          0B
[Disk]
/dev/md127      5.9T  920G  5.0T  16% /home/ben
  Task dir: 17G

--- 2026-09-04 17:25:19 UTC ---
[GPU]
0, 100 %, 58 %, 55259 MiB, 81559 MiB, 58, 552.08 W
[GPU Processes]
5933, 43984 MiB, python
[CPU]
 17:25:19 up 22 days, 16:28,  0 users,  load average: 7.10, 5.97, 6.52
[Memory]
Mem:           1.8Ti        51Gi       357Gi       1.3Gi       1.4Ti       1.7Ti
Swap:             0B          0B          0B
[Disk]
/dev/md127      5.9T  920G  5.0T  16% /home/ben
  Task dir: 17G

--- 2026-09-04 17:26:19 UTC ---
[GPU]
0, 100 %, 58 %, 55259 MiB, 81559 MiB, 58, 595.49 W
[GPU Processes]
5933, 43984 MiB, python
[CPU]
 17:26:19 up 22 days, 16:29,  0 users,  load average: 5.85, 5.82, 6.43
[Memory]
Mem:           1.8Ti        51Gi       356Gi       1.3Gi       1.4Ti       1.7Ti
Swap:             0B          0B          0B
[Disk]
/dev/md127      5.9T  920G  5.0T  16% /home/ben
  Task dir: 17G

--- 2026-09-04 17:27:19 UTC ---
[GPU]
0, 100 %, 69 %, 55259 MiB, 81559 MiB, 58, 563.80 W
[GPU Processes]
5933, 43984 MiB, python
[CPU]
 17:27:20 up 22 days, 16:30,  0 users,  load average: 5.58, 5.76, 6.37
[Memory]
Mem:           1.8Ti        51Gi       356Gi       1.3Gi       1.4Ti       1.7Ti
Swap:             0B          0B          0B
[Disk]
/dev/md127      5.9T  920G  5.0T  16% /home/ben
  Task dir: 17G

--- 2026-09-04 17:28:20 UTC ---
[GPU]
0, 100 %, 64 %, 55259 MiB, 81559 MiB, 58, 562.06 W
[GPU Processes]
5933, 43984 MiB, python
[CPU]
 17:28:20 up 22 days, 16:31,  0 users,  load average: 6.24, 5.90, 6.37
[Memory]
Mem:           1.8Ti        51Gi       352Gi       1.3Gi       1.4Ti       1.7Ti
Swap:             0B          0B          0B
[Disk]
/dev/md127      5.9T  920G  5.0T  16% /home/ben
  Task dir: 17G

--- 2026-09-04 17:29:20 UTC ---
[GPU]
0, 90 %, 56 %, 55259 MiB, 81559 MiB, 58, 555.62 W
[GPU Processes]
5933, 43984 MiB, python
[CPU]
 17:29:20 up 22 days, 16:32,  0 users,  load average: 5.70, 5.80, 6.31
[Memory]
Mem:           1.8Ti        53Gi       351Gi       1.3Gi       1.4Ti       1.7Ti
Swap:             0B          0B          0B
[Disk]
/dev/md127      5.9T  920G  5.0T  16% /home/ben
  Task dir: 17G

--- 2026-09-04 17:30:20 UTC ---
[GPU]
0, 100 %, 59 %, 55259 MiB, 81559 MiB, 57, 600.65 W
[GPU Processes]
5933, 43984 MiB, python
[CPU]
 17:30:20 up 22 days, 16:33,  0 users,  load average: 6.07, 5.90, 6.31
[Memory]
Mem:           1.8Ti        55Gi       351Gi       1.7Gi       1.4Ti       1.7Ti
Swap:             0B          0B          0B
[Disk]
/dev/md127      5.9T  920G  5.0T  16% /home/ben
  Task dir: 17G

--- 2026-09-04 17:31:20 UTC ---
[GPU]
0, 100 %, 63 %, 55259 MiB, 81559 MiB, 57, 589.53 W
[GPU Processes]
5933, 43984 MiB, python
[CPU]
 17:31:20 up 22 days, 16:34,  0 users,  load average: 6.10, 5.95, 6.29
[Memory]
Mem:           1.8Ti        51Gi       356Gi       1.3Gi       1.4Ti       1.7Ti
Swap:             0B          0B          0B
[Disk]
/dev/md127      5.9T  920G  5.0T  16% /home/ben
  Task dir: 17G

--- 2026-09-04 17:32:20 UTC ---
[GPU]
0, 72 %, 20 %, 55259 MiB, 81559 MiB, 53, 399.64 W
[GPU Processes]
5933, 43984 MiB, python
[CPU]
 17:32:20 up 22 days, 16:35,  0 users,  load average: 6.15, 6.00, 6.29
[Memory]
Mem:           1.8Ti        52Gi       356Gi       1.3Gi       1.4Ti       1.7Ti
Swap:             0B          0B          0B
[Disk]
/dev/md127      5.9T  920G  5.0T  16% /home/ben
  Task dir: 17G

--- 2026-09-04 17:33:20 UTC ---
[GPU]
0, 76 %, 29 %, 55259 MiB, 81559 MiB, 53, 432.62 W
[GPU Processes]
5933, 43984 MiB, python
[CPU]
 17:33:20 up 22 days, 16:36,  0 users,  load average: 5.61, 5.86, 6.22
[Memory]
Mem:           1.8Ti        52Gi       355Gi       1.3Gi       1.4Ti       1.7Ti
Swap:             0B          0B          0B
[Disk]
/dev/md127      5.9T  920G  5.0T  16% /home/ben
  Task dir: 17G

--- 2026-09-04 17:34:21 UTC ---
[GPU]
0, 90 %, 38 %, 55259 MiB, 81559 MiB, 55, 463.25 W
[GPU Processes]
5933, 43984 MiB, python
[CPU]
 17:34:21 up 22 days, 16:37,  0 users,  load average: 5.91, 5.92, 6.21
[Memory]
Mem:           1.8Ti        53Gi       355Gi       1.3Gi       1.4Ti       1.7Ti
Swap:             0B          0B          0B
[Disk]
/dev/md127      5.9T  920G  5.0T  16% /home/ben
  Task dir: 17G

--- 2026-09-04 17:35:21 UTC ---
[GPU]
0, 75 %, 23 %, 55259 MiB, 81559 MiB, 53, 443.70 W
[GPU Processes]
5933, 43984 MiB, python
[CPU]
 17:35:21 up 22 days, 16:38,  0 users,  load average: 6.77, 6.15, 6.28
[Memory]
Mem:           1.8Ti        53Gi       414Gi       1.2Gi       1.3Ti       1.7Ti
Swap:             0B          0B          0B
[Disk]
/dev/md127      5.9T  747G  5.1T  13% /home/ben
  Task dir: 17G

--- 2026-09-04 17:36:21 UTC ---
[GPU]
0, 91 %, 39 %, 55259 MiB, 81559 MiB, 56, 479.16 W
[GPU Processes]
5933, 43984 MiB, python
[CPU]
 17:36:21 up 22 days, 16:39,  0 users,  load average: 6.47, 6.19, 6.28
[Memory]
Mem:           1.8Ti        53Gi       465Gi       1.2Gi       1.3Ti       1.7Ti
Swap:             0B          0B          0B
[Disk]
/dev/md127      5.9T  512G  5.4T   9% /home/ben
  Task dir: 17G

--- 2026-09-04 17:37:21 UTC ---
[GPU]
0, 83 %, 31 %, 55259 MiB, 81559 MiB, 56, 489.17 W
[GPU Processes]
5933, 43984 MiB, python
[CPU]
 17:37:21 up 22 days, 16:40,  0 users,  load average: 6.06, 6.13, 6.25
[Memory]
Mem:           1.8Ti        47Gi       472Gi       575Mi       1.3Ti       1.7Ti
Swap:             0B          0B          0B
[Disk]
/dev/md127      5.9T  512G  5.4T   9% /home/ben
  Task dir: 17G

--- 2026-09-04 17:38:21 UTC ---
[GPU]
0, 95 %, 44 %, 55259 MiB, 81559 MiB, 57, 491.79 W
[GPU Processes]
5933, 43984 MiB, python
[CPU]
 17:38:21 up 22 days, 16:41,  0 users,  load average: 6.55, 6.22, 6.27
[Memory]
Mem:           1.8Ti        48Gi       469Gi       597Mi       1.3Ti       1.7Ti
Swap:             0B          0B          0B
[Disk]
/dev/md127      5.9T  513G  5.4T   9% /home/ben
  Task dir: 17G

--- 2026-09-04 17:39:21 UTC ---
[GPU]
0, 90 %, 46 %, 55259 MiB, 81559 MiB, 57, 520.50 W
[GPU Processes]
5933, 43984 MiB, python
[CPU]
 17:39:21 up 22 days, 16:42,  0 users,  load average: 6.27, 6.20, 6.26
[Memory]
Mem:           1.8Ti        48Gi       469Gi       600Mi       1.3Ti       1.7Ti
Swap:             0B          0B          0B
[Disk]
/dev/md127      5.9T  513G  5.4T   9% /home/ben
  Task dir: 17G

--- 2026-09-04 17:40:21 UTC ---
[GPU]
0, 94 %, 44 %, 55259 MiB, 81559 MiB, 57, 508.17 W
[GPU Processes]
5933, 43984 MiB, python
[CPU]
 17:40:22 up 22 days, 16:43,  0 users,  load average: 6.40, 6.24, 6.27
[Memory]
Mem:           1.8Ti        49Gi       469Gi       601Mi       1.3Ti       1.7Ti
Swap:             0B          0B          0B
[Disk]
/dev/md127      5.9T  513G  5.4T   9% /home/ben
  Task dir: 17G

--- 2026-09-04 17:41:22 UTC ---
[GPU]
0, 90 %, 46 %, 55259 MiB, 81559 MiB, 55, 526.13 W
[GPU Processes]
5933, 43984 MiB, python
[CPU]
 17:41:22 up 22 days, 16:44,  0 users,  load average: 6.22, 6.23, 6.27
[Memory]
Mem:           1.8Ti        49Gi       469Gi       602Mi       1.3Ti       1.7Ti
Swap:             0B          0B          0B
[Disk]
/dev/md127      5.9T  513G  5.4T   9% /home/ben
  Task dir: 17G

--- 2026-09-04 17:42:22 UTC ---
[GPU]
0, 95 %, 47 %, 55259 MiB, 81559 MiB, 58, 529.84 W
[GPU Processes]
5933, 43984 MiB, python
[CPU]
 17:42:22 up 22 days, 16:45,  0 users,  load average: 6.24, 6.23, 6.26
[Memory]
Mem:           1.8Ti        49Gi       469Gi       603Mi       1.3Ti       1.7Ti
Swap:             0B          0B          0B
[Disk]
/dev/md127      5.9T  513G  5.4T   9% /home/ben
  Task dir: 17G

--- 2026-09-04 17:43:22 UTC ---
[GPU]
0, 82 %, 40 %, 55259 MiB, 81559 MiB, 55, 564.61 W
[GPU Processes]
5933, 43984 MiB, python
[CPU]
 17:43:22 up 22 days, 16:46,  0 users,  load average: 7.50, 6.61, 6.40
[Memory]
Mem:           1.8Ti        54Gi       461Gi       795Mi       1.3Ti       1.7Ti
Swap:             0B          0B          0B
[Disk]
/dev/md127      5.9T  513G  5.4T   9% /home/ben
  Task dir: 17G

--- 2026-09-04 17:44:22 UTC ---
[GPU]
0, 99 %, 51 %, 55259 MiB, 81559 MiB, 58, 523.72 W
[GPU Processes]
5933, 43984 MiB, python
[CPU]
 17:44:22 up 22 days, 16:47,  0 users,  load average: 8.02, 6.91, 6.52
[Memory]
Mem:           1.8Ti        54Gi       460Gi       1.0Gi       1.3Ti       1.7Ti
Swap:             0B          0B          0B
[Disk]
/dev/md127      5.9T  513G  5.4T   9% /home/ben
  Task dir: 17G

--- 2026-09-04 17:45:22 UTC ---
[GPU]
0, 98 %, 52 %, 55259 MiB, 81559 MiB, 58, 539.77 W
[GPU Processes]
5933, 43984 MiB, python
[CPU]
 17:45:22 up 22 days, 16:48,  0 users,  load average: 8.39, 7.21, 6.64
[Memory]
Mem:           1.8Ti        56Gi       458Gi       1.3Gi       1.3Ti       1.7Ti
Swap:             0B          0B          0B
[Disk]
/dev/md127      5.9T  513G  5.4T   9% /home/ben
  Task dir: 17G

--- 2026-09-04 17:46:22 UTC ---
[GPU]
0, 86 %, 39 %, 55259 MiB, 81559 MiB, 58, 534.45 W
[GPU Processes]
5933, 43984 MiB, python
[CPU]
 17:46:22 up 22 days, 16:49,  0 users,  load average: 7.86, 7.30, 6.71
[Memory]
Mem:           1.8Ti        54Gi       460Gi       1.2Gi       1.3Ti       1.7Ti
Swap:             0B          0B          0B
[Disk]
/dev/md127      5.9T  513G  5.4T   9% /home/ben
  Task dir: 17G

--- 2026-09-04 17:47:23 UTC ---
[GPU]
0, 95 %, 54 %, 55259 MiB, 81559 MiB, 58, 554.47 W
[GPU Processes]
5933, 43984 MiB, python
[CPU]
 17:47:23 up 22 days, 16:50,  0 users,  load average: 7.48, 7.30, 6.76
[Memory]
Mem:           1.8Ti        54Gi       460Gi       1.2Gi       1.3Ti       1.7Ti
Swap:             0B          0B          0B
[Disk]
/dev/md127      5.9T  513G  5.4T   9% /home/ben
  Task dir: 17G

--- 2026-09-04 17:48:23 UTC ---
[GPU]
0, 100 %, 61 %, 55259 MiB, 81559 MiB, 57, 548.96 W
[GPU Processes]
5933, 43984 MiB, python
[CPU]
 17:48:23 up 22 days, 16:51,  0 users,  load average: 7.22, 7.26, 6.78
[Memory]
Mem:           1.8Ti        54Gi       460Gi       1.2Gi       1.3Ti       1.7Ti
Swap:             0B          0B          0B
[Disk]
/dev/md127      5.9T  513G  5.4T   9% /home/ben
  Task dir: 17G

--- 2026-09-04 17:49:23 UTC ---
[GPU]
0, 100 %, 58 %, 55259 MiB, 81559 MiB, 58, 546.62 W
[GPU Processes]
5933, 43984 MiB, python
[CPU]
 17:49:23 up 22 days, 16:52,  0 users,  load average: 7.21, 7.26, 6.81
[Memory]
Mem:           1.8Ti        54Gi       460Gi       1.2Gi       1.3Ti       1.7Ti
Swap:             0B          0B          0B
[Disk]
/dev/md127      5.9T  513G  5.4T   9% /home/ben
  Task dir: 17G

--- 2026-09-04 17:50:23 UTC ---
[GPU]
0, 100 %, 60 %, 55259 MiB, 81559 MiB, 57, 548.43 W
[GPU Processes]
5933, 43984 MiB, python
[CPU]
 17:50:23 up 22 days, 16:53,  0 users,  load average: 7.18, 7.24, 6.84
[Memory]
Mem:           1.8Ti        54Gi       460Gi       1.2Gi       1.3Ti       1.7Ti
Swap:             0B          0B          0B
[Disk]
/dev/md127      5.9T  513G  5.4T   9% /home/ben
  Task dir: 17G

--- 2026-09-04 17:51:23 UTC ---
[GPU]
0, 79 %, 23 %, 55259 MiB, 81559 MiB, 58, 550.81 W
[GPU Processes]
5933, 43984 MiB, python
[CPU]
 17:51:23 up 22 days, 16:54,  0 users,  load average: 7.77, 7.38, 6.91
[Memory]
Mem:           1.8Ti        59Gi       458Gi       1.3Gi       1.3Ti       1.7Ti
Swap:             0B          0B          0B
[Disk]
/dev/md127      5.9T  518G  5.4T   9% /home/ben
  Task dir: 17G

--- 2026-09-04 17:52:23 UTC ---
[GPU]
0, 100 %, 57 %, 55259 MiB, 81559 MiB, 58, 592.50 W
[GPU Processes]
5933, 43984 MiB, python
[CPU]
 17:52:23 up 22 days, 16:55,  0 users,  load average: 7.62, 7.43, 6.96
[Memory]
Mem:           1.8Ti        55Gi       493Gi       1.2Gi       1.3Ti       1.7Ti
Swap:             0B          0B          0B
[Disk]
/dev/md127      5.9T  513G  5.4T   9% /home/ben
  Task dir: 17G

--- 2026-09-04 17:53:23 UTC ---
[GPU]
0, 100 %, 63 %, 55259 MiB, 81559 MiB, 59, 559.64 W
[GPU Processes]
5933, 43984 MiB, python
[CPU]
 17:53:24 up 22 days, 16:56,  0 users,  load average: 7.96, 7.55, 7.03
[Memory]
Mem:           1.8Ti        57Gi       492Gi       1.2Gi       1.3Ti       1.7Ti
Swap:             0B          0B          0B
[Disk]
/dev/md127      5.9T  513G  5.4T   9% /home/ben
  Task dir: 17G

--- 2026-09-04 17:54:24 UTC ---
[GPU]
0, 99 %, 69 %, 55259 MiB, 81559 MiB, 58, 563.66 W
[GPU Processes]
5933, 43984 MiB, python
[CPU]
 17:54:24 up 22 days, 16:57,  0 users,  load average: 8.05, 7.65, 7.10
[Memory]
Mem:           1.8Ti        57Gi       492Gi       1.3Gi       1.3Ti       1.7Ti
Swap:             0B          0B          0B
[Disk]
/dev/md127      5.9T  513G  5.4T   9% /home/ben
  Task dir: 17G

--- 2026-09-04 17:55:24 UTC ---
[GPU]
0, 100 %, 62 %, 55259 MiB, 81559 MiB, 59, 555.59 W
[GPU Processes]
5933, 43984 MiB, python
[CPU]
 17:55:24 up 22 days, 16:58,  0 users,  load average: 8.27, 7.81, 7.19
[Memory]
Mem:           1.8Ti        56Gi       492Gi       1.3Gi       1.3Ti       1.7Ti
Swap:             0B          0B          0B
[Disk]
/dev/md127      5.9T  513G  5.4T   9% /home/ben
  Task dir: 17G

--- 2026-09-04 17:56:24 UTC ---
[GPU]
0, 100 %, 64 %, 55259 MiB, 81559 MiB, 59, 558.11 W
[GPU Processes]
5933, 43984 MiB, python
[CPU]
 17:56:24 up 22 days, 16:59,  0 users,  load average: 8.26, 7.89, 7.26
[Memory]
Mem:           1.8Ti        57Gi       472Gi       1.3Gi       1.3Ti       1.7Ti
Swap:             0B          0B          0B
[Disk]
/dev/md127      5.9T  533G  5.3T   9% /home/ben
  Task dir: 17G

--- 2026-09-04 17:57:24 UTC ---
[GPU]
0, 95 %, 59 %, 55259 MiB, 81559 MiB, 58, 607.70 W
[GPU Processes]
5933, 43984 MiB, python
[CPU]
 17:57:24 up 22 days, 17:00,  0 users,  load average: 8.20, 7.94, 7.32
[Memory]
Mem:           1.8Ti        51Gi       480Gi       625Mi       1.3Ti       1.7Ti
Swap:             0B          0B          0B
[Disk]
/dev/md127      5.9T  529G  5.3T   9% /home/ben
  Task dir: 17G

--- 2026-09-04 17:58:24 UTC ---
[GPU]
0, 91 %, 54 %, 55259 MiB, 81559 MiB, 58, 554.40 W
[GPU Processes]
5933, 43984 MiB, python
[CPU]
 17:58:24 up 22 days, 17:02,  0 users,  load average: 7.87, 7.93, 7.36
[Memory]
Mem:           1.8Ti        52Gi       478Gi       626Mi       1.3Ti       1.7Ti
Swap:             0B          0B          0B
[Disk]
/dev/md127      5.9T  529G  5.3T   9% /home/ben
  Task dir: 17G

--- 2026-09-04 17:59:24 UTC ---
[GPU]
0, 100 %, 63 %, 55259 MiB, 81559 MiB, 59, 574.78 W
[GPU Processes]
5933, 43984 MiB, python
[CPU]
 17:59:25 up 22 days, 17:03,  0 users,  load average: 7.53, 7.83, 7.36
[Memory]
Mem:           1.8Ti        52Gi       477Gi       689Mi       1.3Ti       1.7Ti
Swap:             0B          0B          0B
[Disk]
/dev/md127      5.9T  529G  5.3T   9% /home/ben
  Task dir: 17G

--- 2026-09-04 18:00:25 UTC ---
[GPU]
0, 100 %, 63 %, 55259 MiB, 81559 MiB, 58, 549.61 W
[GPU Processes]
5933, 43984 MiB, python
[CPU]
 18:00:25 up 22 days, 17:04,  0 users,  load average: 7.52, 7.78, 7.37
[Memory]
Mem:           1.8Ti        53Gi       458Gi       689Mi       1.3Ti       1.7Ti
Swap:             0B          0B          0B
[Disk]
/dev/md127      5.9T  559G  5.3T  10% /home/ben
  Task dir: 17G

--- 2026-09-04 18:01:25 UTC ---
[GPU]
0, 80 %, 33 %, 55259 MiB, 81559 MiB, 54, 401.72 W
[GPU Processes]
5933, 43984 MiB, python
[CPU]
 18:01:25 up 22 days, 17:05,  0 users,  load average: 7.40, 7.70, 7.37
[Memory]
Mem:           1.8Ti        53Gi       458Gi       689Mi       1.3Ti       1.7Ti
Swap:             0B          0B          0B
[Disk]
/dev/md127      5.9T  559G  5.3T  10% /home/ben
  Task dir: 17G

--- 2026-09-04 18:02:25 UTC ---
[GPU]
0, 85 %, 34 %, 55259 MiB, 81559 MiB, 55, 440.28 W
[GPU Processes]
5933, 43984 MiB, python
[CPU]
 18:02:25 up 22 days, 17:06,  0 users,  load average: 7.74, 7.74, 7.40
[Memory]
Mem:           1.8Ti        52Gi       458Gi       689Mi       1.3Ti       1.7Ti
Swap:             0B          0B          0B
[Disk]
/dev/md127      5.9T  559G  5.3T  10% /home/ben
  Task dir: 17G

--- 2026-09-04 18:03:25 UTC ---
[GPU]
0, 95 %, 51 %, 55259 MiB, 81559 MiB, 58, 534.83 W
[GPU Processes]
5933, 43984 MiB, python
[CPU]
 18:03:25 up 22 days, 17:07,  0 users,  load average: 7.42, 7.65, 7.39
[Memory]
Mem:           1.8Ti        55Gi       457Gi       689Mi       1.3Ti       1.7Ti
Swap:             0B          0B          0B
[Disk]
/dev/md127      5.9T  567G  5.3T  10% /home/ben
  Task dir: 17G

--- 2026-09-04 18:04:25 UTC ---
[GPU]
0, 100 %, 48 %, 55259 MiB, 81559 MiB, 58, 548.35 W
[GPU Processes]
5933, 43984 MiB, python
[CPU]
 18:04:25 up 22 days, 17:08,  0 users,  load average: 7.51, 7.63, 7.39
[Memory]
Mem:           1.8Ti        52Gi       458Gi       689Mi       1.3Ti       1.7Ti
Swap:             0B          0B          0B
[Disk]
/dev/md127      5.9T  582G  5.3T  10% /home/ben
  Task dir: 17G

--- 2026-09-04 18:05:25 UTC ---
[GPU]
0, 94 %, 51 %, 55259 MiB, 81559 MiB, 58, 583.36 W
[GPU Processes]
5933, 43984 MiB, python
[CPU]
 18:05:25 up 22 days, 17:09,  0 users,  load average: 7.48, 7.59, 7.39
[Memory]
Mem:           1.8Ti        52Gi       458Gi       689Mi       1.3Ti       1.7Ti
Swap:             0B          0B          0B
[Disk]
/dev/md127      5.9T  582G  5.3T  10% /home/ben
  Task dir: 17G

--- 2026-09-04 18:06:26 UTC ---
[GPU]
0, 100 %, 63 %, 55259 MiB, 81559 MiB, 59, 536.55 W
[GPU Processes]
5933, 43984 MiB, python
[CPU]
 18:06:26 up 22 days, 17:10,  0 users,  load average: 7.77, 7.65, 7.43
[Memory]
Mem:           1.8Ti        53Gi       457Gi       688Mi       1.3Ti       1.7Ti
Swap:             0B          0B          0B
[Disk]
/dev/md127      5.9T  582G  5.3T  10% /home/ben
  Task dir: 17G

--- 2026-09-04 18:07:26 UTC ---
[GPU]
0, 100 %, 60 %, 55259 MiB, 81559 MiB, 59, 553.52 W
[GPU Processes]
5933, 43984 MiB, python
[CPU]
 18:07:26 up 22 days, 17:11,  0 users,  load average: 7.78, 7.68, 7.45
[Memory]
Mem:           1.8Ti        53Gi       456Gi       688Mi       1.3Ti       1.7Ti
Swap:             0B          0B          0B
[Disk]
/dev/md127      5.9T  604G  5.3T  11% /home/ben
  Task dir: 17G

--- 2026-09-04 18:08:26 UTC ---
[GPU]
0, 74 %, 27 %, 55259 MiB, 81559 MiB, 57, 549.62 W
[GPU Processes]
5933, 43984 MiB, python
[CPU]
 18:08:26 up 22 days, 17:12,  0 users,  load average: 7.67, 7.68, 7.47
[Memory]
Mem:           1.8Ti        53Gi       439Gi       689Mi       1.3Ti       1.7Ti
Swap:             0B          0B          0B
[Disk]
/dev/md127      5.9T  612G  5.3T  11% /home/ben
  Task dir: 17G

--- 2026-09-04 18:09:26 UTC ---
[GPU]
0, 95 %, 54 %, 55259 MiB, 81559 MiB, 59, 588.11 W
[GPU Processes]
5933, 43984 MiB, python
[CPU]
 18:09:26 up 22 days, 17:13,  0 users,  load average: 7.42, 7.62, 7.46
[Memory]
Mem:           1.8Ti        52Gi       440Gi       689Mi       1.3Ti       1.7Ti
Swap:             0B          0B          0B
[Disk]
/dev/md127      5.9T  612G  5.3T  11% /home/ben
  Task dir: 17G

--- 2026-09-04 18:10:26 UTC ---
[GPU]
0, 100 %, 65 %, 55259 MiB, 81559 MiB, 58, 573.57 W
[GPU Processes]
5933, 43984 MiB, python
[CPU]
 18:10:26 up 22 days, 17:14,  0 users,  load average: 7.14, 7.51, 7.43
[Memory]
Mem:           1.8Ti        52Gi       440Gi       689Mi       1.3Ti       1.7Ti
Swap:             0B          0B          0B
[Disk]
/dev/md127      5.9T  612G  5.3T  11% /home/ben
  Task dir: 17G

--- 2026-09-04 18:11:26 UTC ---
[GPU]
0, 100 %, 58 %, 55259 MiB, 81559 MiB, 59, 592.73 W
[GPU Processes]
5933, 43984 MiB, python
[CPU]
 18:11:26 up 22 days, 17:15,  0 users,  load average: 7.29, 7.48, 7.42
[Memory]
Mem:           1.8Ti        52Gi       441Gi       688Mi       1.3Ti       1.7Ti
Swap:             0B          0B          0B
[Disk]
/dev/md127      5.9T  635G  5.2T  11% /home/ben
  Task dir: 17G

--- 2026-09-04 18:12:26 UTC ---
[GPU]
0, 100 %, 58 %, 55259 MiB, 81559 MiB, 58, 598.55 W
[GPU Processes]
5933, 43984 MiB, python
[CPU]
 18:12:27 up 22 days, 17:16,  0 users,  load average: 7.62, 7.55, 7.46
[Memory]
Mem:           1.8Ti        52Gi       441Gi       689Mi       1.3Ti       1.7Ti
Swap:             0B          0B          0B
[Disk]
/dev/md127      5.9T  635G  5.2T  11% /home/ben
  Task dir: 17G

--- 2026-09-04 18:13:27 UTC ---
[GPU]
0, 85 %, 33 %, 55259 MiB, 81559 MiB, 55, 585.23 W
[GPU Processes]
5933, 43984 MiB, python
[CPU]
 18:13:27 up 22 days, 17:17,  0 users,  load average: 7.33, 7.48, 7.44
[Memory]
Mem:           1.8Ti        52Gi       441Gi       688Mi       1.3Ti       1.7Ti
Swap:             0B          0B          0B
[Disk]
/dev/md127      5.9T  635G  5.2T  11% /home/ben
  Task dir: 17G

--- 2026-09-04 18:14:27 UTC ---
[GPU]
0, 90 %, 55 %, 55259 MiB, 81559 MiB, 58, 598.21 W
[GPU Processes]
5933, 43984 MiB, python
[CPU]
 18:14:27 up 22 days, 17:18,  0 users,  load average: 7.31, 7.44, 7.43
[Memory]
Mem:           1.8Ti        54Gi       439Gi       689Mi       1.3Ti       1.7Ti
Swap:             0B          0B          0B
[Disk]
/dev/md127      5.9T  651G  5.2T  11% /home/ben
  Task dir: 17G

--- 2026-09-04 18:15:27 UTC ---
[GPU]
0, 100 %, 63 %, 55259 MiB, 81559 MiB, 55, 594.09 W
[GPU Processes]
5933, 43984 MiB, python
[CPU]
 18:15:27 up 22 days, 17:19,  0 users,  load average: 7.86, 7.59, 7.48
[Memory]
Mem:           1.8Ti        52Gi       449Gi       689Mi       1.3Ti       1.7Ti
Swap:             0B          0B          0B
[Disk]
/dev/md127      5.9T  649G  5.2T  11% /home/ben
  Task dir: 17G

--- 2026-09-04 18:16:27 UTC ---
[GPU]
0, 94 %, 59 %, 55259 MiB, 81559 MiB, 57, 609.56 W
[GPU Processes]
5933, 43984 MiB, python
[CPU]
 18:16:27 up 22 days, 17:20,  0 users,  load average: 8.50, 7.91, 7.60
[Memory]
Mem:           1.8Ti        54Gi       447Gi       689Mi       1.3Ti       1.7Ti
Swap:             0B          0B          0B
[Disk]
/dev/md127      5.9T  649G  5.2T  11% /home/ben
  Task dir: 17G

--- 2026-09-04 18:17:27 UTC ---
[GPU]
0, 100 %, 68 %, 55259 MiB, 81559 MiB, 58, 456.24 W
[GPU Processes]
5933, 43984 MiB, python
[CPU]
 18:17:27 up 22 days, 17:21,  0 users,  load average: 8.89, 8.14, 7.70
[Memory]
Mem:           1.8Ti        52Gi       441Gi       689Mi       1.3Ti       1.7Ti
Swap:             0B          0B          0B
[Disk]
/dev/md127      5.9T  657G  5.2T  12% /home/ben
  Task dir: 17G

--- 2026-09-04 18:18:27 UTC ---
[GPU]
0, 78 %, 35 %, 55259 MiB, 81559 MiB, 54, 398.02 W
[GPU Processes]
5933, 43984 MiB, python
[CPU]
 18:18:28 up 22 days, 17:22,  0 users,  load average: 8.56, 8.15, 7.74
[Memory]
Mem:           1.8Ti        55Gi       427Gi       689Mi       1.3Ti       1.7Ti
Swap:             0B          0B          0B
[Disk]
/dev/md127      5.9T  691G  5.2T  12% /home/ben
  Task dir: 17G

--- 2026-09-04 18:19:28 UTC ---
[GPU]
0, 86 %, 38 %, 55259 MiB, 81559 MiB, 56, 451.77 W
[GPU Processes]
5933, 43984 MiB, python
[CPU]
 18:19:28 up 22 days, 17:23,  0 users,  load average: 8.16, 8.12, 7.75
[Memory]
Mem:           1.8Ti        52Gi       432Gi       669Mi       1.3Ti       1.7Ti
Swap:             0B          0B          0B
[Disk]
/dev/md127      5.9T  721G  5.2T  13% /home/ben
  Task dir: 17G

--- 2026-09-04 18:20:28 UTC ---
[GPU]
0, 96 %, 44 %, 55259 MiB, 81559 MiB, 56, 482.60 W
[GPU Processes]
5933, 43984 MiB, python
[CPU]
 18:20:28 up 22 days, 17:24,  0 users,  load average: 8.58, 8.21, 7.80
[Memory]
Mem:           1.8Ti        57Gi       426Gi       1.0Gi       1.3Ti       1.7Ti
Swap:             0B          0B          0B
[Disk]
/dev/md127      5.9T  721G  5.2T  13% /home/ben
  Task dir: 17G

--- 2026-09-04 18:21:28 UTC ---
[GPU]
0, 94 %, 42 %, 55261 MiB, 81559 MiB, 55, 483.54 W
[GPU Processes]
5933, 43986 MiB, python
[CPU]
 18:21:28 up 22 days, 17:25,  0 users,  load average: 7.88, 8.11, 7.80
[Memory]
Mem:           1.8Ti        52Gi       421Gi       1.0Gi       1.3Ti       1.7Ti
Swap:             0B          0B          0B
[Disk]
/dev/md127      5.9T  729G  5.1T  13% /home/ben
  Task dir: 17G

--- 2026-09-04 18:22:28 UTC ---
[GPU]
0, 100 %, 41 %, 55261 MiB, 81559 MiB, 57, 505.93 W
[GPU Processes]
5933, 43986 MiB, python
[CPU]
 18:22:28 up 22 days, 17:26,  0 users,  load average: 7.68, 8.00, 7.78
[Memory]
Mem:           1.8Ti        54Gi       420Gi       1.2Gi       1.3Ti       1.7Ti
Swap:             0B          0B          0B
[Disk]
/dev/md127      5.9T  730G  5.1T  13% /home/ben
  Task dir: 17G

--- 2026-09-04 18:23:28 UTC ---
[GPU]
0, 95 %, 44 %, 55261 MiB, 81559 MiB, 57, 508.54 W
[GPU Processes]
5933, 43986 MiB, python
[CPU]
 18:23:28 up 22 days, 17:27,  0 users,  load average: 7.70, 7.98, 7.79
[Memory]
Mem:           1.8Ti        56Gi       416Gi       1.6Gi       1.3Ti       1.7Ti
Swap:             0B          0B          0B
[Disk]
/dev/md127      5.9T  730G  5.1T  13% /home/ben
  Task dir: 17G

--- 2026-09-04 18:24:28 UTC ---
[GPU]
0, 95 %, 47 %, 55261 MiB, 81559 MiB, 57, 522.84 W
[GPU Processes]
5933, 43986 MiB, python
[CPU]
 18:24:28 up 22 days, 17:28,  0 users,  load average: 7.96, 8.00, 7.81
[Memory]
Mem:           1.8Ti        61Gi       412Gi       2.2Gi       1.3Ti       1.7Ti
Swap:             0B          0B          0B
[Disk]
/dev/md127      5.9T  730G  5.1T  13% /home/ben
  Task dir: 17G

--- 2026-09-04 18:25:29 UTC ---
[GPU]
0, 91 %, 44 %, 55261 MiB, 81559 MiB, 56, 514.36 W
[GPU Processes]
5933, 43986 MiB, python
[CPU]
 18:25:29 up 22 days, 17:29,  0 users,  load average: 8.18, 8.07, 7.85
[Memory]
Mem:           1.8Ti        59Gi       410Gi       1.3Gi       1.3Ti       1.7Ti
Swap:             0B          0B          0B
[Disk]
/dev/md127      5.9T  735G  5.1T  13% /home/ben
  Task dir: 17G

--- 2026-09-04 18:26:29 UTC ---
[GPU]
0, 95 %, 46 %, 55261 MiB, 81559 MiB, 59, 527.00 W
[GPU Processes]
5933, 43986 MiB, python
[CPU]
 18:26:29 up 22 days, 17:30,  0 users,  load average: 7.48, 7.90, 7.81
[Memory]
Mem:           1.8Ti        59Gi       400Gi       2.1Gi       1.4Ti       1.7Ti
Swap:             0B          0B          0B
[Disk]
/dev/md127      5.9T  743G  5.1T  13% /home/ben
  Task dir: 17G

--- 2026-09-04 18:27:29 UTC ---
[GPU]
0, 100 %, 53 %, 55261 MiB, 81559 MiB, 62, 534.91 W
[GPU Processes]
5933, 43986 MiB, python
[CPU]
 18:27:29 up 22 days, 17:31,  0 users,  load average: 7.93, 7.95, 7.83
[Memory]
Mem:           1.8Ti        61Gi       396Gi       2.1Gi       1.4Ti       1.7Ti
Swap:             0B          0B          0B
[Disk]
/dev/md127      5.9T  746G  5.1T  13% /home/ben
  Task dir: 17G

--- 2026-09-04 18:28:29 UTC ---
[GPU]
0, 95 %, 50 %, 55261 MiB, 81559 MiB, 58, 561.72 W
[GPU Processes]
5933, 43986 MiB, python
[CPU]
 18:28:29 up 22 days, 17:32,  0 users,  load average: 8.05, 7.99, 7.85
[Memory]
Mem:           1.8Ti        65Gi       390Gi       2.7Gi       1.4Ti       1.7Ti
Swap:             0B          0B          0B
[Disk]
/dev/md127      5.9T  746G  5.1T  13% /home/ben
  Task dir: 17G

--- 2026-09-04 18:29:29 UTC ---
[GPU]
0, 100 %, 54 %, 55261 MiB, 81559 MiB, 60, 535.04 W
[GPU Processes]
5933, 43986 MiB, python
[CPU]
 18:29:29 up 22 days, 17:33,  0 users,  load average: 7.66, 7.90, 7.83
[Memory]
Mem:           1.8Ti        61Gi       396Gi       2.4Gi       1.4Ti       1.7Ti
Swap:             0B          0B          0B
[Disk]
/dev/md127      5.9T  746G  5.1T  13% /home/ben
  Task dir: 17G

--- 2026-09-04 18:30:29 UTC ---
[GPU]
0, 100 %, 54 %, 55261 MiB, 81559 MiB, 60, 569.03 W
[GPU Processes]
5933, 43986 MiB, python
[CPU]
 18:30:29 up 22 days, 17:34,  0 users,  load average: 7.76, 7.87, 7.82
[Memory]
Mem:           1.8Ti        54Gi       406Gi       1.2Gi       1.3Ti       1.7Ti
Swap:             0B          0B          0B
[Disk]
/dev/md127      5.9T  746G  5.1T  13% /home/ben
  Task dir: 17G

--- 2026-09-04 18:31:29 UTC ---
[GPU]
0, 66 %, 13 %, 55261 MiB, 81559 MiB, 62, 540.35 W
[GPU Processes]
5933, 43986 MiB, python
[CPU]
 18:31:30 up 22 days, 17:35,  0 users,  load average: 6.83, 7.60, 7.73
[Memory]
Mem:           1.8Ti        56Gi       421Gi       1.7Gi       1.3Ti       1.7Ti
Swap:             0B          0B          0B
[Disk]
/dev/md127      5.9T  730G  5.1T  13% /home/ben
  Task dir: 17G

--- 2026-09-04 18:32:30 UTC ---
[GPU]
0, 95 %, 53 %, 55261 MiB, 81559 MiB, 64, 541.32 W
[GPU Processes]
5933, 43986 MiB, python
[CPU]
 18:32:30 up 22 days, 17:36,  0 users,  load average: 6.48, 7.34, 7.63
[Memory]
Mem:           1.8Ti        52Gi       425Gi       1.1Gi       1.3Ti       1.7Ti
Swap:             0B          0B          0B
[Disk]
/dev/md127      5.9T  730G  5.1T  13% /home/ben
  Task dir: 17G

--- 2026-09-04 18:33:30 UTC ---
[GPU]
0, 100 %, 51 %, 55261 MiB, 81559 MiB, 64, 541.16 W
[GPU Processes]
5933, 43986 MiB, python
[CPU]
 18:33:30 up 22 days, 17:37,  0 users,  load average: 6.35, 7.15, 7.55
[Memory]
Mem:           1.8Ti        55Gi       421Gi       1.5Gi       1.3Ti       1.7Ti
Swap:             0B          0B          0B
[Disk]
/dev/md127      5.9T  730G  5.1T  13% /home/ben
  Task dir: 17G

--- 2026-09-04 18:34:30 UTC ---
[GPU]
0, 100 %, 55 %, 55261 MiB, 81559 MiB, 63, 588.14 W
[GPU Processes]
5933, 43986 MiB, python
[CPU]
 18:34:30 up 22 days, 17:38,  0 users,  load average: 6.85, 7.13, 7.51
[Memory]
Mem:           1.8Ti        58Gi       410Gi       1.7Gi       1.3Ti       1.7Ti
Swap:             0B          0B          0B
[Disk]
/dev/md127      5.9T  738G  5.1T  13% /home/ben
  Task dir: 17G

--- 2026-09-04 18:35:30 UTC ---
[GPU]
0, 95 %, 55 %, 55261 MiB, 81559 MiB, 63, 589.04 W
[GPU Processes]
5933, 43986 MiB, python
[CPU]
 18:35:30 up 22 days, 17:39,  0 users,  load average: 7.44, 7.22, 7.52
[Memory]
Mem:           1.8Ti        55Gi       412Gi       1.5Gi       1.3Ti       1.7Ti
Swap:             0B          0B          0B
[Disk]
/dev/md127      5.9T  738G  5.1T  13% /home/ben
  Task dir: 17G

--- 2026-09-04 18:36:30 UTC ---
[GPU]
0, 100 %, 63 %, 55261 MiB, 81559 MiB, 64, 540.33 W
[GPU Processes]
5933, 43986 MiB, python
[CPU]
 18:36:30 up 22 days, 17:40,  0 users,  load average: 6.26, 6.90, 7.39
[Memory]
Mem:           1.8Ti        54Gi       415Gi       1.1Gi       1.3Ti       1.7Ti
Swap:             0B          0B          0B
[Disk]
/dev/md127      5.9T  738G  5.1T  13% /home/ben
  Task dir: 17G

--- 2026-09-04 18:37:30 UTC ---
[GPU]
0, 93 %, 51 %, 55261 MiB, 81559 MiB, 64, 547.85 W
[GPU Processes]
5933, 43986 MiB, python
[CPU]
 18:37:31 up 22 days, 17:41,  0 users,  load average: 6.99, 7.10, 7.43
[Memory]
Mem:           1.8Ti        51Gi       418Gi       692Mi       1.3Ti       1.7Ti
Swap:             0B          0B          0B
[Disk]
/dev/md127      5.9T  738G  5.1T  13% /home/ben
  Task dir: 17G

--- 2026-09-04 18:38:31 UTC ---
[GPU]
0, 100 %, 62 %, 55261 MiB, 81559 MiB, 64, 590.43 W
[GPU Processes]
5933, 43986 MiB, python
[CPU]
 18:38:31 up 22 days, 17:42,  0 users,  load average: 8.13, 7.29, 7.47
[Memory]
Mem:           1.8Ti        53Gi       414Gi       1.2Gi       1.3Ti       1.7Ti
Swap:             0B          0B          0B
[Disk]
/dev/md127      5.9T  738G  5.1T  13% /home/ben
  Task dir: 17G

--- 2026-09-04 18:39:31 UTC ---
[GPU]
0, 100 %, 64 %, 55261 MiB, 81559 MiB, 64, 553.72 W
[GPU Processes]
5933, 43986 MiB, python
[CPU]
 18:39:31 up 22 days, 17:43,  0 users,  load average: 7.42, 7.27, 7.45
[Memory]
Mem:           1.8Ti        51Gi       419Gi       765Mi       1.3Ti       1.7Ti
Swap:             0B          0B          0B
[Disk]
/dev/md127      5.9T  738G  5.1T  13% /home/ben
  Task dir: 17G

--- 2026-09-04 18:40:31 UTC ---
[GPU]
0, 100 %, 61 %, 55261 MiB, 81559 MiB, 64, 601.71 W
[GPU Processes]
5933, 43986 MiB, python
[CPU]
 18:40:31 up 22 days, 17:44,  0 users,  load average: 7.23, 7.23, 7.42
[Memory]
Mem:           1.8Ti        53Gi       414Gi       1.0Gi       1.3Ti       1.7Ti
Swap:             0B          0B          0B
[Disk]
/dev/md127      5.9T  738G  5.1T  13% /home/ben
  Task dir: 17G

--- 2026-09-04 18:41:31 UTC ---
[GPU]
0, 100 %, 58 %, 55261 MiB, 81559 MiB, 60, 587.31 W
[GPU Processes]
5933, 43986 MiB, python
[CPU]
 18:41:31 up 22 days, 17:45,  0 users,  load average: 7.81, 7.40, 7.47
[Memory]
Mem:           1.8Ti        52Gi       432Gi       979Mi       1.3Ti       1.7Ti
Swap:             0B          0B          0B
[Disk]
/dev/md127      5.9T  722G  5.2T  13% /home/ben
  Task dir: 17G

--- 2026-09-04 18:42:31 UTC ---
[GPU]
0, 100 %, 58 %, 55261 MiB, 81559 MiB, 61, 570.49 W
[GPU Processes]
5933, 43986 MiB, python
[CPU]
 18:42:31 up 22 days, 17:46,  0 users,  load average: 7.71, 7.46, 7.49
[Memory]
Mem:           1.8Ti        54Gi       422Gi       1.2Gi       1.3Ti       1.7Ti
Swap:             0B          0B          0B
[Disk]
/dev/md127      5.9T  730G  5.1T  13% /home/ben
  Task dir: 17G

--- 2026-09-04 18:43:31 UTC ---
[GPU]
0, 100 %, 62 %, 55261 MiB, 81559 MiB, 59, 562.43 W
[GPU Processes]
5933, 43986 MiB, python
[CPU]
 18:43:31 up 22 days, 17:47,  0 users,  load average: 7.53, 7.46, 7.49
[Memory]
Mem:           1.8Ti        54Gi       422Gi       1.2Gi       1.3Ti       1.7Ti
Swap:             0B          0B          0B
[Disk]
/dev/md127      5.9T  730G  5.1T  13% /home/ben
  Task dir: 17G

--- 2026-09-04 18:44:32 UTC ---
[GPU]
0, 100 %, 59 %, 55261 MiB, 81559 MiB, 57, 560.05 W
[GPU Processes]
5933, 43986 MiB, python
[CPU]
 18:44:32 up 22 days, 17:48,  0 users,  load average: 8.87, 7.82, 7.60
[Memory]
Mem:           1.8Ti        56Gi       419Gi       1.2Gi       1.3Ti       1.7Ti
Swap:             0B          0B          0B
[Disk]
/dev/md127      5.9T  730G  5.1T  13% /home/ben
  Task dir: 17G

--- 2026-09-04 18:45:32 UTC ---
[GPU]
0, 100 %, 60 %, 55261 MiB, 81559 MiB, 58, 603.29 W
[GPU Processes]
5933, 43986 MiB, python
[CPU]
 18:45:32 up 22 days, 17:49,  0 users,  load average: 8.72, 8.00, 7.68
[Memory]
Mem:           1.8Ti        58Gi       407Gi       1.6Gi       1.3Ti       1.7Ti
Swap:             0B          0B          0B
[Disk]
/dev/md127      5.9T  730G  5.1T  13% /home/ben
  Task dir: 17G

--- 2026-09-04 18:46:32 UTC ---
[GPU]
0, 100 %, 59 %, 55261 MiB, 81559 MiB, 58, 598.44 W
[GPU Processes]
5933, 43986 MiB, python
[CPU]
 18:46:32 up 22 days, 17:50,  0 users,  load average: 9.13, 8.28, 7.80
[Memory]
Mem:           1.8Ti        53Gi       413Gi       779Mi       1.3Ti       1.7Ti
Swap:             0B          0B          0B
[Disk]
/dev/md127      5.9T  730G  5.1T  13% /home/ben
  Task dir: 17G

--- 2026-09-04 18:47:32 UTC ---
[GPU]
0, 0 %, 0 %, 0 MiB, 81559 MiB, 38, 69.78 W
[GPU Processes]
[CPU]
 18:47:32 up 22 days, 17:51,  0 users,  load average: 8.13, 8.23, 7.82
[Memory]
Mem:           1.8Ti        51Gi       406Gi       1.2Gi       1.4Ti       1.7Ti
Swap:             0B          0B          0B
[Disk]
/dev/md127      5.9T  739G  5.1T  13% /home/ben
  Task dir: 25G

--- 2026-09-04 18:48:32 UTC ---
[GPU]
0, 0 %, 0 %, 15213 MiB, 81559 MiB, 39, 118.23 W
[GPU Processes]
7476, 15204 MiB, VLLM::EngineCore
[CPU]
 18:48:32 up 22 days, 17:52,  0 users,  load average: 8.41, 8.33, 7.88
[Memory]
Mem:           1.8Ti        53Gi       403Gi       1.6Gi       1.4Ti       1.7Ti
Swap:             0B          0B          0B
[Disk]
/dev/md127      5.9T  739G  5.1T  13% /home/ben
  Task dir: 25G

--- 2026-09-04 18:49:32 UTC ---
[GPU]
0, 0 %, 0 %, 0 MiB, 81559 MiB, 37, 69.29 W
[GPU Processes]
[CPU]
 18:49:32 up 22 days, 17:53,  0 users,  load average: 7.59, 8.11, 7.84
[Memory]
Mem:           1.8Ti        50Gi       407Gi       1.2Gi       1.4Ti       1.7Ti
Swap:             0B          0B          0B
[Disk]
/dev/md127      5.9T  739G  5.1T  13% /home/ben
  Task dir: 25G

--- 2026-09-04 18:50:32 UTC ---
[GPU]
0, 0 %, 0 %, 0 MiB, 81559 MiB, 37, 69.26 W
[GPU Processes]
[CPU]
 18:50:33 up 22 days, 17:54,  0 users,  load average: 7.41, 7.96, 7.80
[Memory]
Mem:           1.8Ti        50Gi       407Gi       1.2Gi       1.4Ti       1.7Ti
Swap:             0B          0B          0B
[Disk]
/dev/md127      5.9T  739G  5.1T  13% /home/ben
  Task dir: 25G

--- 2026-09-04 18:51:33 UTC ---
[GPU]
0, 0 %, 0 %, 4 MiB, 81559 MiB, 36, 69.07 W
[GPU Processes]
[CPU]
 18:51:33 up 22 days, 17:55,  0 users,  load average: 8.18, 8.02, 7.83
[Memory]
Mem:           1.8Ti        50Gi       407Gi       756Mi       1.4Ti       1.7Ti
Swap:             0B          0B          0B
[Disk]
/dev/md127      5.9T  739G  5.1T  13% /home/ben
  Task dir: 25G

--- 2026-09-04 18:52:33 UTC ---
[GPU]
0, 100 %, 48 %, 54705 MiB, 81559 MiB, 56, 521.09 W
[GPU Processes]
8268, 43430 MiB, python
[CPU]
 18:52:33 up 22 days, 17:56,  0 users,  load average: 7.62, 7.88, 7.79
[Memory]
Mem:           1.8Ti        54Gi       403Gi       1.2Gi       1.4Ti       1.7Ti
Swap:             0B          0B          0B
[Disk]
/dev/md127      5.9T  739G  5.1T  13% /home/ben
  Task dir: 25G

--- 2026-09-04 18:53:33 UTC ---
[GPU]
0, 100 %, 48 %, 54707 MiB, 81559 MiB, 58, 525.68 W
[GPU Processes]
8268, 43432 MiB, python
[CPU]
 18:53:33 up 22 days, 17:57,  0 users,  load average: 8.86, 8.08, 7.86
[Memory]
Mem:           1.8Ti        55Gi       401Gi       1.2Gi       1.4Ti       1.7Ti
Swap:             0B          0B          0B
[Disk]
/dev/md127      5.9T  739G  5.1T  13% /home/ben
  Task dir: 25G

--- 2026-09-04 18:54:33 UTC ---
[GPU]
0, 94 %, 48 %, 54709 MiB, 81559 MiB, 59, 533.60 W
[GPU Processes]
8268, 43434 MiB, python
[CPU]
 18:54:33 up 22 days, 17:58,  0 users,  load average: 8.32, 8.09, 7.88
[Memory]
Mem:           1.8Ti        54Gi       402Gi       1.2Gi       1.4Ti       1.7Ti
Swap:             0B          0B          0B
[Disk]
/dev/md127      5.9T  739G  5.1T  13% /home/ben
  Task dir: 25G

--- 2026-09-04 18:55:33 UTC ---
[GPU]
0, 100 %, 46 %, 54709 MiB, 81559 MiB, 58, 530.75 W
[GPU Processes]
8268, 43434 MiB, python
[CPU]
 18:55:33 up 22 days, 17:59,  0 users,  load average: 8.92, 8.37, 8.00
[Memory]
Mem:           1.8Ti        53Gi       404Gi       694Mi       1.4Ti       1.7Ti
Swap:             0B          0B          0B
[Disk]
/dev/md127      5.9T  739G  5.1T  13% /home/ben
  Task dir: 25G

--- 2026-09-04 18:56:33 UTC ---
[GPU]
0, 81 %, 27 %, 54709 MiB, 81559 MiB, 55, 522.26 W
[GPU Processes]
8268, 43434 MiB, python
[CPU]
 18:56:34 up 22 days, 18:00,  0 users,  load average: 8.51, 8.35, 8.01
[Memory]
Mem:           1.8Ti        57Gi       400Gi       1.3Gi       1.4Ti       1.7Ti
Swap:             0B          0B          0B
[Disk]
/dev/md127      5.9T  739G  5.1T  13% /home/ben
  Task dir: 25G

--- 2026-09-04 18:57:34 UTC ---
[GPU]
0, 90 %, 43 %, 54709 MiB, 81559 MiB, 58, 538.70 W
[GPU Processes]
8268, 43434 MiB, python
[CPU]
 18:57:34 up 22 days, 18:01,  0 users,  load average: 8.33, 8.34, 8.03
[Memory]
Mem:           1.8Ti        60Gi       391Gi       1.3Gi       1.4Ti       1.7Ti
Swap:             0B          0B          0B
[Disk]
/dev/md127      5.9T  744G  5.1T  13% /home/ben
  Task dir: 25G

--- 2026-09-04 18:58:34 UTC ---
[GPU]
0, 95 %, 47 %, 54709 MiB, 81559 MiB, 57, 527.88 W
[GPU Processes]
8268, 43434 MiB, python
[CPU]
 18:58:34 up 22 days, 18:02,  0 users,  load average: 8.42, 8.37, 8.06
[Memory]
Mem:           1.8Ti        58Gi       379Gi       1.3Gi       1.4Ti       1.7Ti
Swap:             0B          0B          0B
[Disk]
/dev/md127      5.9T  758G  5.1T  13% /home/ben
  Task dir: 25G

--- 2026-09-04 18:59:34 UTC ---
[GPU]
0, 77 %, 29 %, 54709 MiB, 81559 MiB, 55, 548.59 W
[GPU Processes]
8268, 43434 MiB, python
[CPU]
 18:59:34 up 22 days, 18:03,  0 users,  load average: 8.66, 8.45, 8.11
[Memory]
Mem:           1.8Ti        57Gi       380Gi       1.3Gi       1.4Ti       1.7Ti
Swap:             0B          0B          0B
[Disk]
/dev/md127      5.9T  758G  5.1T  13% /home/ben
  Task dir: 25G

--- 2026-09-04 19:00:34 UTC ---
[GPU]
0, 92 %, 44 %, 54709 MiB, 81559 MiB, 59, 539.34 W
[GPU Processes]
8268, 43434 MiB, python
[CPU]
 19:00:34 up 22 days, 18:04,  0 users,  load average: 7.75, 8.24, 8.06
[Memory]
Mem:           1.8Ti        52Gi       385Gi       693Mi       1.4Ti       1.7Ti
Swap:             0B          0B          0B
[Disk]
/dev/md127      5.9T  758G  5.1T  13% /home/ben
  Task dir: 25G

--- 2026-09-04 19:01:34 UTC ---
[GPU]
0, 98 %, 52 %, 54709 MiB, 81559 MiB, 59, 530.18 W
[GPU Processes]
8268, 43434 MiB, python
[CPU]
 19:01:34 up 22 days, 18:05,  0 users,  load average: 7.45, 8.07, 8.01
[Memory]
Mem:           1.8Ti        52Gi       385Gi       693Mi       1.4Ti       1.7Ti
Swap:             0B          0B          0B
[Disk]
/dev/md127      5.9T  758G  5.1T  13% /home/ben
  Task dir: 25G

--- 2026-09-04 19:02:34 UTC ---
[GPU]
0, 99 %, 50 %, 54709 MiB, 81559 MiB, 58, 531.25 W
[GPU Processes]
8268, 43434 MiB, python
[CPU]
 19:02:34 up 22 days, 18:06,  0 users,  load average: 7.32, 7.92, 7.96
[Memory]
Mem:           1.8Ti        52Gi       385Gi       693Mi       1.4Ti       1.7Ti
Swap:             0B          0B          0B
[Disk]
/dev/md127      5.9T  758G  5.1T  13% /home/ben
  Task dir: 25G

--- 2026-09-04 19:03:34 UTC ---
[GPU]
0, 85 %, 33 %, 54709 MiB, 81559 MiB, 53, 530.52 W
[GPU Processes]
8268, 43434 MiB, python
[CPU]
 19:03:35 up 22 days, 18:07,  0 users,  load average: 7.18, 7.77, 7.90
[Memory]
Mem:           1.8Ti        52Gi       385Gi       693Mi       1.4Ti       1.7Ti
Swap:             0B          0B          0B
[Disk]
/dev/md127      5.9T  758G  5.1T  13% /home/ben
  Task dir: 25G

--- 2026-09-04 19:04:35 UTC ---
[GPU]
0, 100 %, 50 %, 54709 MiB, 81559 MiB, 58, 530.39 W
[GPU Processes]
8268, 43434 MiB, python
[CPU]
 19:04:35 up 22 days, 18:08,  0 users,  load average: 7.06, 7.62, 7.84
[Memory]
Mem:           1.8Ti        52Gi       385Gi       693Mi       1.4Ti       1.7Ti
Swap:             0B          0B          0B
[Disk]
/dev/md127      5.9T  758G  5.1T  13% /home/ben
  Task dir: 25G

--- 2026-09-04 19:05:35 UTC ---
[GPU]
0, 100 %, 55 %, 54709 MiB, 81559 MiB, 58, 524.85 W
[GPU Processes]
8268, 43434 MiB, python
[CPU]
 19:05:35 up 22 days, 18:09,  0 users,  load average: 7.17, 7.55, 7.80
[Memory]
Mem:           1.8Ti        52Gi       385Gi       693Mi       1.4Ti       1.7Ti
Swap:             0B          0B          0B
[Disk]
/dev/md127      5.9T  758G  5.1T  13% /home/ben
  Task dir: 25G

--- 2026-09-04 19:06:35 UTC ---
[GPU]
0, 90 %, 47 %, 54709 MiB, 81559 MiB, 57, 530.58 W
[GPU Processes]
8268, 43434 MiB, python
[CPU]
 19:06:35 up 22 days, 18:10,  0 users,  load average: 7.06, 7.45, 7.75
[Memory]
Mem:           1.8Ti        52Gi       385Gi       693Mi       1.4Ti       1.7Ti
Swap:             0B          0B          0B
[Disk]
/dev/md127      5.9T  758G  5.1T  13% /home/ben
  Task dir: 25G

--- 2026-09-04 19:07:35 UTC ---
[GPU]
0, 100 %, 52 %, 54709 MiB, 81559 MiB, 58, 534.09 W
[GPU Processes]
8268, 43434 MiB, python
[CPU]
 19:07:35 up 22 days, 18:11,  0 users,  load average: 7.19, 7.41, 7.72
[Memory]
Mem:           1.8Ti        52Gi       385Gi       693Mi       1.4Ti       1.7Ti
Swap:             0B          0B          0B
[Disk]
/dev/md127      5.9T  758G  5.1T  13% /home/ben
  Task dir: 25G

--- 2026-09-04 19:08:35 UTC ---
[GPU]
0, 100 %, 49 %, 54709 MiB, 81559 MiB, 58, 546.69 W
[GPU Processes]
8268, 43434 MiB, python
[CPU]
 19:08:35 up 22 days, 18:12,  0 users,  load average: 7.34, 7.40, 7.69
[Memory]
Mem:           1.8Ti        52Gi       385Gi       693Mi       1.4Ti       1.7Ti
Swap:             0B          0B          0B
[Disk]
/dev/md127      5.9T  758G  5.1T  13% /home/ben
  Task dir: 25G

--- 2026-09-04 19:09:35 UTC ---
[GPU]
0, 95 %, 51 %, 54709 MiB, 81559 MiB, 58, 532.89 W
[GPU Processes]
8268, 43434 MiB, python
[CPU]
 19:09:36 up 22 days, 18:13,  0 users,  load average: 7.13, 7.33, 7.65
[Memory]
Mem:           1.8Ti        52Gi       385Gi       693Mi       1.4Ti       1.7Ti
Swap:             0B          0B          0B
[Disk]
/dev/md127      5.9T  758G  5.1T  13% /home/ben
  Task dir: 25G

--- 2026-09-04 19:10:36 UTC ---
[GPU]
0, 89 %, 46 %, 54709 MiB, 81559 MiB, 58, 535.00 W
[GPU Processes]
8268, 43434 MiB, python
[CPU]
 19:10:36 up 22 days, 18:14,  0 users,  load average: 12.59, 8.67, 8.08
[Memory]
Mem:           1.8Ti        52Gi       383Gi       693Mi       1.4Ti       1.7Ti
Swap:             0B          0B          0B
[Disk]
/dev/md127      5.9T  758G  5.1T  13% /home/ben
  Task dir: 25G

--- 2026-09-04 19:11:36 UTC ---
[GPU]
0, 95 %, 51 %, 54709 MiB, 81559 MiB, 57, 532.90 W
[GPU Processes]
8268, 43434 MiB, python
[CPU]
 19:11:36 up 22 days, 18:15,  0 users,  load average: 16.87, 10.62, 8.79
[Memory]
Mem:           1.8Ti        52Gi       383Gi       693Mi       1.4Ti       1.7Ti
Swap:             0B          0B          0B
[Disk]
/dev/md127      5.9T  758G  5.1T  13% /home/ben
  Task dir: 25G

--- 2026-09-04 19:12:36 UTC ---
[GPU]
0, 100 %, 51 %, 54709 MiB, 81559 MiB, 58, 543.99 W
[GPU Processes]
8268, 43434 MiB, python
[CPU]
 19:12:36 up 22 days, 18:16,  0 users,  load average: 18.44, 12.30, 9.49
[Memory]
Mem:           1.8Ti        52Gi       383Gi       692Mi       1.4Ti       1.7Ti
Swap:             0B          0B          0B
[Disk]
/dev/md127      5.9T  758G  5.1T  13% /home/ben
  Task dir: 25G

--- 2026-09-04 19:13:36 UTC ---
[GPU]
0, 100 %, 58 %, 54709 MiB, 81559 MiB, 57, 537.21 W
[GPU Processes]
8268, 43434 MiB, python
[CPU]
 19:13:36 up 22 days, 18:17,  0 users,  load average: 19.30, 13.65, 10.13
[Memory]
Mem:           1.8Ti        53Gi       383Gi       693Mi       1.4Ti       1.7Ti
Swap:             0B          0B          0B
[Disk]
/dev/md127      5.9T  758G  5.1T  13% /home/ben
  Task dir: 25G

--- 2026-09-04 19:14:36 UTC ---
[GPU]
0, 100 %, 54 %, 54709 MiB, 81559 MiB, 55, 568.97 W
[GPU Processes]
8268, 43434 MiB, python
[CPU]
 19:14:36 up 22 days, 18:18,  0 users,  load average: 19.11, 14.62, 10.69
[Memory]
Mem:           1.8Ti        53Gi       383Gi       693Mi       1.4Ti       1.7Ti
Swap:             0B          0B          0B
[Disk]
/dev/md127      5.9T  758G  5.1T  13% /home/ben
  Task dir: 25G

--- 2026-09-04 19:15:36 UTC ---
[GPU]
0, 99 %, 52 %, 54709 MiB, 81559 MiB, 55, 556.37 W
[GPU Processes]
8268, 43434 MiB, python
[CPU]
 19:15:36 up 22 days, 18:19,  0 users,  load average: 19.58, 15.55, 11.26
[Memory]
Mem:           1.8Ti        53Gi       382Gi       693Mi       1.4Ti       1.7Ti
Swap:             0B          0B          0B
[Disk]
/dev/md127      5.9T  758G  5.1T  13% /home/ben
  Task dir: 25G

--- 2026-09-04 19:16:37 UTC ---
[GPU]
0, 89 %, 46 %, 54709 MiB, 81559 MiB, 59, 542.39 W
[GPU Processes]
8268, 43434 MiB, python
[CPU]
 19:16:37 up 22 days, 18:20,  0 users,  load average: 19.95, 16.39, 11.82
[Memory]
Mem:           1.8Ti        55Gi       381Gi       714Mi       1.4Ti       1.7Ti
Swap:             0B          0B          0B
[Disk]
/dev/md127      5.9T  758G  5.1T  13% /home/ben
  Task dir: 25G

--- 2026-09-04 19:17:37 UTC ---
[GPU]
0, 100 %, 53 %, 54709 MiB, 81559 MiB, 58, 558.62 W
[GPU Processes]
8268, 43434 MiB, python
[CPU]
 19:17:37 up 22 days, 18:21,  0 users,  load average: 20.21, 17.11, 12.35
[Memory]
Mem:           1.8Ti        55Gi       381Gi       714Mi       1.4Ti       1.7Ti
Swap:             0B          0B          0B
[Disk]
/dev/md127      5.9T  758G  5.1T  13% /home/ben
  Task dir: 25G

--- 2026-09-04 19:18:37 UTC ---
[GPU]
0, 82 %, 39 %, 54709 MiB, 81559 MiB, 57, 543.96 W
[GPU Processes]
8268, 43434 MiB, python
[CPU]
 19:18:37 up 22 days, 18:22,  0 users,  load average: 20.11, 17.66, 12.84
[Memory]
Mem:           1.8Ti        55Gi       381Gi       713Mi       1.4Ti       1.7Ti
Swap:             0B          0B          0B
[Disk]
/dev/md127      5.9T  758G  5.1T  13% /home/ben
  Task dir: 25G

--- 2026-09-04 19:19:37 UTC ---
[GPU]
0, 71 %, 30 %, 54709 MiB, 81559 MiB, 56, 552.33 W
[GPU Processes]
8268, 43434 MiB, python
[CPU]
 19:19:37 up 22 days, 18:23,  0 users,  load average: 20.29, 18.15, 13.31
[Memory]
Mem:           1.8Ti        55Gi       381Gi       713Mi       1.4Ti       1.7Ti
Swap:             0B          0B          0B
[Disk]
/dev/md127      5.9T  758G  5.1T  13% /home/ben
  Task dir: 25G

--- 2026-09-04 19:20:37 UTC ---
[GPU]
0, 75 %, 23 %, 54709 MiB, 81559 MiB, 58, 538.92 W
[GPU Processes]
8268, 43434 MiB, python
[CPU]
 19:20:37 up 22 days, 18:24,  0 users,  load average: 20.36, 18.55, 13.75
[Memory]
Mem:           1.8Ti        55Gi       381Gi       713Mi       1.4Ti       1.7Ti
Swap:             0B          0B          0B
[Disk]
/dev/md127      5.9T  758G  5.1T  13% /home/ben
  Task dir: 25G

--- 2026-09-04 19:21:37 UTC ---
[GPU]
0, 81 %, 23 %, 54709 MiB, 81559 MiB, 55, 583.53 W
[GPU Processes]
8268, 43434 MiB, python
[CPU]
 19:21:37 up 22 days, 18:25,  0 users,  load average: 20.26, 18.87, 14.17
[Memory]
Mem:           1.8Ti        55Gi       381Gi       713Mi       1.4Ti       1.7Ti
Swap:             0B          0B          0B
[Disk]
/dev/md127      5.9T  758G  5.1T  13% /home/ben
  Task dir: 25G

--- 2026-09-04 19:22:37 UTC ---
[GPU]
0, 84 %, 41 %, 54709 MiB, 81559 MiB, 57, 543.25 W
[GPU Processes]
8268, 43434 MiB, python
[CPU]
 19:22:38 up 22 days, 18:26,  0 users,  load average: 20.09, 19.08, 14.54
[Memory]
Mem:           1.8Ti        55Gi       381Gi       714Mi       1.4Ti       1.7Ti
Swap:             0B          0B          0B
[Disk]
/dev/md127      5.9T  758G  5.1T  13% /home/ben
  Task dir: 25G

--- 2026-09-04 19:23:38 UTC ---
[GPU]
0, 100 %, 61 %, 54709 MiB, 81559 MiB, 58, 537.43 W
[GPU Processes]
8268, 43434 MiB, python
[CPU]
 19:23:38 up 22 days, 18:27,  0 users,  load average: 20.13, 19.28, 14.89
[Memory]
Mem:           1.8Ti        55Gi       380Gi       714Mi       1.4Ti       1.7Ti
Swap:             0B          0B          0B
[Disk]
/dev/md127      5.9T  758G  5.1T  13% /home/ben
  Task dir: 25G

--- 2026-09-04 19:24:38 UTC ---
[GPU]
0, 94 %, 54 %, 54709 MiB, 81559 MiB, 59, 581.14 W
[GPU Processes]
8268, 43434 MiB, python
[CPU]
 19:24:38 up 22 days, 18:28,  0 users,  load average: 20.36, 19.49, 15.24
[Memory]
Mem:           1.8Ti        55Gi       380Gi       713Mi       1.4Ti       1.7Ti
Swap:             0B          0B          0B
[Disk]
/dev/md127      5.9T  758G  5.1T  13% /home/ben
  Task dir: 25G

--- 2026-09-04 19:25:38 UTC ---
[GPU]
0, 100 %, 67 %, 54709 MiB, 81559 MiB, 61, 593.32 W
[GPU Processes]
8268, 43434 MiB, python
[CPU]
 19:25:38 up 22 days, 18:29,  0 users,  load average: 21.41, 19.90, 15.65
[Memory]
Mem:           1.8Ti        56Gi       364Gi       691Mi       1.4Ti       1.7Ti
Swap:             0B          0B          0B
[Disk]
/dev/md127      5.9T  775G  5.1T  14% /home/ben
  Task dir: 25G

--- 2026-09-04 19:26:38 UTC ---
[GPU]
0, 97 %, 59 %, 54709 MiB, 81559 MiB, 62, 568.01 W
[GPU Processes]
8268, 43434 MiB, python
[CPU]
 19:26:38 up 22 days, 18:30,  0 users,  load average: 20.69, 19.98, 15.94
[Memory]
Mem:           1.8Ti        57Gi       362Gi       1.0Gi       1.4Ti       1.7Ti
Swap:             0B          0B          0B
[Disk]
/dev/md127      5.9T  775G  5.1T  14% /home/ben
  Task dir: 25G

--- 2026-09-04 19:27:38 UTC ---
[GPU]
0, 100 %, 57 %, 54709 MiB, 81559 MiB, 60, 594.28 W
[GPU Processes]
8268, 43434 MiB, python
[CPU]
 19:27:38 up 22 days, 18:31,  0 users,  load average: 20.62, 20.09, 16.24
[Memory]
Mem:           1.8Ti        58Gi       360Gi       1.3Gi       1.4Ti       1.7Ti
Swap:             0B          0B          0B
[Disk]
/dev/md127      5.9T  775G  5.1T  14% /home/ben
  Task dir: 25G

--- 2026-09-04 19:28:38 UTC ---
[GPU]
0, 100 %, 61 %, 54709 MiB, 81559 MiB, 61, 597.08 W
[GPU Processes]
8268, 43434 MiB, python
[CPU]
 19:28:38 up 22 days, 18:32,  0 users,  load average: 20.35, 20.10, 16.48
[Memory]
Mem:           1.8Ti        63Gi       359Gi       1.3Gi       1.4Ti       1.7Ti
Swap:             0B          0B          0B
[Disk]
/dev/md127      5.9T  775G  5.1T  14% /home/ben
  Task dir: 25G

--- 2026-09-04 19:29:39 UTC ---
[GPU]
0, 100 %, 68 %, 54709 MiB, 81559 MiB, 62, 598.92 W
[GPU Processes]
8268, 43434 MiB, python
[CPU]
 19:29:39 up 22 days, 18:33,  0 users,  load average: 20.35, 20.14, 16.73
[Memory]
Mem:           1.8Ti        56Gi       363Gi       691Mi       1.4Ti       1.7Ti
Swap:             0B          0B          0B
[Disk]
/dev/md127      5.9T  797G  5.1T  14% /home/ben
  Task dir: 25G

--- 2026-09-04 19:30:39 UTC ---
[GPU]
0, 100 %, 62 %, 54709 MiB, 81559 MiB, 59, 614.17 W
[GPU Processes]
8268, 43434 MiB, python
[CPU]
 19:30:39 up 22 days, 18:34,  0 users,  load average: 20.21, 20.13, 16.94
[Memory]
Mem:           1.8Ti        59Gi       360Gi       1.0Gi       1.4Ti       1.7Ti
Swap:             0B          0B          0B
[Disk]
/dev/md127      5.9T  797G  5.1T  14% /home/ben
  Task dir: 25G

--- 2026-09-04 19:31:39 UTC ---
[GPU]
0, 100 %, 61 %, 54709 MiB, 81559 MiB, 62, 604.14 W
[GPU Processes]
8268, 43434 MiB, python
[CPU]
 19:31:39 up 22 days, 18:35,  0 users,  load average: 20.43, 20.20, 17.17
[Memory]
Mem:           1.8Ti        60Gi       359Gi       1.3Gi       1.4Ti       1.7Ti
Swap:             0B          0B          0B
[Disk]
/dev/md127      5.9T  797G  5.1T  14% /home/ben
  Task dir: 25G

--- 2026-09-04 19:32:39 UTC ---
[GPU]
0, 95 %, 59 %, 54709 MiB, 81559 MiB, 60, 602.90 W
[GPU Processes]
8268, 43434 MiB, python
[CPU]
 19:32:39 up 22 days, 18:36,  0 users,  load average: 20.28, 20.22, 17.37
[Memory]
Mem:           1.8Ti        59Gi       359Gi       1.3Gi       1.4Ti       1.7Ti
Swap:             0B          0B          0B
[Disk]
/dev/md127      5.9T  797G  5.1T  14% /home/ben
  Task dir: 25G

--- 2026-09-04 19:33:39 UTC ---
[GPU]
0, 100 %, 61 %, 54709 MiB, 81559 MiB, 60, 604.97 W
[GPU Processes]
8268, 43434 MiB, python
[CPU]
 19:33:39 up 22 days, 18:37,  0 users,  load average: 20.15, 20.19, 17.54
[Memory]
Mem:           1.8Ti        58Gi       360Gi       1.0Gi       1.4Ti       1.7Ti
Swap:             0B          0B          0B
[Disk]
/dev/md127      5.9T  797G  5.1T  14% /home/ben
  Task dir: 25G

--- 2026-09-04 19:34:39 UTC ---
[GPU]
0, 100 %, 70 %, 54709 MiB, 81559 MiB, 61, 612.35 W
[GPU Processes]
8268, 43434 MiB, python
[CPU]
 19:34:39 up 22 days, 18:38,  0 users,  load average: 20.10, 20.17, 17.70
[Memory]
Mem:           1.8Ti        60Gi       358Gi       1.3Gi       1.4Ti       1.7Ti
Swap:             0B          0B          0B
[Disk]
/dev/md127      5.9T  798G  5.1T  14% /home/ben
  Task dir: 25G

--- 2026-09-04 19:35:39 UTC ---
[GPU]
0, 100 %, 62 %, 54709 MiB, 81559 MiB, 59, 598.71 W
[GPU Processes]
8268, 43434 MiB, python
[CPU]
 19:35:40 up 22 days, 18:39,  0 users,  load average: 20.70, 20.30, 17.90
[Memory]
Mem:           1.8Ti        59Gi       358Gi       1.3Gi       1.4Ti       1.7Ti
Swap:             0B          0B          0B
[Disk]
/dev/md127      5.9T  798G  5.1T  14% /home/ben
  Task dir: 25G

--- 2026-09-04 19:36:40 UTC ---
[GPU]
0, 100 %, 67 %, 54709 MiB, 81559 MiB, 61, 626.89 W
[GPU Processes]
8268, 43434 MiB, python
[CPU]
 19:36:40 up 22 days, 18:40,  0 users,  load average: 20.42, 20.29, 18.05
[Memory]
Mem:           1.8Ti        57Gi       361Gi       691Mi       1.4Ti       1.7Ti
Swap:             0B          0B          0B
[Disk]
/dev/md127      5.9T  798G  5.1T  14% /home/ben
  Task dir: 25G

--- 2026-09-04 19:37:40 UTC ---
[GPU]
0, 60 %, 23 %, 54709 MiB, 81559 MiB, 56, 370.69 W
[GPU Processes]
8268, 43434 MiB, python
[CPU]
 19:37:40 up 22 days, 18:41,  0 users,  load average: 20.32, 20.28, 18.19
[Memory]
Mem:           1.8Ti        63Gi       334Gi       1.3Gi       1.4Ti       1.7Ti
Swap:             0B          0B          0B
[Disk]
/dev/md127      5.9T  818G  5.1T  14% /home/ben
  Task dir: 25G

--- 2026-09-04 19:38:40 UTC ---
[GPU]
0, 71 %, 30 %, 54709 MiB, 81559 MiB, 57, 387.94 W
[GPU Processes]
8268, 43434 MiB, python
[CPU]
 19:38:40 up 22 days, 18:42,  0 users,  load average: 20.30, 20.27, 18.32
[Memory]
Mem:           1.8Ti        57Gi       313Gi       1.2Gi       1.4Ti       1.7Ti
Swap:             0B          0B          0B
[Disk]
/dev/md127      5.9T  845G  5.0T  15% /home/ben
  Task dir: 25G

--- 2026-09-04 19:39:40 UTC ---
[GPU]
0, 72 %, 27 %, 54709 MiB, 81559 MiB, 59, 395.25 W
[GPU Processes]
8268, 43434 MiB, python
[CPU]
 19:39:40 up 22 days, 18:43,  0 users,  load average: 19.74, 20.12, 18.39
[Memory]
Mem:           1.8Ti        57Gi       391Gi       1.2Gi       1.4Ti       1.7Ti
Swap:             0B          0B          0B
[Disk]
/dev/md127      5.9T  768G  5.1T  13% /home/ben
  Task dir: 25G

--- 2026-09-04 19:40:40 UTC ---
[GPU]
0, 69 %, 19 %, 54709 MiB, 81559 MiB, 61, 411.30 W
[GPU Processes]
8268, 43434 MiB, python
[CPU]
 19:40:40 up 22 days, 18:44,  0 users,  load average: 19.46, 19.97, 18.46
[Memory]
Mem:           1.8Ti        55Gi       393Gi       1.0Gi       1.4Ti       1.7Ti
Swap:             0B          0B          0B
[Disk]
/dev/md127      5.9T  768G  5.1T  13% /home/ben
  Task dir: 25G

--- 2026-09-04 19:41:40 UTC ---
[GPU]
0, 81 %, 34 %, 54709 MiB, 81559 MiB, 60, 437.71 W
[GPU Processes]
8268, 43434 MiB, python
[CPU]
 19:41:41 up 22 days, 18:45,  0 users,  load average: 19.37, 19.84, 18.51
[Memory]
Mem:           1.8Ti        52Gi       395Gi       665Mi       1.4Ti       1.7Ti
Swap:             0B          0B          0B
[Disk]
/dev/md127      5.9T  770G  5.1T  13% /home/ben
  Task dir: 25G

--- 2026-09-04 19:42:41 UTC ---
[GPU]
0, 75 %, 34 %, 54709 MiB, 81559 MiB, 61, 421.72 W
[GPU Processes]
8268, 43434 MiB, python
[CPU]
 19:42:41 up 22 days, 18:46,  0 users,  load average: 18.82, 19.58, 18.50
[Memory]
Mem:           1.8Ti        52Gi       388Gi       665Mi       1.4Ti       1.7Ti
Swap:             0B          0B          0B
[Disk]
/dev/md127      5.9T  800G  5.1T  14% /home/ben
  Task dir: 25G

--- 2026-09-04 19:43:41 UTC ---
[GPU]
0, 64 %, 24 %, 54709 MiB, 81559 MiB, 61, 437.91 W
[GPU Processes]
8268, 43434 MiB, python
[CPU]
 19:43:41 up 22 days, 18:47,  0 users,  load average: 19.14, 19.51, 18.55
[Memory]
Mem:           1.8Ti        54Gi       385Gi       689Mi       1.4Ti       1.7Ti
Swap:             0B          0B          0B
[Disk]
/dev/md127      5.9T  801G  5.1T  14% /home/ben
  Task dir: 25G

--- 2026-09-04 19:44:41 UTC ---
[GPU]
0, 80 %, 35 %, 54709 MiB, 81559 MiB, 59, 444.05 W
[GPU Processes]
8268, 43434 MiB, python
[CPU]
 19:44:41 up 22 days, 18:48,  0 users,  load average: 19.28, 19.48, 18.60
[Memory]
Mem:           1.8Ti        54Gi       385Gi       689Mi       1.4Ti       1.7Ti
Swap:             0B          0B          0B
[Disk]
/dev/md127      5.9T  801G  5.1T  14% /home/ben
  Task dir: 25G

--- 2026-09-04 19:45:41 UTC ---
[GPU]
0, 80 %, 28 %, 54709 MiB, 81559 MiB, 56, 439.84 W
[GPU Processes]
8268, 43434 MiB, python
[CPU]
 19:45:41 up 22 days, 18:49,  0 users,  load average: 20.21, 19.65, 18.71
[Memory]
Mem:           1.8Ti        55Gi       383Gi       697Mi       1.4Ti       1.7Ti
Swap:             0B          0B          0B
[Disk]
/dev/md127      5.9T  801G  5.1T  14% /home/ben
  Task dir: 25G

--- 2026-09-04 19:46:41 UTC ---
[GPU]
0, 100 %, 65 %, 54709 MiB, 81559 MiB, 59, 568.03 W
[GPU Processes]
8268, 43434 MiB, python
[CPU]
 19:46:41 up 22 days, 18:50,  0 users,  load average: 20.14, 19.73, 18.80
[Memory]
Mem:           1.8Ti        55Gi       383Gi       710Mi       1.4Ti       1.7Ti
Swap:             0B          0B          0B
[Disk]
/dev/md127      5.9T  801G  5.1T  14% /home/ben
  Task dir: 25G

--- 2026-09-04 19:47:41 UTC ---
[GPU]
0, 95 %, 53 %, 54709 MiB, 81559 MiB, 59, 551.18 W
[GPU Processes]
8268, 43434 MiB, python
[CPU]
 19:47:41 up 22 days, 18:51,  0 users,  load average: 20.16, 19.82, 18.89
[Memory]
Mem:           1.8Ti        55Gi       383Gi       709Mi       1.4Ti       1.7Ti
Swap:             0B          0B          0B
[Disk]
/dev/md127      5.9T  801G  5.1T  14% /home/ben
  Task dir: 25G

--- 2026-09-04 19:48:41 UTC ---
[GPU]
0, 100 %, 59 %, 54709 MiB, 81559 MiB, 59, 558.50 W
[GPU Processes]
8268, 43434 MiB, python
[CPU]
 19:48:42 up 22 days, 18:52,  0 users,  load average: 20.10, 19.87, 18.97
[Memory]
Mem:           1.8Ti        55Gi       383Gi       709Mi       1.4Ti       1.7Ti
Swap:             0B          0B          0B
[Disk]
/dev/md127      5.9T  801G  5.1T  14% /home/ben
  Task dir: 25G

--- 2026-09-04 19:49:42 UTC ---
[GPU]
0, 91 %, 50 %, 54709 MiB, 81559 MiB, 58, 585.40 W
[GPU Processes]
8268, 43434 MiB, python
[CPU]
 19:49:42 up 22 days, 18:53,  0 users,  load average: 20.11, 19.92, 19.05
[Memory]
Mem:           1.8Ti        55Gi       383Gi       709Mi       1.4Ti       1.7Ti
Swap:             0B          0B          0B
[Disk]
/dev/md127      5.9T  801G  5.1T  14% /home/ben
  Task dir: 25G

--- 2026-09-04 19:50:42 UTC ---
[GPU]
0, 76 %, 27 %, 54709 MiB, 81559 MiB, 55, 570.23 W
[GPU Processes]
8268, 43434 MiB, python
[CPU]
 19:50:42 up 22 days, 18:54,  0 users,  load average: 20.14, 19.97, 19.12
[Memory]
Mem:           1.8Ti        56Gi       383Gi       710Mi       1.4Ti       1.7Ti
Swap:             0B          0B          0B
[Disk]
/dev/md127      5.9T  801G  5.1T  14% /home/ben
  Task dir: 25G

--- 2026-09-04 19:51:42 UTC ---
[GPU]
0, 97 %, 57 %, 54709 MiB, 81559 MiB, 56, 565.08 W
[GPU Processes]
8268, 43434 MiB, python
[CPU]
 19:51:42 up 22 days, 18:55,  0 users,  load average: 20.05, 19.98, 19.18
[Memory]
Mem:           1.8Ti        56Gi       383Gi       709Mi       1.4Ti       1.7Ti
Swap:             0B          0B          0B
[Disk]
/dev/md127      5.9T  801G  5.1T  14% /home/ben
  Task dir: 25G

--- 2026-09-04 19:52:42 UTC ---
[GPU]
0, 100 %, 59 %, 54709 MiB, 81559 MiB, 54, 595.10 W
[GPU Processes]
8268, 43434 MiB, python
[CPU]
 19:52:42 up 22 days, 18:56,  0 users,  load average: 19.80, 19.93, 19.21
[Memory]
Mem:           1.8Ti        52Gi       378Gi       684Mi       1.4Ti       1.7Ti
Swap:             0B          0B          0B
[Disk]
/dev/md127      5.9T  809G  5.1T  14% /home/ben
  Task dir: 25G

--- 2026-09-04 19:53:42 UTC ---
[GPU]
0, 97 %, 58 %, 54709 MiB, 81559 MiB, 53, 548.10 W
[GPU Processes]
8268, 43434 MiB, python
[CPU]
 19:53:42 up 22 days, 18:57,  0 users,  load average: 20.16, 20.02, 19.29
[Memory]
Mem:           1.8Ti        55Gi       375Gi       1.0Gi       1.4Ti       1.7Ti
Swap:             0B          0B          0B
[Disk]
/dev/md127      5.9T  809G  5.1T  14% /home/ben
  Task dir: 25G

--- 2026-09-04 19:54:42 UTC ---
[GPU]
0, 97 %, 51 %, 54709 MiB, 81559 MiB, 53, 535.57 W
[GPU Processes]
8268, 43434 MiB, python
[CPU]
 19:54:43 up 22 days, 18:58,  0 users,  load average: 20.02, 20.01, 19.34
[Memory]
Mem:           1.8Ti        52Gi       386Gi       685Mi       1.4Ti       1.7Ti
Swap:             0B          0B          0B
[Disk]
/dev/md127      5.9T  802G  5.1T  14% /home/ben
  Task dir: 25G

--- 2026-09-04 19:55:43 UTC ---
[GPU]
0, 100 %, 61 %, 54709 MiB, 81559 MiB, 53, 605.75 W
[GPU Processes]
8268, 43434 MiB, python
[CPU]
 19:55:43 up 22 days, 18:59,  0 users,  load average: 19.89, 19.96, 19.37
[Memory]
Mem:           1.8Ti        52Gi       378Gi       685Mi       1.4Ti       1.7Ti
Swap:             0B          0B          0B
[Disk]
/dev/md127      5.9T  831G  5.0T  14% /home/ben
  Task dir: 25G

--- 2026-09-04 19:56:43 UTC ---
[GPU]
0, 82 %, 12 %, 54709 MiB, 81559 MiB, 50, 544.90 W
[GPU Processes]
8268, 43434 MiB, python
[CPU]
 19:56:43 up 22 days, 19:00,  0 users,  load average: 20.14, 20.02, 19.42
[Memory]
Mem:           1.8Ti        54Gi       376Gi       707Mi       1.4Ti       1.7Ti
Swap:             0B          0B          0B
[Disk]
/dev/md127      5.9T  831G  5.0T  14% /home/ben
  Task dir: 25G

--- 2026-09-04 19:57:43 UTC ---
[GPU]
0, 95 %, 55 %, 54709 MiB, 81559 MiB, 56, 595.07 W
[GPU Processes]
8268, 43434 MiB, python
[CPU]
 19:57:43 up 22 days, 19:01,  0 users,  load average: 20.16, 20.06, 19.48
[Memory]
Mem:           1.8Ti        54Gi       376Gi       710Mi       1.4Ti       1.7Ti
Swap:             0B          0B          0B
[Disk]
/dev/md127      5.9T  831G  5.0T  14% /home/ben
  Task dir: 25G

--- 2026-09-04 19:58:43 UTC ---
[GPU]
0, 100 %, 62 %, 54709 MiB, 81559 MiB, 58, 610.81 W
[GPU Processes]
8268, 43434 MiB, python
[CPU]
 19:58:43 up 22 days, 19:02,  0 users,  load average: 20.28, 20.13, 19.54
[Memory]
Mem:           1.8Ti        55Gi       375Gi       710Mi       1.4Ti       1.7Ti
Swap:             0B          0B          0B
[Disk]
/dev/md127      5.9T  831G  5.0T  14% /home/ben
  Task dir: 25G

--- 2026-09-04 19:59:43 UTC ---
[GPU]
0, 95 %, 59 %, 54709 MiB, 81559 MiB, 59, 609.00 W
[GPU Processes]
8268, 43434 MiB, python
[CPU]
 19:59:43 up 22 days, 19:03,  0 users,  load average: 20.25, 20.14, 19.59
[Memory]
Mem:           1.8Ti        55Gi       375Gi       710Mi       1.4Ti       1.7Ti
Swap:             0B          0B          0B
[Disk]
/dev/md127      5.9T  831G  5.0T  14% /home/ben
  Task dir: 25G

--- 2026-09-04 20:00:43 UTC ---
[GPU]
0, 89 %, 56 %, 54709 MiB, 81559 MiB, 59, 565.07 W
[GPU Processes]
8268, 43434 MiB, python
[CPU]
 20:00:43 up 22 days, 19:04,  0 users,  load average: 20.22, 20.15, 19.63
[Memory]
Mem:           1.8Ti        55Gi       375Gi       711Mi       1.4Ti       1.7Ti
Swap:             0B          0B          0B
[Disk]
/dev/md127      5.9T  831G  5.0T  14% /home/ben
  Task dir: 25G

--- 2026-09-04 20:01:44 UTC ---
[GPU]
0, 95 %, 62 %, 54709 MiB, 81559 MiB, 58, 603.69 W
[GPU Processes]
8268, 43434 MiB, python
[CPU]
 20:01:44 up 22 days, 19:05,  0 users,  load average: 20.24, 20.16, 19.67
[Memory]
Mem:           1.8Ti        55Gi       375Gi       711Mi       1.4Ti       1.7Ti
Swap:             0B          0B          0B
[Disk]
/dev/md127      5.9T  831G  5.0T  14% /home/ben
  Task dir: 25G

--- 2026-09-04 20:02:44 UTC ---
[GPU]
0, 100 %, 61 %, 54709 MiB, 81559 MiB, 58, 608.85 W
[GPU Processes]
8268, 43434 MiB, python
[CPU]
 20:02:44 up 22 days, 19:06,  0 users,  load average: 20.20, 20.16, 19.70
[Memory]
Mem:           1.8Ti        55Gi       375Gi       711Mi       1.4Ti       1.7Ti
Swap:             0B          0B          0B
[Disk]
/dev/md127      5.9T  831G  5.0T  14% /home/ben
  Task dir: 25G

--- 2026-09-04 20:03:44 UTC ---
[GPU]
0, 100 %, 63 %, 54709 MiB, 81559 MiB, 59, 601.25 W
[GPU Processes]
8268, 43434 MiB, python
[CPU]
 20:03:44 up 22 days, 19:07,  0 users,  load average: 20.14, 20.14, 19.73
[Memory]
Mem:           1.8Ti        55Gi       375Gi       711Mi       1.4Ti       1.7Ti
Swap:             0B          0B          0B
[Disk]
/dev/md127      5.9T  831G  5.0T  14% /home/ben
  Task dir: 25G

--- 2026-09-04 20:04:44 UTC ---
[GPU]
0, 100 %, 65 %, 54709 MiB, 81559 MiB, 58, 605.98 W
[GPU Processes]
8268, 43434 MiB, python
[CPU]
 20:04:44 up 22 days, 19:08,  0 users,  load average: 20.05, 20.11, 19.75
[Memory]
Mem:           1.8Ti        55Gi       375Gi       711Mi       1.4Ti       1.7Ti
Swap:             0B          0B          0B
[Disk]
/dev/md127      5.9T  831G  5.0T  14% /home/ben
  Task dir: 25G

--- 2026-09-04 20:05:44 UTC ---
[GPU]
0, 100 %, 63 %, 54709 MiB, 81559 MiB, 58, 593.11 W
[GPU Processes]
8268, 43434 MiB, python
[CPU]
 20:05:44 up 22 days, 19:09,  0 users,  load average: 20.19, 20.15, 19.79
[Memory]
Mem:           1.8Ti        55Gi       375Gi       711Mi       1.4Ti       1.7Ti
Swap:             0B          0B          0B
[Disk]
/dev/md127      5.9T  831G  5.0T  14% /home/ben
  Task dir: 25G

--- 2026-09-04 20:06:44 UTC ---
[GPU]
0, 100 %, 61 %, 54709 MiB, 81559 MiB, 58, 596.17 W
[GPU Processes]
8268, 43434 MiB, python
[CPU]
 20:06:44 up 22 days, 19:10,  0 users,  load average: 20.11, 20.14, 19.81
[Memory]
Mem:           1.8Ti        55Gi       375Gi       711Mi       1.4Ti       1.7Ti
Swap:             0B          0B          0B
[Disk]
/dev/md127      5.9T  831G  5.0T  14% /home/ben
  Task dir: 25G

--- 2026-09-04 20:07:44 UTC ---
[GPU]
0, 95 %, 57 %, 54709 MiB, 81559 MiB, 58, 560.04 W
[GPU Processes]
8268, 43434 MiB, python
[CPU]
 20:07:45 up 22 days, 19:11,  0 users,  load average: 20.07, 20.12, 19.83
[Memory]
Mem:           1.8Ti        55Gi       375Gi       711Mi       1.4Ti       1.7Ti
Swap:             0B          0B          0B
[Disk]
/dev/md127      5.9T  831G  5.0T  14% /home/ben
  Task dir: 25G

--- 2026-09-04 20:08:45 UTC ---
[GPU]
0, 100 %, 65 %, 54709 MiB, 81559 MiB, 57, 620.78 W
[GPU Processes]
8268, 43434 MiB, python
[CPU]
 20:08:45 up 22 days, 19:12,  0 users,  load average: 20.30, 20.17, 19.87
[Memory]
Mem:           1.8Ti        55Gi       373Gi       711Mi       1.4Ti       1.7Ti
Swap:             0B          0B          0B
[Disk]
/dev/md127      5.9T  854G  5.0T  15% /home/ben
  Task dir: 25G

--- 2026-09-04 20:09:45 UTC ---
[GPU]
0, 100 %, 68 %, 54709 MiB, 81559 MiB, 55, 614.59 W
[GPU Processes]
8268, 43434 MiB, python
[CPU]
 20:09:45 up 22 days, 19:13,  0 users,  load average: 20.22, 20.17, 19.89
[Memory]
Mem:           1.8Ti        55Gi       373Gi       711Mi       1.4Ti       1.7Ti
Swap:             0B          0B          0B
[Disk]
/dev/md127      5.9T  854G  5.0T  15% /home/ben
  Task dir: 25G

--- 2026-09-04 20:10:45 UTC ---
[GPU]
0, 61 %, 23 %, 54709 MiB, 81559 MiB, 53, 369.92 W
[GPU Processes]
8268, 43434 MiB, python
[CPU]
 20:10:45 up 22 days, 19:14,  0 users,  load average: 20.26, 20.20, 19.92
[Memory]
Mem:           1.8Ti        56Gi       373Gi       712Mi       1.4Ti       1.7Ti
Swap:             0B          0B          0B
[Disk]
/dev/md127      5.9T  854G  5.0T  15% /home/ben
  Task dir: 25G

--- 2026-09-04 20:11:45 UTC ---
[GPU]
0, 100 %, 66 %, 54709 MiB, 81559 MiB, 57, 465.94 W
[GPU Processes]
8268, 43434 MiB, python
[CPU]
 20:11:45 up 22 days, 19:15,  0 users,  load average: 20.37, 20.25, 19.96
[Memory]
Mem:           1.8Ti        51Gi       388Gi       625Mi       1.4Ti       1.7Ti
Swap:             0B          0B          0B
[Disk]
/dev/md127      5.9T  853G  5.0T  15% /home/ben
  Task dir: 25G

--- 2026-09-04 20:12:45 UTC ---
[GPU]
0, 64 %, 24 %, 54709 MiB, 81559 MiB, 48, 370.18 W
[GPU Processes]
8268, 43434 MiB, python
[CPU]
 20:12:45 up 22 days, 19:16,  0 users,  load average: 19.95, 20.17, 19.95
[Memory]
Mem:           1.8Ti        51Gi       406Gi       624Mi       1.4Ti       1.7Ti
Swap:             0B          0B          0B
[Disk]
/dev/md127      5.9T  829G  5.1T  14% /home/ben
  Task dir: 25G

--- 2026-09-04 20:13:45 UTC ---
[GPU]
0, 100 %, 68 %, 54709 MiB, 81559 MiB, 52, 508.11 W
[GPU Processes]
8268, 43434 MiB, python
[CPU]
 20:13:46 up 22 days, 19:17,  0 users,  load average: 19.45, 19.98, 19.90
[Memory]
Mem:           1.8Ti        51Gi       406Gi       625Mi       1.4Ti       1.7Ti
Swap:             0B          0B          0B
[Disk]
/dev/md127      5.9T  829G  5.1T  14% /home/ben
  Task dir: 25G

--- 2026-09-04 20:14:46 UTC ---
[GPU]
0, 61 %, 25 %, 54709 MiB, 81559 MiB, 46, 366.74 W
[GPU Processes]
8268, 43434 MiB, python
[CPU]
 20:14:46 up 22 days, 19:18,  0 users,  load average: 19.39, 19.88, 19.87
[Memory]
Mem:           1.8Ti        51Gi       406Gi       625Mi       1.4Ti       1.7Ti
Swap:             0B          0B          0B
[Disk]
/dev/md127      5.9T  829G  5.1T  14% /home/ben
  Task dir: 25G

--- 2026-09-04 20:15:46 UTC ---
[GPU]
0, 78 %, 32 %, 54709 MiB, 81559 MiB, 47, 378.64 W
[GPU Processes]
8268, 43434 MiB, python
[CPU]
 20:15:46 up 22 days, 19:19,  0 users,  load average: 19.24, 19.75, 19.82
[Memory]
Mem:           1.8Ti        51Gi       405Gi       625Mi       1.4Ti       1.7Ti
Swap:             0B          0B          0B
[Disk]
/dev/md127      5.9T  831G  5.0T  14% /home/ben
  Task dir: 25G

--- 2026-09-04 20:16:46 UTC ---
[GPU]
0, 74 %, 31 %, 54709 MiB, 81559 MiB, 46, 386.19 W
[GPU Processes]
8268, 43434 MiB, python
[CPU]
 20:16:46 up 22 days, 19:20,  0 users,  load average: 19.62, 19.77, 19.82
[Memory]
Mem:           1.8Ti        51Gi       405Gi       625Mi       1.4Ti       1.7Ti
Swap:             0B          0B          0B
[Disk]
/dev/md127      5.9T  831G  5.0T  14% /home/ben
  Task dir: 25G

--- 2026-09-04 20:17:46 UTC ---
[GPU]
0, 70 %, 32 %, 54709 MiB, 81559 MiB, 47, 391.52 W
[GPU Processes]
8268, 43434 MiB, python
[CPU]
 20:17:46 up 22 days, 19:21,  0 users,  load average: 20.87, 20.02, 19.90
[Memory]
Mem:           1.8Ti        52Gi       404Gi       654Mi       1.4Ti       1.7Ti
Swap:             0B          0B          0B
[Disk]
/dev/md127      5.9T  831G  5.0T  14% /home/ben
  Task dir: 25G

--- 2026-09-04 20:18:46 UTC ---
[GPU]
0, 75 %, 28 %, 54709 MiB, 81559 MiB, 45, 393.31 W
[GPU Processes]
8268, 43434 MiB, python
[CPU]
 20:18:46 up 22 days, 19:22,  0 users,  load average: 20.50, 20.07, 19.93
[Memory]
Mem:           1.8Ti        55Gi       403Gi       805Mi       1.4Ti       1.7Ti
Swap:             0B          0B          0B
[Disk]
/dev/md127      5.9T  831G  5.0T  14% /home/ben
  Task dir: 25G

--- 2026-09-04 20:19:46 UTC ---
[GPU]
0, 81 %, 12 %, 54709 MiB, 81559 MiB, 45, 391.91 W
[GPU Processes]
8268, 43434 MiB, python
[CPU]
 20:19:46 up 22 days, 19:23,  0 users,  load average: 20.33, 20.09, 19.94
[Memory]
Mem:           1.8Ti        55Gi       398Gi       1.0Gi       1.4Ti       1.7Ti
Swap:             0B          0B          0B
[Disk]
/dev/md127      5.9T  831G  5.0T  14% /home/ben
  Task dir: 25G

--- 2026-09-04 20:20:47 UTC ---
[GPU]
0, 74 %, 31 %, 54709 MiB, 81559 MiB, 49, 400.77 W
[GPU Processes]
8268, 43434 MiB, python
[CPU]
 20:20:47 up 22 days, 19:24,  0 users,  load average: 20.05, 20.05, 19.94
[Memory]
Mem:           1.8Ti        49Gi       399Gi       599Mi       1.4Ti       1.7Ti
Swap:             0B          0B          0B
[Disk]
/dev/md127      5.9T  839G  5.0T  15% /home/ben
  Task dir: 25G

--- 2026-09-04 20:21:47 UTC ---
[GPU]
0, 70 %, 10 %, 54709 MiB, 81559 MiB, 47, 391.38 W
[GPU Processes]
8268, 43434 MiB, python
[CPU]
 20:21:47 up 22 days, 19:25,  0 users,  load average: 21.14, 20.33, 20.04
[Memory]
Mem:           1.8Ti        53Gi       394Gi       971Mi       1.4Ti       1.7Ti
Swap:             0B          0B          0B
[Disk]
/dev/md127      5.9T  859G  5.0T  15% /home/ben
  Task dir: 25G

--- 2026-09-04 20:22:47 UTC ---
[GPU]
0, 69 %, 20 %, 54709 MiB, 81559 MiB, 47, 401.58 W
[GPU Processes]
8268, 43434 MiB, python
[CPU]
 20:22:47 up 22 days, 19:26,  0 users,  load average: 20.07, 20.17, 20.01
[Memory]
Mem:           1.8Ti        49Gi       398Gi       611Mi       1.4Ti       1.7Ti
Swap:             0B          0B          0B
[Disk]
/dev/md127      5.9T  861G  5.0T  15% /home/ben
  Task dir: 25G

--- 2026-09-04 20:23:47 UTC ---
[GPU]
0, 64 %, 21 %, 54709 MiB, 81559 MiB, 48, 389.29 W
[GPU Processes]
8268, 43434 MiB, python
[CPU]
 20:23:47 up 22 days, 19:27,  0 users,  load average: 19.34, 19.91, 19.92
[Memory]
Mem:           1.8Ti        51Gi       387Gi       603Mi       1.4Ti       1.7Ti
Swap:             0B          0B          0B
[Disk]
/dev/md127      5.9T  869G  5.0T  15% /home/ben
  Task dir: 25G

--- 2026-09-04 20:24:47 UTC ---
[GPU]
0, 70 %, 27 %, 54711 MiB, 81559 MiB, 50, 424.46 W
[GPU Processes]
8268, 43436 MiB, python
[CPU]
 20:24:47 up 22 days, 19:28,  0 users,  load average: 19.56, 19.89, 19.91
[Memory]
Mem:           1.8Ti        56Gi       381Gi       1.4Gi       1.4Ti       1.7Ti
Swap:             0B          0B          0B
[Disk]
/dev/md127      5.9T  869G  5.0T  15% /home/ben
  Task dir: 25G

--- 2026-09-04 20:25:47 UTC ---
[GPU]
0, 84 %, 40 %, 54711 MiB, 81559 MiB, 50, 436.12 W
[GPU Processes]
8268, 43436 MiB, python
[CPU]
 20:25:47 up 22 days, 19:29,  0 users,  load average: 21.43, 20.45, 20.11
[Memory]
Mem:           1.8Ti        58Gi       370Gi       1.6Gi       1.4Ti       1.7Ti
Swap:             0B          0B          0B
[Disk]
/dev/md127      5.9T  869G  5.0T  15% /home/ben
  Task dir: 25G

--- 2026-09-04 20:26:47 UTC ---
[GPU]
0, 78 %, 36 %, 54711 MiB, 81559 MiB, 52, 432.32 W
[GPU Processes]
8268, 43436 MiB, python
[CPU]
 20:26:48 up 22 days, 19:30,  0 users,  load average: 20.18, 20.26, 20.06
[Memory]
Mem:           1.8Ti        56Gi       370Gi       1.2Gi       1.4Ti       1.7Ti
Swap:             0B          0B          0B
[Disk]
/dev/md127      5.9T  870G  5.0T  15% /home/ben
  Task dir: 25G

--- 2026-09-04 20:27:48 UTC ---
[GPU]
0, 70 %, 29 %, 54711 MiB, 81559 MiB, 57, 444.87 W
[GPU Processes]
8268, 43436 MiB, python
[CPU]
 20:27:48 up 22 days, 19:31,  0 users,  load average: 20.11, 20.20, 20.05
[Memory]
Mem:           1.8Ti        59Gi       367Gi       1.8Gi       1.4Ti       1.7Ti
Swap:             0B          0B          0B
[Disk]
/dev/md127      5.9T  870G  5.0T  15% /home/ben
  Task dir: 25G

--- 2026-09-04 20:28:48 UTC ---
[GPU]
0, 76 %, 24 %, 54711 MiB, 81559 MiB, 56, 474.49 W
[GPU Processes]
8268, 43436 MiB, python
[CPU]
 20:28:48 up 22 days, 19:32,  0 users,  load average: 19.84, 20.11, 20.03
[Memory]
Mem:           1.8Ti        54Gi       363Gi       1.2Gi       1.4Ti       1.7Ti
Swap:             0B          0B          0B
[Disk]
/dev/md127      5.9T  878G  5.0T  15% /home/ben
  Task dir: 25G

--- 2026-09-04 20:29:48 UTC ---
[GPU]
0, 86 %, 39 %, 54711 MiB, 81559 MiB, 54, 466.47 W
[GPU Processes]
8268, 43436 MiB, python
[CPU]
 20:29:48 up 22 days, 19:33,  0 users,  load average: 18.37, 19.65, 19.88
[Memory]
Mem:           1.8Ti        49Gi       369Gi       642Mi       1.4Ti       1.7Ti
Swap:             0B          0B          0B
[Disk]
/dev/md127      5.9T  878G  5.0T  15% /home/ben
  Task dir: 25G

--- 2026-09-04 20:30:48 UTC ---
[GPU]
0, 85 %, 38 %, 54711 MiB, 81559 MiB, 57, 462.30 W
[GPU Processes]
8268, 43436 MiB, python
[CPU]
 20:30:48 up 22 days, 19:34,  0 users,  load average: 19.66, 19.84, 19.93
[Memory]
Mem:           1.8Ti        54Gi       363Gi       1.3Gi       1.4Ti       1.7Ti
Swap:             0B          0B          0B
[Disk]
/dev/md127      5.9T  878G  5.0T  15% /home/ben
  Task dir: 25G

--- 2026-09-04 20:31:48 UTC ---
[GPU]
0, 81 %, 43 %, 54711 MiB, 81559 MiB, 60, 451.54 W
[GPU Processes]
8268, 43436 MiB, python
[CPU]
 20:31:48 up 22 days, 19:35,  0 users,  load average: 19.74, 19.83, 19.92
[Memory]
Mem:           1.8Ti        55Gi       362Gi       1.3Gi       1.4Ti       1.7Ti
Swap:             0B          0B          0B
[Disk]
/dev/md127      5.9T  878G  5.0T  15% /home/ben
  Task dir: 25G

--- 2026-09-04 20:32:48 UTC ---
[GPU]
0, 86 %, 39 %, 54711 MiB, 81559 MiB, 53, 451.59 W
[GPU Processes]
8268, 43436 MiB, python
[CPU]
 20:32:48 up 22 days, 19:36,  0 users,  load average: 18.78, 19.56, 19.82
[Memory]
Mem:           1.8Ti        53Gi       356Gi       1.3Gi       1.4Ti       1.7Ti
Swap:             0B          0B          0B
[Disk]
/dev/md127      5.9T  886G  5.0T  15% /home/ben
  Task dir: 25G

--- 2026-09-04 20:33:49 UTC ---
[GPU]
0, 72 %, 30 %, 54711 MiB, 81559 MiB, 52, 460.22 W
[GPU Processes]
8268, 43436 MiB, python
[CPU]
 20:33:49 up 22 days, 19:37,  0 users,  load average: 18.33, 19.28, 19.71
[Memory]
Mem:           1.8Ti        53Gi       356Gi       1.3Gi       1.4Ti       1.7Ti
Swap:             0B          0B          0B
[Disk]
/dev/md127      5.9T  886G  5.0T  15% /home/ben
  Task dir: 25G

--- 2026-09-04 20:34:49 UTC ---
[GPU]
0, 88 %, 42 %, 54711 MiB, 81559 MiB, 54, 466.86 W
[GPU Processes]
8268, 43436 MiB, python
[CPU]
 20:34:49 up 22 days, 19:38,  0 users,  load average: 18.61, 19.17, 19.64
[Memory]
Mem:           1.8Ti        56Gi       354Gi       1.3Gi       1.4Ti       1.7Ti
Swap:             0B          0B          0B
[Disk]
/dev/md127      5.9T  903G  5.0T  16% /home/ben
  Task dir: 25G

--- 2026-09-04 20:35:49 UTC ---
[GPU]
0, 83 %, 37 %, 54711 MiB, 81559 MiB, 52, 440.75 W
[GPU Processes]
8268, 43436 MiB, python
[CPU]
 20:35:49 up 22 days, 19:39,  0 users,  load average: 20.03, 19.43, 19.69
[Memory]
Mem:           1.8Ti        54Gi       354Gi       1.3Gi       1.4Ti       1.7Ti
Swap:             0B          0B          0B
[Disk]
/dev/md127      5.9T  931G  5.0T  16% /home/ben
  Task dir: 25G

--- 2026-09-04 20:36:49 UTC ---
[GPU]
0, 62 %, 10 %, 54711 MiB, 81559 MiB, 56, 453.89 W
[GPU Processes]
8268, 43436 MiB, python
[CPU]
 20:36:49 up 22 days, 19:40,  0 users,  load average: 19.46, 19.36, 19.65
[Memory]
Mem:           1.8Ti        53Gi       358Gi       1.3Gi       1.4Ti       1.7Ti
Swap:             0B          0B          0B
[Disk]
/dev/md127      5.9T  939G  4.9T  16% /home/ben
  Task dir: 25G

--- 2026-09-04 20:37:49 UTC ---
[GPU]
0, 87 %, 37 %, 54711 MiB, 81559 MiB, 52, 458.82 W
[GPU Processes]
8268, 43436 MiB, python
[CPU]
 20:37:49 up 22 days, 19:41,  0 users,  load average: 19.02, 19.26, 19.60
[Memory]
Mem:           1.8Ti        54Gi       364Gi       1.6Gi       1.4Ti       1.7Ti
Swap:             0B          0B          0B
[Disk]
/dev/md127      5.9T  931G  5.0T  16% /home/ben
  Task dir: 25G

--- 2026-09-04 20:38:49 UTC ---
[GPU]
0, 67 %, 10 %, 54711 MiB, 81559 MiB, 51, 454.52 W
[GPU Processes]
8268, 43436 MiB, python
[CPU]
 20:38:49 up 22 days, 19:42,  0 users,  load average: 18.57, 19.09, 19.52
[Memory]
Mem:           1.8Ti        53Gi       365Gi       1.6Gi       1.4Ti       1.7Ti
Swap:             0B          0B          0B
[Disk]
/dev/md127      5.9T  931G  5.0T  16% /home/ben
  Task dir: 25G

--- 2026-09-04 20:39:49 UTC ---
[GPU]
0, 87 %, 35 %, 54711 MiB, 81559 MiB, 52, 464.86 W
[GPU Processes]
8268, 43436 MiB, python
[CPU]
 20:39:50 up 22 days, 19:43,  0 users,  load average: 18.74, 19.03, 19.47
[Memory]
Mem:           1.8Ti        55Gi       364Gi       1.8Gi       1.4Ti       1.7Ti
Swap:             0B          0B          0B
[Disk]
/dev/md127      5.9T  931G  5.0T  16% /home/ben
  Task dir: 25G

--- 2026-09-04 20:40:50 UTC ---
[GPU]
0, 0 %, 0 %, 54711 MiB, 81559 MiB, 42, 120.74 W
[GPU Processes]
8268, 43436 MiB, python
[CPU]
 20:40:50 up 22 days, 19:44,  0 users,  load average: 19.22, 19.11, 19.47
[Memory]
Mem:           1.8Ti        59Gi       359Gi       1.3Gi       1.4Ti       1.7Ti
Swap:             0B          0B          0B
[Disk]
/dev/md127      5.9T  932G  5.0T  16% /home/ben
  Task dir: 26G

--- 2026-09-04 20:41:50 UTC ---
[GPU]
0, 0 %, 0 %, 0 MiB, 81559 MiB, 38, 69.61 W
[GPU Processes]
[CPU]
 20:41:50 up 22 days, 19:45,  0 users,  load average: 18.73, 19.00, 19.41
[Memory]
Mem:           1.8Ti        53Gi       356Gi       1.6Gi       1.4Ti       1.7Ti
Swap:             0B          0B          0B
[Disk]
/dev/md127      5.9T  939G  4.9T  16% /home/ben
  Task dir: 33G

--- 2026-09-04 20:42:50 UTC ---
[GPU]
0, 0 %, 0 %, 15209 MiB, 81559 MiB, 40, 118.58 W
[GPU Processes]
10116, 15200 MiB, VLLM::EngineCore
[CPU]
 20:42:50 up 22 days, 19:46,  0 users,  load average: 19.10, 19.05, 19.39
[Memory]
Mem:           1.8Ti        58Gi       353Gi       2.2Gi       1.4Ti       1.7Ti
Swap:             0B          0B          0B
[Disk]
/dev/md127      5.9T  939G  4.9T  16% /home/ben
  Task dir: 33G

--- 2026-09-04 20:43:50 UTC ---
[GPU]
0, 0 %, 0 %, 0 MiB, 81559 MiB, 39, 69.66 W
[GPU Processes]
[CPU]
 20:43:50 up 22 days, 19:47,  0 users,  load average: 19.00, 19.01, 19.36
[Memory]
Mem:           1.8Ti        51Gi       351Gi       1.3Gi       1.4Ti       1.7Ti
Swap:             0B          0B          0B
[Disk]
/dev/md127      5.9T  947G  4.9T  16% /home/ben
  Task dir: 33G

--- 2026-09-04 20:44:50 UTC ---
[GPU]
0, 0 %, 0 %, 0 MiB, 81559 MiB, 37, 69.39 W
[GPU Processes]
[CPU]
 20:44:50 up 22 days, 19:48,  0 users,  load average: 18.59, 18.87, 19.29
[Memory]
Mem:           1.8Ti        53Gi       348Gi       1.6Gi       1.4Ti       1.7Ti
Swap:             0B          0B          0B
[Disk]
/dev/md127      5.9T  947G  4.9T  16% /home/ben
  Task dir: 33G

--- 2026-09-04 20:45:50 UTC ---
[GPU]
0, 0 %, 0 %, 0 MiB, 81559 MiB, 38, 69.48 W
[GPU Processes]
[CPU]
 20:45:50 up 22 days, 19:49,  0 users,  load average: 19.12, 18.97, 19.29
[Memory]
Mem:           1.8Ti        55Gi       347Gi       2.4Gi       1.4Ti       1.7Ti
Swap:             0B          0B          0B
[Disk]
/dev/md127      5.9T  947G  4.9T  16% /home/ben
  Task dir: 33G

--- 2026-09-04 20:46:51 UTC ---
[GPU]
0, 0 %, 0 %, 4 MiB, 81559 MiB, 37, 69.38 W
[GPU Processes]
[CPU]
 20:46:51 up 22 days, 19:50,  0 users,  load average: 19.78, 19.14, 19.33
[Memory]
Mem:           1.8Ti        54Gi       348Gi       1.8Gi       1.4Ti       1.7Ti
Swap:             0B          0B          0B
[Disk]
/dev/md127      5.9T  947G  4.9T  16% /home/ben
  Task dir: 33G

--- 2026-09-04 20:47:51 UTC ---
[GPU]
0, 98 %, 46 %, 54161 MiB, 81559 MiB, 57, 515.69 W
[GPU Processes]
10932, 42886 MiB, python
[CPU]
 20:47:51 up 22 days, 19:51,  0 users,  load average: 18.82, 19.00, 19.27
[Memory]
Mem:           1.8Ti        54Gi       347Gi       1.6Gi       1.4Ti       1.7Ti
Swap:             0B          0B          0B
[Disk]
/dev/md127      5.9T  947G  4.9T  16% /home/ben
  Task dir: 33G

--- 2026-09-04 20:48:51 UTC ---
[GPU]
0, 100 %, 42 %, 54163 MiB, 81559 MiB, 58, 511.69 W
[GPU Processes]
10932, 42888 MiB, python
[CPU]
 20:48:51 up 22 days, 19:52,  0 users,  load average: 19.34, 19.17, 19.31
[Memory]
Mem:           1.8Ti        59Gi       343Gi       2.2Gi       1.4Ti       1.7Ti
Swap:             0B          0B          0B
[Disk]
/dev/md127      5.9T  947G  4.9T  16% /home/ben
  Task dir: 33G

--- 2026-09-04 20:49:51 UTC ---
[GPU]
0, 94 %, 42 %, 54165 MiB, 81559 MiB, 60, 510.53 W
[GPU Processes]
10932, 42890 MiB, python
[CPU]
 20:49:51 up 22 days, 19:53,  0 users,  load average: 18.66, 19.00, 19.24
[Memory]
Mem:           1.8Ti        51Gi       352Gi       1.3Gi       1.4Ti       1.7Ti
Swap:             0B          0B          0B
[Disk]
/dev/md127      5.9T  947G  4.9T  16% /home/ben
  Task dir: 33G

--- 2026-09-04 20:50:51 UTC ---
[GPU]
0, 99 %, 51 %, 54165 MiB, 81559 MiB, 61, 500.15 W
[GPU Processes]
10932, 42890 MiB, python
[CPU]
 20:50:51 up 22 days, 19:54,  0 users,  load average: 19.19, 19.13, 19.27
[Memory]
Mem:           1.8Ti        54Gi       347Gi       1.6Gi       1.4Ti       1.7Ti
Swap:             0B          0B          0B
[Disk]
/dev/md127      5.9T  947G  4.9T  16% /home/ben
  Task dir: 33G

--- 2026-09-04 20:51:51 UTC ---
[GPU]
0, 82 %, 31 %, 54165 MiB, 81559 MiB, 61, 490.40 W
[GPU Processes]
10932, 42890 MiB, python
[CPU]
 20:51:51 up 22 days, 19:55,  0 users,  load average: 18.13, 18.82, 19.15
[Memory]
Mem:           1.8Ti        56Gi       338Gi       1.8Gi       1.4Ti       1.7Ti
Swap:             0B          0B          0B
[Disk]
/dev/md127      5.9T  955G  4.9T  17% /home/ben
  Task dir: 33G

--- 2026-09-04 20:52:51 UTC ---
[GPU]
0, 98 %, 51 %, 54165 MiB, 81559 MiB, 61, 481.60 W
[GPU Processes]
10932, 42890 MiB, python
[CPU]
 20:52:52 up 22 days, 19:56,  0 users,  load average: 17.78, 18.62, 19.06
[Memory]
Mem:           1.8Ti        51Gi       342Gi       1.6Gi       1.4Ti       1.7Ti
Swap:             0B          0B          0B
[Disk]
/dev/md127      5.9T  956G  4.9T  17% /home/ben
  Task dir: 33G

--- 2026-09-04 20:53:52 UTC ---
[GPU]
0, 84 %, 35 %, 54165 MiB, 81559 MiB, 60, 463.34 W
[GPU Processes]
10932, 42890 MiB, python
[CPU]
 20:53:52 up 22 days, 19:57,  0 users,  load average: 17.78, 18.53, 19.01
[Memory]
Mem:           1.8Ti        51Gi       341Gi       1.6Gi       1.4Ti       1.7Ti
Swap:             0B          0B          0B
[Disk]
/dev/md127      5.9T  956G  4.9T  17% /home/ben
  Task dir: 33G

--- 2026-09-04 20:54:52 UTC ---
[GPU]
0, 94 %, 40 %, 54165 MiB, 81559 MiB, 60, 448.51 W
[GPU Processes]
10932, 42890 MiB, python
[CPU]
 20:54:52 up 22 days, 19:58,  0 users,  load average: 17.47, 18.30, 18.89
[Memory]
Mem:           1.8Ti        54Gi       331Gi       1.8Gi       1.4Ti       1.7Ti
Swap:             0B          0B          0B
[Disk]
/dev/md127      5.9T  964G  4.9T  17% /home/ben
  Task dir: 33G

--- 2026-09-04 20:55:52 UTC ---
[GPU]
0, 81 %, 35 %, 54165 MiB, 81559 MiB, 60, 453.83 W
[GPU Processes]
10932, 42890 MiB, python
[CPU]
 20:55:52 up 22 days, 19:59,  0 users,  load average: 17.65, 18.21, 18.83
[Memory]
Mem:           1.8Ti        56Gi       329Gi       2.2Gi       1.4Ti       1.7Ti
Swap:             0B          0B          0B
[Disk]
/dev/md127      5.9T  964G  4.9T  17% /home/ben
  Task dir: 33G

--- 2026-09-04 20:56:52 UTC ---
[GPU]
0, 73 %, 30 %, 54165 MiB, 81559 MiB, 59, 426.42 W
[GPU Processes]
10932, 42890 MiB, python
[CPU]
 20:56:52 up 22 days, 20:00,  0 users,  load average: 17.34, 18.00, 18.72
[Memory]
Mem:           1.8Ti        51Gi       333Gi       1.3Gi       1.4Ti       1.7Ti
Swap:             0B          0B          0B
[Disk]
/dev/md127      5.9T  964G  4.9T  17% /home/ben
  Task dir: 33G

--- 2026-09-04 20:57:52 UTC ---
[GPU]
0, 81 %, 34 %, 54165 MiB, 81559 MiB, 59, 426.74 W
[GPU Processes]
10932, 42890 MiB, python
[CPU]
 20:57:52 up 22 days, 20:01,  0 users,  load average: 16.67, 17.67, 18.55
[Memory]
Mem:           1.8Ti        51Gi       334Gi       1.8Gi       1.4Ti       1.7Ti
Swap:             0B          0B          0B
[Disk]
/dev/md127      5.9T  964G  4.9T  17% /home/ben
  Task dir: 33G

--- 2026-09-04 20:58:52 UTC ---
[GPU]
0, 83 %, 16 %, 54165 MiB, 81559 MiB, 55, 397.23 W
[GPU Processes]
10932, 42890 MiB, python
[CPU]
 20:58:52 up 22 days, 20:02,  0 users,  load average: 16.82, 17.53, 18.44
[Memory]
Mem:           1.8Ti        52Gi       354Gi       1.8Gi       1.4Ti       1.7Ti
Swap:             0B          0B          0B
[Disk]
/dev/md127      5.9T  948G  4.9T  16% /home/ben
  Task dir: 33G

--- 2026-09-04 20:59:52 UTC ---
[GPU]
0, 74 %, 33 %, 54165 MiB, 81559 MiB, 56, 386.06 W
[GPU Processes]
10932, 42890 MiB, python
[CPU]
 20:59:53 up 22 days, 20:03,  0 users,  load average: 15.95, 17.17, 18.26
[Memory]
Mem:           1.8Ti        47Gi       360Gi       1.2Gi       1.4Ti       1.7Ti
Swap:             0B          0B          0B
[Disk]
/dev/md127      5.9T  948G  4.9T  16% /home/ben
  Task dir: 33G

--- 2026-09-04 21:00:53 UTC ---
[GPU]
0, 100 %, 65 %, 54165 MiB, 81559 MiB, 64, 580.08 W
[GPU Processes]
10932, 42890 MiB, python
[CPU]
 21:00:53 up 22 days, 20:04,  0 users,  load average: 16.62, 17.14, 18.18
[Memory]
Mem:           1.8Ti        52Gi       354Gi       1.8Gi       1.4Ti       1.7Ti
Swap:             0B          0B          0B
[Disk]
/dev/md127      5.9T  948G  4.9T  16% /home/ben
  Task dir: 33G

--- 2026-09-04 21:01:53 UTC ---
[GPU]
0, 100 %, 60 %, 54165 MiB, 81559 MiB, 62, 604.44 W
[GPU Processes]
10932, 42890 MiB, python
[CPU]
 21:01:53 up 22 days, 20:05,  0 users,  load average: 17.05, 17.17, 18.13
[Memory]
Mem:           1.8Ti        51Gi       351Gi       1.8Gi       1.4Ti       1.7Ti
Swap:             0B          0B          0B
[Disk]
/dev/md127      5.9T  948G  4.9T  16% /home/ben
  Task dir: 33G

--- 2026-09-04 21:02:53 UTC ---
[GPU]
0, 100 %, 67 %, 54165 MiB, 81559 MiB, 60, 604.88 W
[GPU Processes]
10932, 42890 MiB, python
[CPU]
 21:02:53 up 22 days, 20:06,  0 users,  load average: 17.24, 17.21, 18.08
[Memory]
Mem:           1.8Ti        53Gi       349Gi       1.8Gi       1.4Ti       1.7Ti
Swap:             0B          0B          0B
[Disk]
/dev/md127      5.9T  948G  4.9T  16% /home/ben
  Task dir: 33G

--- 2026-09-04 21:03:53 UTC ---
[GPU]
0, 100 %, 66 %, 54165 MiB, 81559 MiB, 58, 589.78 W
[GPU Processes]
10932, 42890 MiB, python
[CPU]
 21:03:53 up 22 days, 20:07,  0 users,  load average: 17.20, 17.20, 18.02
[Memory]
Mem:           1.8Ti        53Gi       348Gi       1.8Gi       1.4Ti       1.7Ti
Swap:             0B          0B          0B
[Disk]
/dev/md127      5.9T  948G  4.9T  16% /home/ben
  Task dir: 33G

--- 2026-09-04 21:04:53 UTC ---
[GPU]
0, 93 %, 61 %, 54165 MiB, 81559 MiB, 55, 597.65 W
[GPU Processes]
10932, 42890 MiB, python
[CPU]
 21:04:53 up 22 days, 20:08,  0 users,  load average: 22.12, 18.74, 18.51
[Memory]
Mem:           1.8Ti        55Gi       330Gi       1.9Gi       1.4Ti       1.7Ti
Swap:             0B          0B          0B
[Disk]
/dev/md127      5.9T  964G  4.9T  17% /home/ben
  Task dir: 33G

--- 2026-09-04 21:05:53 UTC ---
[GPU]
0, 100 %, 65 %, 54165 MiB, 81559 MiB, 58, 555.30 W
[GPU Processes]
10932, 42890 MiB, python
[CPU]
 21:05:53 up 22 days, 20:09,  0 users,  load average: 20.37, 18.85, 18.56
[Memory]
Mem:           1.8Ti        61Gi       328Gi       2.4Gi       1.4Ti       1.7Ti
Swap:             0B          0B          0B
[Disk]
/dev/md127      5.9T  986G  4.9T  17% /home/ben
  Task dir: 33G

--- 2026-09-04 21:06:54 UTC ---
[GPU]
0, 99 %, 69 %, 54165 MiB, 81559 MiB, 60, 603.49 W
[GPU Processes]
10932, 42890 MiB, python
[CPU]
 21:06:54 up 22 days, 20:10,  0 users,  load average: 19.82, 18.97, 18.62
[Memory]
Mem:           1.8Ti        62Gi       321Gi       2.8Gi       1.4Ti       1.7Ti
Swap:             0B          0B          0B
[Disk]
/dev/md127      5.9T  986G  4.9T  17% /home/ben
  Task dir: 33G

--- 2026-09-04 21:07:54 UTC ---
[GPU]
0, 100 %, 61 %, 54165 MiB, 81559 MiB, 59, 610.21 W
[GPU Processes]
10932, 42890 MiB, python
[CPU]
 21:07:54 up 22 days, 20:11,  0 users,  load average: 21.92, 19.59, 18.85
[Memory]
Mem:           1.8Ti        57Gi       329Gi       2.0Gi       1.4Ti       1.7Ti
Swap:             0B          0B          0B
[Disk]
/dev/md127      5.9T  986G  4.9T  17% /home/ben
  Task dir: 33G

--- 2026-09-04 21:08:54 UTC ---
[GPU]
0, 100 %, 68 %, 54165 MiB, 81559 MiB, 57, 572.48 W
[GPU Processes]
10932, 42890 MiB, python
[CPU]
 21:08:54 up 22 days, 20:12,  0 users,  load average: 20.22, 19.50, 18.87
[Memory]
Mem:           1.8Ti        63Gi       326Gi       2.4Gi       1.4Ti       1.7Ti
Swap:             0B          0B          0B
[Disk]
/dev/md127      5.9T  988G  4.9T  17% /home/ben
  Task dir: 33G

--- 2026-09-04 21:09:54 UTC ---
[GPU]
0, 89 %, 46 %, 54165 MiB, 81559 MiB, 57, 541.12 W
[GPU Processes]
10932, 42890 MiB, python
[CPU]
 21:09:54 up 22 days, 20:13,  0 users,  load average: 19.26, 19.35, 18.85
[Memory]
Mem:           1.8Ti        58Gi       327Gi       2.0Gi       1.4Ti       1.7Ti
Swap:             0B          0B          0B
[Disk]
/dev/md127      5.9T 1009G  4.9T  17% /home/ben
  Task dir: 33G

--- 2026-09-04 21:10:54 UTC ---
[GPU]
0, 100 %, 66 %, 54165 MiB, 81559 MiB, 64, 557.97 W
[GPU Processes]
10932, 42890 MiB, python
[CPU]
 21:10:54 up 22 days, 20:14,  0 users,  load average: 18.66, 19.19, 18.83
[Memory]
Mem:           1.8Ti        53Gi       316Gi       1.8Gi       1.4Ti       1.7Ti
Swap:             0B          0B          0B
[Disk]
/dev/md127      5.9T  1.1T  4.9T  18% /home/ben
  Task dir: 33G

--- 2026-09-04 21:11:54 UTC ---
[GPU]
0, 100 %, 59 %, 54165 MiB, 81559 MiB, 65, 595.05 W
[GPU Processes]
10932, 42890 MiB, python
[CPU]
 21:11:54 up 22 days, 20:15,  0 users,  load average: 17.55, 18.76, 18.70
[Memory]
Mem:           1.8Ti        54Gi       314Gi       1.9Gi       1.4Ti       1.7Ti
Swap:             0B          0B          0B
[Disk]
/dev/md127      5.9T  1.1T  4.9T  18% /home/ben
  Task dir: 33G

--- 2026-09-04 21:12:54 UTC ---
[GPU]
0, 100 %, 53 %, 54165 MiB, 81559 MiB, 64, 551.80 W
[GPU Processes]
10932, 42890 MiB, python
[CPU]
 21:12:55 up 22 days, 20:16,  0 users,  load average: 19.17, 18.98, 18.78
[Memory]
Mem:           1.8Ti        64Gi       298Gi       2.9Gi       1.4Ti       1.7Ti
Swap:             0B          0B          0B
[Disk]
/dev/md127      5.9T  1.1T  4.9T  18% /home/ben
  Task dir: 33G

--- 2026-09-04 21:13:55 UTC ---
[GPU]
0, 80 %, 34 %, 54165 MiB, 81559 MiB, 63, 549.90 W
[GPU Processes]
10932, 42890 MiB, python
[CPU]
 21:13:55 up 22 days, 20:17,  0 users,  load average: 20.70, 19.44, 18.95
[Memory]
Mem:           1.8Ti        64Gi       294Gi       3.0Gi       1.4Ti       1.7Ti
Swap:             0B          0B          0B
[Disk]
/dev/md127      5.9T  1.1T  4.8T  18% /home/ben
  Task dir: 33G

--- 2026-09-04 21:14:55 UTC ---
[GPU]
0, 75 %, 36 %, 54165 MiB, 81559 MiB, 62, 549.62 W
[GPU Processes]
10932, 42890 MiB, python
[CPU]
 21:14:55 up 22 days, 20:18,  0 users,  load average: 19.65, 19.36, 18.96
[Memory]
Mem:           1.8Ti        58Gi       300Gi       2.4Gi       1.4Ti       1.7Ti
Swap:             0B          0B          0B
[Disk]
/dev/md127      5.9T  1.1T  4.8T  18% /home/ben
  Task dir: 33G

--- 2026-09-04 21:15:55 UTC ---
[GPU]
0, 97 %, 52 %, 54165 MiB, 81559 MiB, 64, 552.24 W
[GPU Processes]
10932, 42890 MiB, python
[CPU]
 21:15:55 up 22 days, 20:19,  0 users,  load average: 19.87, 19.47, 19.02
[Memory]
Mem:           1.8Ti        56Gi       294Gi       1.8Gi       1.5Ti       1.7Ti
Swap:             0B          0B          0B
[Disk]
/dev/md127      5.9T  1.1T  4.8T  18% /home/ben
  Task dir: 33G

--- 2026-09-04 21:16:55 UTC ---
[GPU]
0, 89 %, 45 %, 54165 MiB, 81559 MiB, 65, 553.41 W
[GPU Processes]
10932, 42890 MiB, python
[CPU]
 21:16:55 up 22 days, 20:20,  0 users,  load average: 19.65, 19.45, 19.04
[Memory]
Mem:           1.8Ti        60Gi       376Gi       1.8Gi       1.4Ti       1.7Ti
Swap:             0B          0B          0B
[Disk]
/dev/md127      5.9T  984G  4.9T  17% /home/ben
  Task dir: 33G

--- 2026-09-04 21:17:55 UTC ---
[GPU]
0, 97 %, 51 %, 54165 MiB, 81559 MiB, 61, 567.61 W
[GPU Processes]
10932, 42890 MiB, python
[CPU]
 21:17:55 up 22 days, 20:21,  0 users,  load average: 20.05, 19.60, 19.11
[Memory]
Mem:           1.8Ti        62Gi       372Gi       2.5Gi       1.4Ti       1.7Ti
Swap:             0B          0B          0B
[Disk]
/dev/md127      5.9T  998G  4.9T  17% /home/ben
  Task dir: 33G

--- 2026-09-04 21:18:55 UTC ---
[GPU]
0, 99 %, 56 %, 54165 MiB, 81559 MiB, 65, 547.35 W
[GPU Processes]
10932, 42890 MiB, python
[CPU]
 21:18:56 up 22 days, 20:22,  0 users,  load average: 20.10, 19.70, 19.18
[Memory]
Mem:           1.8Ti        61Gi       358Gi       2.5Gi       1.4Ti       1.7Ti
Swap:             0B          0B          0B
[Disk]
/dev/md127      5.9T 1022G  4.9T  18% /home/ben
  Task dir: 33G

--- 2026-09-04 21:19:56 UTC ---
[GPU]
0, 84 %, 32 %, 54165 MiB, 81559 MiB, 61, 578.52 W
[GPU Processes]
10932, 42890 MiB, python
[CPU]
 21:19:56 up 22 days, 20:23,  0 users,  load average: 20.29, 19.83, 19.26
[Memory]
Mem:           1.8Ti        65Gi       369Gi       2.5Gi       1.4Ti       1.7Ti
Swap:             0B          0B          0B
[Disk]
/dev/md127      5.9T  998G  4.9T  17% /home/ben
  Task dir: 33G

--- 2026-09-04 21:20:56 UTC ---
[GPU]
0, 100 %, 53 %, 54165 MiB, 81559 MiB, 58, 527.12 W
[GPU Processes]
10932, 42890 MiB, python
[CPU]
 21:20:56 up 22 days, 20:24,  0 users,  load average: 22.01, 20.31, 19.46
[Memory]
Mem:           1.8Ti        77Gi       356Gi       2.5Gi       1.4Ti       1.7Ti
Swap:             0B          0B          0B
[Disk]
/dev/md127      5.9T 1011G  4.9T  17% /home/ben
  Task dir: 33G

--- 2026-09-04 21:21:56 UTC ---
[GPU]
0, 100 %, 55 %, 54165 MiB, 81559 MiB, 60, 583.46 W
[GPU Processes]
10932, 42890 MiB, python
[CPU]
 21:21:56 up 22 days, 20:25,  0 users,  load average: 21.37, 20.46, 19.57
[Memory]
Mem:           1.8Ti        74Gi       359Gi       2.5Gi       1.4Ti       1.7Ti
Swap:             0B          0B          0B
[Disk]
/dev/md127      5.9T 1020G  4.9T  18% /home/ben
  Task dir: 33G

--- 2026-09-04 21:22:56 UTC ---
[GPU]
0, 95 %, 48 %, 54165 MiB, 81559 MiB, 56, 531.29 W
[GPU Processes]
10932, 42890 MiB, python
[CPU]
 21:22:56 up 22 days, 20:26,  0 users,  load average: 20.58, 20.39, 19.60
[Memory]
Mem:           1.8Ti        74Gi       359Gi       2.5Gi       1.4Ti       1.7Ti
Swap:             0B          0B          0B
[Disk]
/dev/md127      5.9T 1020G  4.9T  18% /home/ben
  Task dir: 33G

--- 2026-09-04 21:23:56 UTC ---
[GPU]
0, 90 %, 44 %, 54165 MiB, 81559 MiB, 56, 526.72 W
[GPU Processes]
10932, 42890 MiB, python
[CPU]
 21:23:56 up 22 days, 20:27,  0 users,  load average: 20.33, 20.35, 19.64
[Memory]
Mem:           1.8Ti        75Gi       359Gi       2.5Gi       1.4Ti       1.7Ti
Swap:             0B          0B          0B
[Disk]
/dev/md127      5.9T 1020G  4.9T  18% /home/ben
  Task dir: 33G

--- 2026-09-04 21:24:56 UTC ---
[GPU]
0, 94 %, 50 %, 54165 MiB, 81559 MiB, 56, 522.96 W
[GPU Processes]
10932, 42890 MiB, python
[CPU]
 21:24:57 up 22 days, 20:28,  0 users,  load average: 20.42, 20.38, 19.70
[Memory]
Mem:           1.8Ti        75Gi       358Gi       2.5Gi       1.4Ti       1.7Ti
Swap:             0B          0B          0B
[Disk]
/dev/md127      5.9T  1.1T  4.8T  18% /home/ben
  Task dir: 33G

--- 2026-09-04 21:25:57 UTC ---
[GPU]
0, 66 %, 14 %, 54165 MiB, 81559 MiB, 55, 525.92 W
[GPU Processes]
10932, 42890 MiB, python
[CPU]
 21:25:57 up 22 days, 20:29,  0 users,  load average: 20.45, 20.40, 19.75
[Memory]
Mem:           1.8Ti        75Gi       358Gi       2.5Gi       1.4Ti       1.7Ti
Swap:             0B          0B          0B
[Disk]
/dev/md127      5.9T  1.1T  4.8T  18% /home/ben
  Task dir: 33G

--- 2026-09-04 21:26:57 UTC ---
[GPU]
0, 95 %, 49 %, 54165 MiB, 81559 MiB, 55, 532.43 W
[GPU Processes]
10932, 42890 MiB, python
[CPU]
 21:26:57 up 22 days, 20:30,  0 users,  load average: 20.65, 20.45, 19.81
[Memory]
Mem:           1.8Ti        75Gi       358Gi       2.5Gi       1.4Ti       1.7Ti
Swap:             0B          0B          0B
[Disk]
/dev/md127      5.9T  1.1T  4.8T  18% /home/ben
  Task dir: 33G

--- 2026-09-04 21:27:57 UTC ---
[GPU]
0, 94 %, 50 %, 54165 MiB, 81559 MiB, 56, 519.41 W
[GPU Processes]
10932, 42890 MiB, python
[CPU]
 21:27:57 up 22 days, 20:31,  0 users,  load average: 20.56, 20.46, 19.86
[Memory]
Mem:           1.8Ti        75Gi       358Gi       2.5Gi       1.4Ti       1.7Ti
Swap:             0B          0B          0B
[Disk]
/dev/md127      5.9T  1.1T  4.8T  18% /home/ben
  Task dir: 33G

--- 2026-09-04 21:28:57 UTC ---
[GPU]
0, 81 %, 28 %, 54165 MiB, 81559 MiB, 55, 529.51 W
[GPU Processes]
10932, 42890 MiB, python
[CPU]
 21:28:57 up 22 days, 20:32,  0 users,  load average: 20.28, 20.39, 19.87
[Memory]
Mem:           1.8Ti        75Gi       358Gi       2.5Gi       1.4Ti       1.7Ti
Swap:             0B          0B          0B
[Disk]
/dev/md127      5.9T  1.1T  4.8T  18% /home/ben
  Task dir: 33G

--- 2026-09-04 21:29:57 UTC ---
[GPU]
0, 83 %, 30 %, 54165 MiB, 81559 MiB, 53, 533.36 W
[GPU Processes]
10932, 42890 MiB, python
[CPU]
 21:29:57 up 22 days, 20:33,  0 users,  load average: 20.35, 20.40, 19.92
[Memory]
Mem:           1.8Ti        77Gi       358Gi       2.5Gi       1.4Ti       1.7Ti
Swap:             0B          0B          0B
[Disk]
/dev/md127      5.9T  1.1T  4.8T  18% /home/ben
  Task dir: 33G

--- 2026-09-04 21:30:57 UTC ---
[GPU]
0, 83 %, 42 %, 54165 MiB, 81559 MiB, 53, 528.18 W
[GPU Processes]
10932, 42890 MiB, python
[CPU]
 21:30:58 up 22 days, 20:34,  0 users,  load average: 20.08, 20.33, 19.92
[Memory]
Mem:           1.8Ti        72Gi       362Gi       2.5Gi       1.4Ti       1.7Ti
Swap:             0B          0B          0B
[Disk]
/dev/md127      5.9T  1.1T  4.8T  19% /home/ben
  Task dir: 33G

--- 2026-09-04 21:31:58 UTC ---
[GPU]
0, 82 %, 33 %, 54165 MiB, 81559 MiB, 54, 502.91 W
[GPU Processes]
10932, 42890 MiB, python
[CPU]
 21:31:58 up 22 days, 20:35,  0 users,  load average: 21.07, 20.70, 20.08
[Memory]
Mem:           1.8Ti        70Gi       363Gi       2.3Gi       1.4Ti       1.7Ti
Swap:             0B          0B          0B
[Disk]
/dev/md127      5.9T  1.1T  4.8T  19% /home/ben
  Task dir: 33G

--- 2026-09-04 21:32:58 UTC ---
[GPU]
0, 100 %, 44 %, 54165 MiB, 81559 MiB, 53, 491.57 W
[GPU Processes]
10932, 42890 MiB, python
[CPU]
 21:32:58 up 22 days, 20:36,  0 users,  load average: 20.09, 20.49, 20.05
[Memory]
Mem:           1.8Ti        70Gi       363Gi       2.5Gi       1.4Ti       1.7Ti
Swap:             0B          0B          0B
[Disk]
/dev/md127      5.9T  1.1T  4.8T  19% /home/ben
  Task dir: 33G

--- 2026-09-04 21:33:58 UTC ---
[GPU]
0, 94 %, 44 %, 54165 MiB, 81559 MiB, 55, 486.74 W
[GPU Processes]
10932, 42890 MiB, python
[CPU]
 21:33:58 up 22 days, 20:37,  0 users,  load average: 19.77, 20.33, 20.02
[Memory]
Mem:           1.8Ti        71Gi       363Gi       2.5Gi       1.4Ti       1.7Ti
Swap:             0B          0B          0B
[Disk]
/dev/md127      5.9T  1.1T  4.8T  19% /home/ben
  Task dir: 33G

--- 2026-09-04 21:34:58 UTC ---
[GPU]
0, 100 %, 49 %, 54165 MiB, 81559 MiB, 55, 486.47 W
[GPU Processes]
10932, 42890 MiB, python
[CPU]
 21:34:58 up 22 days, 20:38,  0 users,  load average: 19.53, 20.15, 19.98
[Memory]
Mem:           1.8Ti        70Gi       362Gi       2.3Gi       1.4Ti       1.7Ti
Swap:             0B          0B          0B
[Disk]
/dev/md127      5.9T  1.1T  4.8T  19% /home/ben
  Task dir: 33G

--- 2026-09-04 21:35:58 UTC ---
[GPU]
0, 77 %, 33 %, 54165 MiB, 81559 MiB, 54, 486.94 W
[GPU Processes]
10932, 42890 MiB, python
[CPU]
 21:35:58 up 22 days, 20:39,  0 users,  load average: 19.37, 19.99, 19.93
[Memory]
Mem:           1.8Ti        70Gi       363Gi       2.3Gi       1.4Ti       1.7Ti
Swap:             0B          0B          0B
[Disk]
/dev/md127      5.9T  1.1T  4.8T  19% /home/ben
  Task dir: 33G

--- 2026-09-04 21:36:58 UTC ---
[GPU]
0, 84 %, 44 %, 54165 MiB, 81559 MiB, 54, 484.61 W
[GPU Processes]
10932, 42890 MiB, python
[CPU]
 21:36:58 up 22 days, 20:40,  0 users,  load average: 19.81, 20.00, 19.94
[Memory]
Mem:           1.8Ti        71Gi       363Gi       2.5Gi       1.4Ti       1.7Ti
Swap:             0B          0B          0B
[Disk]
/dev/md127      5.9T  1.1T  4.8T  19% /home/ben
  Task dir: 33G

--- 2026-09-04 21:37:59 UTC ---
[GPU]
0, 85 %, 39 %, 54165 MiB, 81559 MiB, 53, 463.20 W
[GPU Processes]
10932, 42890 MiB, python
[CPU]
 21:37:59 up 22 days, 20:41,  0 users,  load average: 20.43, 20.05, 19.96
[Memory]
Mem:           1.8Ti        67Gi       366Gi       1.4Gi       1.4Ti       1.7Ti
Swap:             0B          0B          0B
[Disk]
/dev/md127      5.9T  1.1T  4.8T  19% /home/ben
  Task dir: 33G

--- 2026-09-04 21:38:59 UTC ---
[GPU]
0, 91 %, 40 %, 54165 MiB, 81559 MiB, 52, 452.37 W
[GPU Processes]
10932, 42890 MiB, python
[CPU]
 21:38:59 up 22 days, 20:42,  0 users,  load average: 21.02, 20.47, 20.12
[Memory]
Mem:           1.8Ti        68Gi       365Gi       1.6Gi       1.4Ti       1.7Ti
Swap:             0B          0B          0B
[Disk]
/dev/md127      5.9T  1.1T  4.8T  19% /home/ben
  Task dir: 33G

--- 2026-09-04 21:39:59 UTC ---
[GPU]
0, 87 %, 47 %, 54165 MiB, 81559 MiB, 55, 466.85 W
[GPU Processes]
10932, 42890 MiB, python
[CPU]
 21:39:59 up 22 days, 20:43,  0 users,  load average: 20.18, 20.31, 20.08
[Memory]
Mem:           1.8Ti        70Gi       365Gi       1.9Gi       1.4Ti       1.7Ti
Swap:             0B          0B          0B
[Disk]
/dev/md127      5.9T  1.1T  4.8T  19% /home/ben
  Task dir: 33G

--- 2026-09-04 21:40:59 UTC ---
[GPU]
0, 77 %, 17 %, 54165 MiB, 81559 MiB, 50, 461.59 W
[GPU Processes]
10932, 42890 MiB, python
[CPU]
 21:40:59 up 22 days, 20:44,  0 users,  load average: 20.89, 20.51, 20.17
[Memory]
Mem:           1.8Ti        70Gi       364Gi       1.4Gi       1.4Ti       1.7Ti
Swap:             0B          0B          0B
[Disk]
/dev/md127      5.9T  1.1T  4.8T  19% /home/ben
  Task dir: 33G

--- 2026-09-04 21:41:59 UTC ---
[GPU]
0, 85 %, 40 %, 54165 MiB, 81559 MiB, 54, 466.45 W
[GPU Processes]
10932, 42890 MiB, python
[CPU]
 21:41:59 up 22 days, 20:45,  0 users,  load average: 20.62, 20.51, 20.19
[Memory]
Mem:           1.8Ti        71Gi       362Gi       1.7Gi       1.4Ti       1.7Ti
Swap:             0B          0B          0B
[Disk]
/dev/md127      5.9T  1.1T  4.8T  19% /home/ben
  Task dir: 33G

--- 2026-09-04 21:42:59 UTC ---
[GPU]
0, 88 %, 33 %, 54165 MiB, 81559 MiB, 53, 480.73 W
[GPU Processes]
10932, 42890 MiB, python
[CPU]
 21:42:59 up 22 days, 20:46,  0 users,  load average: 20.54, 20.49, 20.20
[Memory]
Mem:           1.8Ti        72Gi       362Gi       1.9Gi       1.4Ti       1.7Ti
Swap:             0B          0B          0B
[Disk]
/dev/md127      5.9T  1.1T  4.8T  19% /home/ben
  Task dir: 33G

--- 2026-09-04 21:43:59 UTC ---
[GPU]
0, 95 %, 43 %, 54165 MiB, 81559 MiB, 54, 488.51 W
[GPU Processes]
10932, 42890 MiB, python
[CPU]
 21:44:00 up 22 days, 20:47,  0 users,  load average: 20.50, 20.50, 20.22
[Memory]
Mem:           1.8Ti        70Gi       364Gi       1.4Gi       1.4Ti       1.7Ti
Swap:             0B          0B          0B
[Disk]
/dev/md127      5.9T  1.1T  4.8T  19% /home/ben
  Task dir: 33G

--- 2026-09-04 21:45:00 UTC ---
[GPU]
0, 66 %, 12 %, 54165 MiB, 81559 MiB, 53, 444.14 W
[GPU Processes]
10932, 42890 MiB, python
[CPU]
 21:45:00 up 22 days, 20:48,  0 users,  load average: 20.28, 20.44, 20.21
[Memory]
Mem:           1.8Ti        70Gi       362Gi       1.7Gi       1.4Ti       1.7Ti
Swap:             0B          0B          0B
[Disk]
/dev/md127      5.9T  1.1T  4.8T  19% /home/ben
  Task dir: 33G

--- 2026-09-04 21:46:00 UTC ---
[GPU]
0, 80 %, 31 %, 54165 MiB, 81559 MiB, 53, 440.42 W
[GPU Processes]
10932, 42890 MiB, python
[CPU]
 21:46:00 up 22 days, 20:49,  0 users,  load average: 20.41, 20.44, 20.23
[Memory]
Mem:           1.8Ti        72Gi       362Gi       1.9Gi       1.4Ti       1.7Ti
Swap:             0B          0B          0B
[Disk]
/dev/md127      5.9T  1.1T  4.8T  19% /home/ben
  Task dir: 33G

--- 2026-09-04 21:47:00 UTC ---
[GPU]
0, 82 %, 12 %, 54165 MiB, 81559 MiB, 50, 425.76 W
[GPU Processes]
10932, 42890 MiB, python
[CPU]
 21:47:00 up 22 days, 20:50,  0 users,  load average: 20.54, 20.45, 20.24
[Memory]
Mem:           1.8Ti        70Gi       364Gi       1.3Gi       1.4Ti       1.7Ti
Swap:             0B          0B          0B
[Disk]
/dev/md127      5.9T  1.1T  4.8T  19% /home/ben
  Task dir: 33G

--- 2026-09-04 21:48:00 UTC ---
[GPU]
0, 82 %, 33 %, 54171 MiB, 81559 MiB, 52, 442.49 W
[GPU Processes]
10932, 42896 MiB, python
[CPU]
 21:48:00 up 22 days, 20:51,  0 users,  load average: 20.29, 20.40, 20.24
[Memory]
Mem:           1.8Ti        70Gi       363Gi       1.7Gi       1.4Ti       1.7Ti
Swap:             0B          0B          0B
[Disk]
/dev/md127      5.9T  1.1T  4.8T  19% /home/ben
  Task dir: 33G

--- 2026-09-04 21:49:00 UTC ---
[GPU]
0, 69 %, 25 %, 54171 MiB, 81559 MiB, 52, 435.56 W
[GPU Processes]
10932, 42896 MiB, python
[CPU]
 21:49:00 up 22 days, 20:52,  0 users,  load average: 20.22, 20.35, 20.23
[Memory]
Mem:           1.8Ti        71Gi       362Gi       1.9Gi       1.4Ti       1.7Ti
Swap:             0B          0B          0B
[Disk]
/dev/md127      5.9T  1.1T  4.8T  19% /home/ben
  Task dir: 33G

--- 2026-09-04 21:50:00 UTC ---
[GPU]
0, 78 %, 33 %, 54171 MiB, 81559 MiB, 52, 417.26 W
[GPU Processes]
10932, 42896 MiB, python
[CPU]
 21:50:00 up 22 days, 20:53,  0 users,  load average: 20.30, 20.35, 20.24
[Memory]
Mem:           1.8Ti        69Gi       365Gi       1.3Gi       1.4Ti       1.7Ti
Swap:             0B          0B          0B
[Disk]
/dev/md127      5.9T  1.1T  4.8T  19% /home/ben
  Task dir: 33G

--- 2026-09-04 21:51:01 UTC ---
[GPU]
0, 59 %, 10 %, 54171 MiB, 81559 MiB, 50, 384.45 W
[GPU Processes]
10932, 42896 MiB, python
[CPU]
 21:51:01 up 22 days, 20:54,  0 users,  load average: 20.22, 20.33, 20.23
[Memory]
Mem:           1.8Ti        71Gi       362Gi       1.7Gi       1.4Ti       1.7Ti
Swap:             0B          0B          0B
[Disk]
/dev/md127      5.9T  1.1T  4.8T  19% /home/ben
  Task dir: 33G

--- 2026-09-04 21:52:01 UTC ---
[GPU]
0, 100 %, 68 %, 54171 MiB, 81559 MiB, 54, 455.53 W
[GPU Processes]
10932, 42896 MiB, python
[CPU]
 21:52:01 up 22 days, 20:55,  0 users,  load average: 20.22, 20.31, 20.23
[Memory]
Mem:           1.8Ti        72Gi       362Gi       1.9Gi       1.4Ti       1.7Ti
Swap:             0B          0B          0B
[Disk]
/dev/md127      5.9T  1.1T  4.8T  19% /home/ben
  Task dir: 33G

--- 2026-09-04 21:53:01 UTC ---
[GPU]
0, 66 %, 9 %, 54171 MiB, 81559 MiB, 52, 576.36 W
[GPU Processes]
10932, 42896 MiB, python
[CPU]
 21:53:01 up 22 days, 20:56,  0 users,  load average: 20.25, 20.30, 20.23
[Memory]
Mem:           1.8Ti        69Gi       365Gi       1.3Gi       1.4Ti       1.7Ti
Swap:             0B          0B          0B
[Disk]
/dev/md127      5.9T  1.1T  4.8T  19% /home/ben
  Task dir: 33G

--- 2026-09-04 21:54:01 UTC ---
[GPU]
0, 75 %, 26 %, 54171 MiB, 81559 MiB, 55, 554.55 W
[GPU Processes]
10932, 42896 MiB, python
[CPU]
 21:54:01 up 22 days, 20:57,  0 users,  load average: 20.27, 20.29, 20.23
[Memory]
Mem:           1.8Ti        71Gi       362Gi       1.7Gi       1.4Ti       1.7Ti
Swap:             0B          0B          0B
[Disk]
/dev/md127      5.9T  1.1T  4.8T  19% /home/ben
  Task dir: 33G

--- 2026-09-04 21:55:01 UTC ---
[GPU]
0, 100 %, 60 %, 54171 MiB, 81559 MiB, 56, 602.14 W
[GPU Processes]
10932, 42896 MiB, python
[CPU]
 21:55:01 up 22 days, 20:58,  0 users,  load average: 21.02, 20.57, 20.34
[Memory]
Mem:           1.8Ti        68Gi       367Gi       1.2Gi       1.4Ti       1.7Ti
Swap:             0B          0B          0B
[Disk]
/dev/md127      5.9T  1.1T  4.8T  19% /home/ben
  Task dir: 33G

--- 2026-09-04 21:56:01 UTC ---
[GPU]
0, 100 %, 58 %, 54171 MiB, 81559 MiB, 56, 597.22 W
[GPU Processes]
10932, 42896 MiB, python
[CPU]
 21:56:01 up 22 days, 20:59,  0 users,  load average: 19.37, 20.20, 20.23
[Memory]
Mem:           1.8Ti        63Gi       372Gi       663Mi       1.4Ti       1.7Ti
Swap:             0B          0B          0B
[Disk]
/dev/md127      5.9T  1.1T  4.8T  19% /home/ben
  Task dir: 33G

--- 2026-09-04 21:57:02 UTC ---
[GPU]
0, 90 %, 52 %, 54171 MiB, 81559 MiB, 56, 589.51 W
[GPU Processes]
10932, 42896 MiB, python
[CPU]
 21:57:02 up 22 days, 21:00,  0 users,  load average: 18.81, 19.87, 20.11
[Memory]
Mem:           1.8Ti        63Gi       372Gi       663Mi       1.4Ti       1.7Ti
Swap:             0B          0B          0B
[Disk]
/dev/md127      5.9T  1.1T  4.8T  19% /home/ben
  Task dir: 33G

--- 2026-09-04 21:58:02 UTC ---
[GPU]
0, 94 %, 56 %, 54171 MiB, 81559 MiB, 56, 556.10 W
[GPU Processes]
10932, 42896 MiB, python
[CPU]
 21:58:02 up 22 days, 21:01,  0 users,  load average: 18.44, 19.58, 19.99
[Memory]
Mem:           1.8Ti        61Gi       366Gi       642Mi       1.4Ti       1.7Ti
Swap:             0B          0B          0B
[Disk]
/dev/md127      5.9T  1.1T  4.8T  19% /home/ben
  Task dir: 33G

--- 2026-09-04 21:59:02 UTC ---
[GPU]
0, 100 %, 57 %, 54171 MiB, 81559 MiB, 56, 594.96 W
[GPU Processes]
10932, 42896 MiB, python
[CPU]
 21:59:02 up 22 days, 21:02,  0 users,  load average: 19.69, 19.64, 19.98
[Memory]
Mem:           1.8Ti        67Gi       351Gi       1.0Gi       1.4Ti       1.7Ti
Swap:             0B          0B          0B
[Disk]
/dev/md127      5.9T  1.1T  4.8T  19% /home/ben
  Task dir: 33G

--- 2026-09-04 22:00:02 UTC ---
[GPU]
0, 94 %, 56 %, 54171 MiB, 81559 MiB, 58, 556.43 W
[GPU Processes]
10932, 42896 MiB, python
[CPU]
 22:00:02 up 22 days, 21:03,  0 users,  load average: 19.76, 19.66, 19.97
[Memory]
Mem:           1.8Ti        70Gi       348Gi       1.6Gi       1.4Ti       1.7Ti
Swap:             0B          0B          0B
[Disk]
/dev/md127      5.9T  1.1T  4.8T  19% /home/ben
  Task dir: 33G

--- 2026-09-04 22:01:02 UTC ---
[GPU]
0, 100 %, 54 %, 54171 MiB, 81559 MiB, 57, 551.33 W
[GPU Processes]
10932, 42896 MiB, python
[CPU]
 22:01:02 up 22 days, 21:04,  0 users,  load average: 20.22, 19.82, 20.01
[Memory]
Mem:           1.8Ti        72Gi       345Gi       2.2Gi       1.4Ti       1.7Ti
Swap:             0B          0B          0B
[Disk]
/dev/md127      5.9T  1.1T  4.8T  19% /home/ben
  Task dir: 33G

--- 2026-09-04 22:02:02 UTC ---
[GPU]
0, 95 %, 55 %, 54171 MiB, 81559 MiB, 57, 549.78 W
[GPU Processes]
10932, 42896 MiB, python
[CPU]
 22:02:02 up 22 days, 21:05,  0 users,  load average: 20.60, 19.99, 20.05
[Memory]
Mem:           1.8Ti        74Gi       343Gi       2.4Gi       1.4Ti       1.7Ti
Swap:             0B          0B          0B
[Disk]
/dev/md127      5.9T  1.1T  4.8T  19% /home/ben
  Task dir: 33G

--- 2026-09-04 22:03:02 UTC ---
[GPU]
0, 100 %, 51 %, 54171 MiB, 81559 MiB, 56, 536.74 W
[GPU Processes]
10932, 42896 MiB, python
[CPU]
 22:03:03 up 22 days, 21:06,  0 users,  load average: 20.13, 19.99, 20.05
[Memory]
Mem:           1.8Ti        65Gi       353Gi       1.2Gi       1.4Ti       1.7Ti
Swap:             0B          0B          0B
[Disk]
/dev/md127      5.9T  1.1T  4.8T  19% /home/ben
  Task dir: 33G

--- 2026-09-04 22:04:03 UTC ---
[GPU]
0, 100 %, 60 %, 54171 MiB, 81559 MiB, 57, 537.44 W
[GPU Processes]
10932, 42896 MiB, python
[CPU]
 22:04:03 up 22 days, 21:07,  0 users,  load average: 19.61, 19.87, 20.00
[Memory]
Mem:           1.8Ti        60Gi       359Gi       641Mi       1.4Ti       1.7Ti
Swap:             0B          0B          0B
[Disk]
/dev/md127      5.9T  1.1T  4.8T  19% /home/ben
  Task dir: 33G

--- 2026-09-04 22:05:03 UTC ---
[GPU]
0, 100 %, 59 %, 54171 MiB, 81559 MiB, 55, 546.76 W
[GPU Processes]
10932, 42896 MiB, python
[CPU]
 22:05:03 up 22 days, 21:08,  0 users,  load average: 18.90, 19.59, 19.89
[Memory]
Mem:           1.8Ti        62Gi       347Gi       1.0Gi       1.4Ti       1.7Ti
Swap:             0B          0B          0B
[Disk]
/dev/md127      5.9T  1.1T  4.8T  19% /home/ben
  Task dir: 33G

--- 2026-09-04 22:06:03 UTC ---
[GPU]
0, 100 %, 60 %, 54171 MiB, 81559 MiB, 57, 539.47 W
[GPU Processes]
10932, 42896 MiB, python
[CPU]
 22:06:03 up 22 days, 21:09,  0 users,  load average: 18.11, 19.25, 19.76
[Memory]
Mem:           1.8Ti        59Gi       345Gi       640Mi       1.4Ti       1.7Ti
Swap:             0B          0B          0B
[Disk]
/dev/md127      5.9T  1.2T  4.8T  19% /home/ben
  Task dir: 33G

--- 2026-09-04 22:07:03 UTC ---
[GPU]
0, 95 %, 54 %, 54171 MiB, 81559 MiB, 57, 590.59 W
[GPU Processes]
10932, 42896 MiB, python
[CPU]
 22:07:03 up 22 days, 21:10,  0 users,  load average: 18.53, 19.14, 19.68
[Memory]
Mem:           1.8Ti        63Gi       327Gi       1.0Gi       1.4Ti       1.7Ti
Swap:             0B          0B          0B
[Disk]
/dev/md127      5.9T  1.2T  4.7T  20% /home/ben
  Task dir: 33G

--- 2026-09-04 22:08:03 UTC ---
[GPU]
0, 86 %, 51 %, 54171 MiB, 81559 MiB, 54, 554.21 W
[GPU Processes]
10932, 42896 MiB, python
[CPU]
 22:08:03 up 22 days, 21:11,  0 users,  load average: 18.16, 18.94, 19.58
[Memory]
Mem:           1.8Ti        61Gi       328Gi       640Mi       1.4Ti       1.7Ti
Swap:             0B          0B          0B
[Disk]
/dev/md127      5.9T  1.2T  4.7T  20% /home/ben
  Task dir: 33G

--- 2026-09-04 22:09:03 UTC ---
[GPU]
0, 94 %, 51 %, 54171 MiB, 81559 MiB, 58, 537.53 W
[GPU Processes]
10932, 42896 MiB, python
[CPU]
 22:09:03 up 22 days, 21:12,  0 users,  load average: 18.18, 18.78, 19.48
[Memory]
Mem:           1.8Ti        59Gi       342Gi       577Mi       1.4Ti       1.7Ti
Swap:             0B          0B          0B
[Disk]
/dev/md127      5.9T  1.2T  4.7T  20% /home/ben
  Task dir: 33G

--- 2026-09-04 22:10:04 UTC ---
[GPU]
0, 100 %, 49 %, 54171 MiB, 81559 MiB, 55, 527.90 W
[GPU Processes]
10932, 42896 MiB, python
[CPU]
 22:10:04 up 22 days, 21:13,  0 users,  load average: 17.97, 18.63, 19.38
[Memory]
Mem:           1.8Ti        58Gi       387Gi       577Mi       1.4Ti       1.7Ti
Swap:             0B          0B          0B
[Disk]
/dev/md127      5.9T  1.1T  4.8T  19% /home/ben
  Task dir: 33G

--- 2026-09-04 22:11:04 UTC ---
[GPU]
0, 95 %, 49 %, 54171 MiB, 81559 MiB, 56, 537.33 W
[GPU Processes]
10932, 42896 MiB, python
[CPU]
 22:11:04 up 22 days, 21:14,  0 users,  load average: 17.91, 18.49, 19.29
[Memory]
Mem:           1.8Ti        59Gi       378Gi       577Mi       1.4Ti       1.7Ti
Swap:             0B          0B          0B
[Disk]
/dev/md127      5.9T  1.1T  4.8T  19% /home/ben
  Task dir: 33G

--- 2026-09-04 22:12:04 UTC ---
[GPU]
0, 74 %, 11 %, 54171 MiB, 81559 MiB, 54, 559.47 W
[GPU Processes]
10932, 42896 MiB, python
[CPU]
 22:12:04 up 22 days, 21:15,  0 users,  load average: 18.44, 18.53, 19.25
[Memory]
Mem:           1.8Ti        62Gi       375Gi       948Mi       1.4Ti       1.7Ti
Swap:             0B          0B          0B
[Disk]
/dev/md127      5.9T  1.1T  4.8T  19% /home/ben
  Task dir: 33G

--- 2026-09-04 22:13:04 UTC ---
[GPU]
0, 73 %, 21 %, 54171 MiB, 81559 MiB, 56, 520.55 W
[GPU Processes]
10932, 42896 MiB, python
[CPU]
 22:13:04 up 22 days, 21:16,  0 users,  load average: 18.37, 18.49, 19.19
[Memory]
Mem:           1.8Ti        63Gi       373Gi       1.1Gi       1.4Ti       1.7Ti
Swap:             0B          0B          0B
[Disk]
/dev/md127      5.9T  1.1T  4.8T  19% /home/ben
  Task dir: 33G

--- 2026-09-04 22:14:04 UTC ---
[GPU]
0, 99 %, 53 %, 54171 MiB, 81559 MiB, 56, 516.63 W
[GPU Processes]
10932, 42896 MiB, python
[CPU]
 22:14:04 up 22 days, 21:17,  0 users,  load average: 18.19, 18.44, 19.13
[Memory]
Mem:           1.8Ti        58Gi       379Gi       576Mi       1.4Ti       1.7Ti
Swap:             0B          0B          0B
[Disk]
/dev/md127      5.9T  1.1T  4.8T  19% /home/ben
  Task dir: 33G

--- 2026-09-04 22:15:04 UTC ---
[GPU]
0, 92 %, 42 %, 54171 MiB, 81559 MiB, 56, 504.67 W
[GPU Processes]
10932, 42896 MiB, python
[CPU]
 22:15:04 up 22 days, 21:18,  0 users,  load average: 17.77, 18.28, 19.03
[Memory]
Mem:           1.8Ti        58Gi       379Gi       576Mi       1.4Ti       1.7Ti
Swap:             0B          0B          0B
[Disk]
/dev/md127      5.9T  1.1T  4.8T  19% /home/ben
  Task dir: 33G

--- 2026-09-04 22:16:04 UTC ---
[GPU]
0, 100 %, 42 %, 54171 MiB, 81559 MiB, 54, 480.40 W
[GPU Processes]
10932, 42896 MiB, python
[CPU]
 22:16:05 up 22 days, 21:19,  0 users,  load average: 17.50, 18.11, 18.92
[Memory]
Mem:           1.8Ti        58Gi       379Gi       578Mi       1.4Ti       1.7Ti
Swap:             0B          0B          0B
[Disk]
/dev/md127      5.9T  1.1T  4.8T  19% /home/ben
  Task dir: 33G

--- 2026-09-04 22:17:05 UTC ---
[GPU]
0, 83 %, 37 %, 54171 MiB, 81559 MiB, 55, 474.54 W
[GPU Processes]
10932, 42896 MiB, python
[CPU]
 22:17:05 up 22 days, 21:20,  0 users,  load average: 18.46, 18.28, 18.93
[Memory]
Mem:           1.8Ti        62Gi       374Gi       748Mi       1.4Ti       1.7Ti
Swap:             0B          0B          0B
[Disk]
/dev/md127      5.9T  1.1T  4.8T  19% /home/ben
  Task dir: 33G

--- 2026-09-04 22:18:05 UTC ---
[GPU]
0, 89 %, 34 %, 54171 MiB, 81559 MiB, 53, 464.69 W
[GPU Processes]
10932, 42896 MiB, python
[CPU]
 22:18:05 up 22 days, 21:21,  0 users,  load average: 18.41, 18.31, 18.89
[Memory]
Mem:           1.8Ti        62Gi       373Gi       1.0Gi       1.4Ti       1.7Ti
Swap:             0B          0B          0B
[Disk]
/dev/md127      5.9T  1.1T  4.8T  19% /home/ben
  Task dir: 33G

--- 2026-09-04 22:19:05 UTC ---
[GPU]
0, 70 %, 19 %, 54171 MiB, 81559 MiB, 54, 472.19 W
[GPU Processes]
10932, 42896 MiB, python
[CPU]
 22:19:05 up 22 days, 21:22,  0 users,  load average: 18.35, 18.33, 18.87
[Memory]
Mem:           1.8Ti        63Gi       371Gi       1.2Gi       1.4Ti       1.7Ti
Swap:             0B          0B          0B
[Disk]
/dev/md127      5.9T  1.1T  4.8T  19% /home/ben
  Task dir: 33G

--- 2026-09-04 22:20:05 UTC ---
[GPU]
0, 73 %, 39 %, 54171 MiB, 81559 MiB, 52, 443.11 W
[GPU Processes]
10932, 42896 MiB, python
[CPU]
 22:20:05 up 22 days, 21:23,  0 users,  load average: 18.74, 18.42, 18.86
[Memory]
Mem:           1.8Ti        64Gi       369Gi       1.2Gi       1.4Ti       1.7Ti
Swap:             0B          0B          0B
[Disk]
/dev/md127      5.9T  1.1T  4.8T  19% /home/ben
  Task dir: 33G

--- 2026-09-04 22:21:05 UTC ---
[GPU]
0, 84 %, 38 %, 54171 MiB, 81559 MiB, 54, 460.67 W
[GPU Processes]
10932, 42896 MiB, python
[CPU]
 22:21:05 up 22 days, 21:24,  0 users,  load average: 22.36, 19.49, 19.20
[Memory]
Mem:           1.8Ti        70Gi       361Gi       1.6Gi       1.4Ti       1.7Ti
Swap:             0B          0B          0B
[Disk]
/dev/md127      5.9T  1.1T  4.8T  19% /home/ben
  Task dir: 33G

--- 2026-09-04 22:22:05 UTC ---
[GPU]
0, 76 %, 34 %, 54171 MiB, 81559 MiB, 51, 471.47 W
[GPU Processes]
10932, 42896 MiB, python
[CPU]
 22:22:06 up 22 days, 21:25,  0 users,  load average: 21.08, 19.66, 19.28
[Memory]
Mem:           1.8Ti        66Gi       367Gi       1.2Gi       1.4Ti       1.7Ti
Swap:             0B          0B          0B
[Disk]
/dev/md127      5.9T  1.1T  4.8T  19% /home/ben
  Task dir: 33G

--- 2026-09-04 22:23:06 UTC ---
[GPU]
0, 91 %, 41 %, 54171 MiB, 81559 MiB, 52, 472.52 W
[GPU Processes]
10932, 42896 MiB, python
[CPU]
 22:23:06 up 22 days, 21:26,  0 users,  load average: 19.93, 19.58, 19.28
[Memory]
Mem:           1.8Ti        67Gi       367Gi       1.2Gi       1.4Ti       1.7Ti
Swap:             0B          0B          0B
[Disk]
/dev/md127      5.9T  1.1T  4.8T  19% /home/ben
  Task dir: 33G

--- 2026-09-04 22:24:06 UTC ---
[GPU]
0, 78 %, 31 %, 54171 MiB, 81559 MiB, 54, 461.89 W
[GPU Processes]
10932, 42896 MiB, python
[CPU]
 22:24:06 up 22 days, 21:27,  0 users,  load average: 12.65, 17.66, 18.64
[Memory]
Mem:           1.8Ti        66Gi       367Gi       1.2Gi       1.4Ti       1.7Ti
Swap:             0B          0B          0B
[Disk]
/dev/md127      5.9T  1.1T  4.8T  19% /home/ben
  Task dir: 33G

--- 2026-09-04 22:25:06 UTC ---
[GPU]
0, 75 %, 29 %, 54171 MiB, 81559 MiB, 54, 441.77 W
[GPU Processes]
10932, 42896 MiB, python
[CPU]
 22:25:06 up 22 days, 21:28,  0 users,  load average: 10.07, 15.98, 18.00
[Memory]
Mem:           1.8Ti        66Gi       479Gi       1.2Gi       1.3Ti       1.7Ti
Swap:             0B          0B          0B
[Disk]
/dev/md127      5.9T  389G  5.5T   7% /home/ben
  Task dir: 33G

--- 2026-09-04 22:26:06 UTC ---
[GPU]
0, 81 %, 40 %, 54171 MiB, 81559 MiB, 54, 445.25 W
[GPU Processes]
10932, 42896 MiB, python
[CPU]
 22:26:06 up 22 days, 21:29,  0 users,  load average: 8.28, 14.40, 17.33
[Memory]
Mem:           1.8Ti        67Gi       478Gi       1.2Gi       1.3Ti       1.7Ti
Swap:             0B          0B          0B
[Disk]
/dev/md127      5.9T  389G  5.5T   7% /home/ben
  Task dir: 33G

--- 2026-09-04 22:27:06 UTC ---
[GPU]
0, 69 %, 20 %, 54171 MiB, 81559 MiB, 52, 433.50 W
[GPU Processes]
10932, 42896 MiB, python
[CPU]
 22:27:06 up 22 days, 21:30,  0 users,  load average: 7.53, 13.06, 16.68
[Memory]
Mem:           1.8Ti        67Gi       478Gi       1.2Gi       1.3Ti       1.7Ti
Swap:             0B          0B          0B
[Disk]
/dev/md127      5.9T  389G  5.5T   7% /home/ben
  Task dir: 33G

--- 2026-09-04 22:28:06 UTC ---
[GPU]
0, 74 %, 31 %, 54171 MiB, 81559 MiB, 53, 433.63 W
[GPU Processes]
10932, 42896 MiB, python
[CPU]
 22:28:07 up 22 days, 21:31,  0 users,  load average: 7.19, 11.96, 16.07
[Memory]
Mem:           1.8Ti        67Gi       478Gi       1.2Gi       1.3Ti       1.7Ti
Swap:             0B          0B          0B
[Disk]
/dev/md127      5.9T  389G  5.5T   7% /home/ben
  Task dir: 33G

--- 2026-09-04 22:29:07 UTC ---
[GPU]
0, 83 %, 36 %, 54171 MiB, 81559 MiB, 53, 435.14 W
[GPU Processes]
10932, 42896 MiB, python
[CPU]
 22:29:07 up 22 days, 21:32,  0 users,  load average: 7.12, 11.07, 15.51
[Memory]
Mem:           1.8Ti        62Gi       488Gi       535Mi       1.3Ti       1.7Ti
Swap:             0B          0B          0B
[Disk]
/dev/md127      5.9T  388G  5.5T   7% /home/ben
  Task dir: 33G

--- 2026-09-04 22:30:07 UTC ---
[GPU]
0, 87 %, 38 %, 54171 MiB, 81559 MiB, 52, 425.53 W
[GPU Processes]
10932, 42896 MiB, python
[CPU]
 22:30:07 up 22 days, 21:33,  0 users,  load average: 6.97, 10.32, 14.97
[Memory]
Mem:           1.8Ti        62Gi       486Gi       535Mi       1.3Ti       1.7Ti
Swap:             0B          0B          0B
[Disk]
/dev/md127      5.9T  388G  5.5T   7% /home/ben
  Task dir: 33G

--- 2026-09-04 22:31:07 UTC ---
[GPU]
0, 80 %, 34 %, 54171 MiB, 81559 MiB, 54, 414.44 W
[GPU Processes]
10932, 42896 MiB, python
[CPU]
 22:31:07 up 22 days, 21:34,  0 users,  load average: 7.10, 9.77, 14.49
[Memory]
Mem:           1.8Ti        62Gi       486Gi       547Mi       1.3Ti       1.7Ti
Swap:             0B          0B          0B
[Disk]
/dev/md127      5.9T  388G  5.5T   7% /home/ben
  Task dir: 33G

--- 2026-09-04 22:32:07 UTC ---
[GPU]
0, 66 %, 23 %, 54171 MiB, 81559 MiB, 53, 406.11 W
[GPU Processes]
10932, 42896 MiB, python
[CPU]
 22:32:07 up 22 days, 21:35,  0 users,  load average: 6.86, 9.18, 13.99
[Memory]
Mem:           1.8Ti        63Gi       484Gi       608Mi       1.3Ti       1.7Ti
Swap:             0B          0B          0B
[Disk]
/dev/md127      5.9T  388G  5.5T   7% /home/ben
  Task dir: 33G

--- 2026-09-04 22:33:07 UTC ---
[GPU]
0, 75 %, 31 %, 54171 MiB, 81559 MiB, 52, 396.51 W
[GPU Processes]
10932, 42896 MiB, python
[CPU]
 22:33:07 up 22 days, 21:36,  0 users,  load average: 7.33, 8.88, 13.58
[Memory]
Mem:           1.8Ti        66Gi       481Gi       769Mi       1.3Ti       1.7Ti
Swap:             0B          0B          0B
[Disk]
/dev/md127      5.9T  388G  5.5T   7% /home/ben
  Task dir: 33G

--- 2026-09-04 22:34:07 UTC ---
[GPU]
0, 68 %, 28 %, 54171 MiB, 81559 MiB, 52, 406.96 W
[GPU Processes]
10932, 42896 MiB, python
[CPU]
 22:34:08 up 22 days, 21:37,  0 users,  load average: 7.34, 8.61, 13.19
[Memory]
Mem:           1.8Ti        66Gi       478Gi       1.0Gi       1.3Ti       1.7Ti
Swap:             0B          0B          0B
[Disk]
/dev/md127      5.9T  388G  5.5T   7% /home/ben
  Task dir: 33G

--- 2026-09-04 22:35:08 UTC ---
[GPU]
0, 69 %, 20 %, 54171 MiB, 81559 MiB, 54, 383.03 W
[GPU Processes]
10932, 42896 MiB, python
[CPU]
 22:35:08 up 22 days, 21:38,  0 users,  load average: 7.50, 8.42, 12.84
[Memory]
Mem:           1.8Ti        68Gi       468Gi       1.2Gi       1.3Ti       1.7Ti
Swap:             0B          0B          0B
[Disk]
/dev/md127      5.9T  396G  5.5T   7% /home/ben
  Task dir: 33G

--- 2026-09-04 22:36:08 UTC ---
[GPU]
0, 100 %, 62 %, 54171 MiB, 81559 MiB, 55, 599.11 W
[GPU Processes]
10932, 42896 MiB, python
[CPU]
 22:36:08 up 22 days, 21:39,  0 users,  load average: 7.57, 8.28, 12.51
[Memory]
Mem:           1.8Ti        68Gi       468Gi       1.2Gi       1.3Ti       1.7Ti
Swap:             0B          0B          0B
[Disk]
/dev/md127      5.9T  396G  5.5T   7% /home/ben
  Task dir: 33G

--- 2026-09-04 22:37:08 UTC ---
[GPU]
0, 100 %, 64 %, 54171 MiB, 81559 MiB, 57, 605.10 W
[GPU Processes]
10932, 42896 MiB, python
[CPU]
 22:37:08 up 22 days, 21:40,  0 users,  load average: 8.20, 8.29, 12.25
[Memory]
Mem:           1.8Ti        69Gi       466Gi       1.2Gi       1.3Ti       1.7Ti
Swap:             0B          0B          0B
[Disk]
/dev/md127      5.9T  396G  5.5T   7% /home/ben
  Task dir: 33G

--- 2026-09-04 22:38:08 UTC ---
[GPU]
0, 89 %, 52 %, 54171 MiB, 81559 MiB, 56, 602.25 W
[GPU Processes]
10932, 42896 MiB, python
[CPU]
 22:38:08 up 22 days, 21:41,  0 users,  load average: 8.42, 8.33, 12.01
[Memory]
Mem:           1.8Ti        72Gi       452Gi       1.6Gi       1.3Ti       1.7Ti
Swap:             0B          0B          0B
[Disk]
/dev/md127      5.9T  397G  5.5T   7% /home/ben
  Task dir: 33G

--- 2026-09-04 22:39:08 UTC ---
[GPU]
0, 100 %, 60 %, 54171 MiB, 81559 MiB, 56, 562.91 W
[GPU Processes]
10932, 42896 MiB, python
[CPU]
 22:39:08 up 22 days, 21:42,  0 users,  load average: 8.43, 8.36, 11.79
[Memory]
Mem:           1.8Ti        73Gi       451Gi       1.8Gi       1.3Ti       1.7Ti
Swap:             0B          0B          0B
[Disk]
/dev/md127      5.9T  397G  5.5T   7% /home/ben
  Task dir: 33G

--- 2026-09-04 22:40:08 UTC ---
[GPU]
0, 100 %, 66 %, 54171 MiB, 81559 MiB, 57, 605.86 W
[GPU Processes]
10932, 42896 MiB, python
[CPU]
 22:40:09 up 22 days, 21:43,  0 users,  load average: 8.14, 8.30, 11.53
[Memory]
Mem:           1.8Ti        73Gi       451Gi       1.8Gi       1.3Ti       1.7Ti
Swap:             0B          0B          0B
[Disk]
/dev/md127      5.9T  397G  5.5T   7% /home/ben
  Task dir: 33G

--- 2026-09-04 22:41:09 UTC ---
[GPU]
0, 90 %, 49 %, 54171 MiB, 81559 MiB, 55, 555.95 W
[GPU Processes]
10932, 42896 MiB, python
[CPU]
 22:41:09 up 22 days, 21:44,  0 users,  load average: 8.19, 8.28, 11.32
[Memory]
Mem:           1.8Ti        72Gi       451Gi       1.8Gi       1.3Ti       1.7Ti
Swap:             0B          0B          0B
[Disk]
/dev/md127      5.9T  397G  5.5T   7% /home/ben
  Task dir: 33G

--- 2026-09-04 22:42:09 UTC ---
[GPU]
0, 100 %, 64 %, 54171 MiB, 81559 MiB, 57, 562.48 W
[GPU Processes]
10932, 42896 MiB, python
[CPU]
 22:42:09 up 22 days, 21:45,  0 users,  load average: 8.18, 8.25, 11.12
[Memory]
Mem:           1.8Ti        73Gi       451Gi       1.8Gi       1.3Ti       1.7Ti
Swap:             0B          0B          0B
[Disk]
/dev/md127      5.9T  397G  5.5T   7% /home/ben
  Task dir: 33G

--- 2026-09-04 22:43:09 UTC ---
[GPU]
0, 100 %, 57 %, 54171 MiB, 81559 MiB, 57, 592.43 W
[GPU Processes]
10932, 42896 MiB, python
[CPU]
 22:43:09 up 22 days, 21:46,  0 users,  load average: 8.00, 8.19, 10.92
[Memory]
Mem:           1.8Ti        73Gi       451Gi       1.8Gi       1.3Ti       1.7Ti
Swap:             0B          0B          0B
[Disk]
/dev/md127      5.9T  397G  5.5T   7% /home/ben
  Task dir: 33G

--- 2026-09-04 22:44:09 UTC ---
[GPU]
0, 100 %, 62 %, 54171 MiB, 81559 MiB, 56, 548.03 W
[GPU Processes]
10932, 42896 MiB, python
[CPU]
 22:44:09 up 22 days, 21:47,  0 users,  load average: 8.09, 8.18, 10.74
[Memory]
Mem:           1.8Ti        73Gi       451Gi       1.8Gi       1.3Ti       1.7Ti
Swap:             0B          0B          0B
[Disk]
/dev/md127      5.9T  397G  5.5T   7% /home/ben
  Task dir: 33G

--- 2026-09-04 22:45:09 UTC ---
[GPU]
0, 100 %, 64 %, 54171 MiB, 81559 MiB, 56, 556.49 W
[GPU Processes]
10932, 42896 MiB, python
[CPU]
 22:45:09 up 22 days, 21:48,  0 users,  load average: 8.09, 8.18, 10.58
[Memory]
Mem:           1.8Ti        73Gi       451Gi       1.8Gi       1.3Ti       1.7Ti
Swap:             0B          0B          0B
[Disk]
/dev/md127      5.9T  397G  5.5T   7% /home/ben
  Task dir: 33G

--- 2026-09-04 22:46:09 UTC ---
[GPU]
0, 95 %, 55 %, 54171 MiB, 81559 MiB, 57, 545.57 W
[GPU Processes]
10932, 42896 MiB, python
[CPU]
 22:46:09 up 22 days, 21:49,  0 users,  load average: 8.03, 8.14, 10.41
[Memory]
Mem:           1.8Ti        73Gi       451Gi       1.8Gi       1.3Ti       1.7Ti
Swap:             0B          0B          0B
[Disk]
/dev/md127      5.9T  397G  5.5T   7% /home/ben
  Task dir: 33G

--- 2026-09-04 22:47:10 UTC ---
[GPU]
0, 0 %, 0 %, 54171 MiB, 81559 MiB, 42, 124.53 W
[GPU Processes]
10932, 42896 MiB, python
[CPU]
 22:47:10 up 22 days, 21:50,  0 users,  load average: 8.29, 8.17, 10.28
[Memory]
Mem:           1.8Ti        73Gi       439Gi       1.3Gi       1.3Ti       1.7Ti
Swap:             0B          0B          0B
[Disk]
/dev/md127      5.9T  411G  5.5T   7% /home/ben
  Task dir: 41G

--- 2026-09-04 22:48:10 UTC ---
[GPU]
0, 0 %, 0 %, 0 MiB, 81559 MiB, 36, 68.99 W
[GPU Processes]
[CPU]
 22:48:10 up 22 days, 21:51,  0 users,  load average: 7.43, 7.95, 10.07
[Memory]
Mem:           1.8Ti        67Gi       442Gi       1.7Gi       1.3Ti       1.7Ti
Swap:             0B          0B          0B
[Disk]
/dev/md127      5.9T  411G  5.5T   7% /home/ben
  Task dir: 41G

--- 2026-09-04 22:49:10 UTC ---
[GPU]
0, 0 %, 0 %, 15209 MiB, 81559 MiB, 38, 119.46 W
[GPU Processes]
12934, 15200 MiB, VLLM::EngineCore
[CPU]
 22:49:10 up 22 days, 21:52,  0 users,  load average: 6.93, 7.72, 9.86
[Memory]
Mem:           1.8Ti        66Gi       443Gi       1.5Gi       1.3Ti       1.7Ti
Swap:             0B          0B          0B
[Disk]
/dev/md127      5.9T  411G  5.5T   7% /home/ben
  Task dir: 41G

--- 2026-09-04 22:50:10 UTC ---
[GPU]
0, 0 %, 0 %, 0 MiB, 81559 MiB, 37, 69.30 W
[GPU Processes]
[CPU]
 22:50:10 up 22 days, 21:53,  0 users,  load average: 6.35, 7.43, 9.62
[Memory]
Mem:           1.8Ti        62Gi       448Gi       1.2Gi       1.3Ti       1.7Ti
Swap:             0B          0B          0B
[Disk]
/dev/md127      5.9T  411G  5.5T   7% /home/ben
  Task dir: 41G

--- 2026-09-04 22:51:10 UTC ---
[GPU]
0, 0 %, 0 %, 0 MiB, 81559 MiB, 35, 68.65 W
[GPU Processes]
[CPU]
 22:51:10 up 22 days, 21:54,  0 users,  load average: 6.83, 7.35, 9.45
[Memory]
Mem:           1.8Ti        65Gi       435Gi       1.6Gi       1.3Ti       1.7Ti
Swap:             0B          0B          0B
[Disk]
/dev/md127      5.9T  411G  5.5T   7% /home/ben
  Task dir: 41G

--- 2026-09-04 22:52:10 UTC ---
[GPU]
0, 0 %, 0 %, 15209 MiB, 81559 MiB, 40, 119.15 W
[GPU Processes]
13809, 15200 MiB, VLLM::EngineCore
[CPU]
 22:52:10 up 22 days, 21:55,  0 users,  load average: 9.02, 7.75, 9.45
[Memory]
Mem:           1.8Ti        66Gi       405Gi       2.1Gi       1.3Ti       1.7Ti
Swap:             0B          0B          0B
[Disk]
/dev/md127      5.9T  438G  5.4T   8% /home/ben
  Task dir: 41G

--- 2026-09-04 22:53:10 UTC ---
[GPU]
0, 0 %, 0 %, 0 MiB, 81559 MiB, 40, 70.20 W
[GPU Processes]
[CPU]
 22:53:11 up 22 days, 21:56,  0 users,  load average: 7.76, 7.68, 9.32
[Memory]
Mem:           1.8Ti        53Gi       419Gi       1.7Gi       1.3Ti       1.7Ti
Swap:             0B          0B          0B
[Disk]
/dev/md127      5.9T  438G  5.4T   8% /home/ben
  Task dir: 41G

--- 2026-09-04 22:54:11 UTC ---
[GPU]
0, 0 %, 0 %, 761 MiB, 81559 MiB, 40, 120.05 W
[GPU Processes]
14662, 752 MiB, VLLM::EngineCore
[CPU]
 22:54:11 up 22 days, 21:57,  0 users,  load average: 6.33, 7.25, 9.07
[Memory]
Mem:           1.8Ti        56Gi       416Gi       1.9Gi       1.3Ti       1.7Ti
Swap:             0B          0B          0B
[Disk]
/dev/md127      5.9T  438G  5.4T   8% /home/ben
  Task dir: 41G

--- 2026-09-04 22:55:11 UTC ---
[GPU]
0, 0 %, 0 %, 0 MiB, 81559 MiB, 39, 70.04 W
[GPU Processes]
[CPU]
 22:55:11 up 22 days, 21:58,  0 users,  load average: 6.12, 7.01, 8.87
[Memory]
Mem:           1.8Ti        56Gi       416Gi       1.9Gi       1.3Ti       1.7Ti
Swap:             0B          0B          0B
[Disk]
/dev/md127      5.9T  438G  5.4T   8% /home/ben
  Task dir: 41G

--- 2026-09-04 22:56:11 UTC ---
[GPU]
0, 0 %, 0 %, 0 MiB, 81559 MiB, 38, 69.89 W
[GPU Processes]
[CPU]
 22:56:11 up 22 days, 21:59,  0 users,  load average: 6.71, 6.93, 8.72
[Memory]
Mem:           1.8Ti        51Gi       420Gi       1.7Gi       1.3Ti       1.7Ti
Swap:             0B          0B          0B
[Disk]
/dev/md127      5.9T  438G  5.4T   8% /home/ben
  Task dir: 41G

