cell,card,family,execution,completed_fits,completed_sft,completed_rft,completed_supervised,aborted_full_intent,self_sample_mix,elapsed_h,card_wall_h,cumulative_training_card_wall_h,training_steps,epochs,rows,decision,count_audited,audit_note,source
c02r01,exp-01,other,completed,0,0,0,0,0,,0.15,0.13,0.0,,,1.0,iterate,False,,/home/robtang_google_com/gangda_workspace/agentic-world-model/data/ptb/results/claude_vertex_high_awm_claude-opus-5_1m__10h_gangda_wma_evolve_wma-gsm8k-gemma4b-high-r01-ctl-b-x8-v2_c02r01_formal_r2/gsm8k_google_gemma-3-4b-pt_90614/task/memory/cards/exp-01.yaml
c02r01,exp-02,sft,completed,1,1,0,1,0,False,0.35,0.13,0.13,235,1.0,15000.0,adopt,True,"Deliberate scored 15k-row full-parameter pilot reaches its planned epoch; count as1 completed schedule, not an unscored pipeline smoke.",/home/robtang_google_com/gangda_workspace/agentic-world-model/data/ptb/results/claude_vertex_high_awm_claude-opus-5_1m__10h_gangda_wma_evolve_wma-gsm8k-gemma4b-high-r01-ctl-b-x8-v2_c02r01_formal_r2/gsm8k_google_gemma-3-4b-pt_90614/task/memory/cards/exp-02.yaml
c02r01,exp-03,decode-config,completed,0,1,0,1,0,,0.6,0.09,0.13,,,15000.0,adopt,False,,/home/robtang_google_com/gangda_workspace/agentic-world-model/data/ptb/results/claude_vertex_high_awm_claude-opus-5_1m__10h_gangda_wma_evolve_wma-gsm8k-gemma4b-high-r01-ctl-b-x8-v2_c02r01_formal_r2/gsm8k_google_gemma-3-4b-pt_90614/task/memory/cards/exp-03.yaml
c02r01,exp-04,sft,completed,1,2,0,2,0,,0.7,2.39,2.52,4430,2.0,141953.0,adopt,False,,/home/robtang_google_com/gangda_workspace/agentic-world-model/data/ptb/results/claude_vertex_high_awm_claude-opus-5_1m__10h_gangda_wma_evolve_wma-gsm8k-gemma4b-high-r01-ctl-b-x8-v2_c02r01_formal_r2/gsm8k_google_gemma-3-4b-pt_90614/task/memory/cards/exp-04.yaml
c02r01,exp-05,rft,completed,1,2,1,3,0,,3.8,0.97,3.49,1810,2.0,57949.0,adopt,False,,/home/robtang_google_com/gangda_workspace/agentic-world-model/data/ptb/results/claude_vertex_high_awm_claude-opus-5_1m__10h_gangda_wma_evolve_wma-gsm8k-gemma4b-high-r01-ctl-b-x8-v2_c02r01_formal_r2/gsm8k_google_gemma-3-4b-pt_90614/task/memory/cards/exp-05.yaml
c02r01,exp-06,sft,completed,1,3,1,4,0,True,4.8,1.5,4.99,2743,1.0,175876.0,reject,True,family=sft but input corpus explicitly contains retained self-generated/rejection-sampled rows; preserve raw family and flag mixture.,/home/robtang_google_com/gangda_workspace/agentic-world-model/data/ptb/results/claude_vertex_high_awm_claude-opus-5_1m__10h_gangda_wma_evolve_wma-gsm8k-gemma4b-high-r01-ctl-b-x8-v2_c02r01_formal_r2/gsm8k_google_gemma-3-4b-pt_90614/task/memory/cards/exp-06.yaml
c02r01,exp-07,other,completed,0,3,1,4,0,,6.5,0.35,4.99,,,1.0,iterate,False,,/home/robtang_google_com/gangda_workspace/agentic-world-model/data/ptb/results/claude_vertex_high_awm_claude-opus-5_1m__10h_gangda_wma_evolve_wma-gsm8k-gemma4b-high-r01-ctl-b-x8-v2_c02r01_formal_r2/gsm8k_google_gemma-3-4b-pt_90614/task/memory/cards/exp-07.yaml
c02r01,exp-08,merge,completed,0,3,1,4,0,,6.6,0.25,4.99,,,1.0,reject,False,,/home/robtang_google_com/gangda_workspace/agentic-world-model/data/ptb/results/claude_vertex_high_awm_claude-opus-5_1m__10h_gangda_wma_evolve_wma-gsm8k-gemma4b-high-r01-ctl-b-x8-v2_c02r01_formal_r2/gsm8k_google_gemma-3-4b-pt_90614/task/memory/cards/exp-08.yaml
c02r01,exp-09,rft,completed,1,3,2,5,0,,7.1,0.52,5.51,834,1.0,53395.0,reject,False,,/home/robtang_google_com/gangda_workspace/agentic-world-model/data/ptb/results/claude_vertex_high_awm_claude-opus-5_1m__10h_gangda_wma_evolve_wma-gsm8k-gemma4b-high-r01-ctl-b-x8-v2_c02r01_formal_r2/gsm8k_google_gemma-3-4b-pt_90614/task/memory/cards/exp-09.yaml
c02r01,exp-10,other,completed,0,3,2,5,0,,7.6,0.25,5.51,,,1.0,adopt,False,,/home/robtang_google_com/gangda_workspace/agentic-world-model/data/ptb/results/claude_vertex_high_awm_claude-opus-5_1m__10h_gangda_wma_evolve_wma-gsm8k-gemma4b-high-r01-ctl-b-x8-v2_c02r01_formal_r2/gsm8k_google_gemma-3-4b-pt_90614/task/memory/cards/exp-10.yaml
c02r02,exp-01,decode-config,completed,0,0,0,0,0,,0.15,0.09,0.0,,,150.0,iterate,False,,/home/robtang_google_com/gangda_workspace/agentic-world-model/data/ptb/results/claude_vertex_high_awm_claude-opus-5_1m__10h_gangda_wma_evolve_wma-gsm8k-gemma4b-high-r01-ctl-b-x8-v2_c02r02_formal_r2/gsm8k_google_gemma-3-4b-pt_90615/task/memory/cards/exp-01.yaml
c02r02,exp-02,sft,completed,1,1,0,1,0,,0.42,1.53,1.53,758,1.0,117473.0,adopt,False,,/home/robtang_google_com/gangda_workspace/agentic-world-model/data/ptb/results/claude_vertex_high_awm_claude-opus-5_1m__10h_gangda_wma_evolve_wma-gsm8k-gemma4b-high-r01-ctl-b-x8-v2_c02r02_formal_r2/gsm8k_google_gemma-3-4b-pt_90615/task/memory/cards/exp-02.yaml
c02r02,exp-03,decode-config,completed,0,1,0,1,0,,2.08,0.08,1.53,,,117473.0,adopt,False,,/home/robtang_google_com/gangda_workspace/agentic-world-model/data/ptb/results/claude_vertex_high_awm_claude-opus-5_1m__10h_gangda_wma_evolve_wma-gsm8k-gemma4b-high-r01-ctl-b-x8-v2_c02r02_formal_r2/gsm8k_google_gemma-3-4b-pt_90615/task/memory/cards/exp-03.yaml
c02r02,exp-04,rft,completed,1,1,1,2,0,,3.43,1.18,2.71,589,1.0,99161.0,adopt,False,,/home/robtang_google_com/gangda_workspace/agentic-world-model/data/ptb/results/claude_vertex_high_awm_claude-opus-5_1m__10h_gangda_wma_evolve_wma-gsm8k-gemma4b-high-r01-ctl-b-x8-v2_c02r02_formal_r2/gsm8k_google_gemma-3-4b-pt_90615/task/memory/cards/exp-04.yaml
c02r02,exp-05,sft,completed,1,2,1,3,0,True,4.82,2.02,4.73,1035,1.0,184634.0,adopt,True,family=sft but input corpus explicitly contains retained self-generated/rejection-sampled rows; preserve raw family and flag mixture.,/home/robtang_google_com/gangda_workspace/agentic-world-model/data/ptb/results/claude_vertex_high_awm_claude-opus-5_1m__10h_gangda_wma_evolve_wma-gsm8k-gemma4b-high-r01-ctl-b-x8-v2_c02r02_formal_r2/gsm8k_google_gemma-3-4b-pt_90615/task/memory/cards/exp-05.yaml
c02r02,exp-06,decode-config,completed,0,2,1,3,0,,7.02,0.07,4.73,,,99161.0,adopt,False,,/home/robtang_google_com/gangda_workspace/agentic-world-model/data/ptb/results/claude_vertex_high_awm_claude-opus-5_1m__10h_gangda_wma_evolve_wma-gsm8k-gemma4b-high-r01-ctl-b-x8-v2_c02r02_formal_r2/gsm8k_google_gemma-3-4b-pt_90615/task/memory/cards/exp-06.yaml
c02r02,exp-07,merge,completed,0,2,1,3,0,,7.1,0.05,4.73,,,184634.0,iterate,False,,/home/robtang_google_com/gangda_workspace/agentic-world-model/data/ptb/results/claude_vertex_high_awm_claude-opus-5_1m__10h_gangda_wma_evolve_wma-gsm8k-gemma4b-high-r01-ctl-b-x8-v2_c02r02_formal_r2/gsm8k_google_gemma-3-4b-pt_90615/task/memory/cards/exp-07.yaml
c02r02,exp-08,other,completed,0,2,1,3,0,,7.35,0.12,4.73,,,184634.0,adopt,False,,/home/robtang_google_com/gangda_workspace/agentic-world-model/data/ptb/results/claude_vertex_high_awm_claude-opus-5_1m__10h_gangda_wma_evolve_wma-gsm8k-gemma4b-high-r01-ctl-b-x8-v2_c02r02_formal_r2/gsm8k_google_gemma-3-4b-pt_90615/task/memory/cards/exp-08.yaml
c02r03,exp-01,decode-config,completed,0,0,0,0,0,,0.2,0.05,0.0,,,150.0,adopt,False,,/home/robtang_google_com/gangda_workspace/agentic-world-model/data/ptb/results/claude_vertex_high_awm_claude-opus-5_1m__10h_gangda_wma_evolve_wma-gsm8k-gemma4b-high-r01-ctl-b-x8-v2_c02r03_formal_r2/gsm8k_google_gemma-3-4b-pt_90616/task/memory/cards/exp-01.yaml
c02r03,exp-02,sft,completed,1,1,0,1,0,,1.1,1.82,1.82,1993,1,149946.0,adopt,False,,/home/robtang_google_com/gangda_workspace/agentic-world-model/data/ptb/results/claude_vertex_high_awm_claude-opus-5_1m__10h_gangda_wma_evolve_wma-gsm8k-gemma4b-high-r01-ctl-b-x8-v2_c02r03_formal_r2/gsm8k_google_gemma-3-4b-pt_90616/task/memory/cards/exp-02.yaml
c02r03,exp-03,rft,completed,2,1,2,3,0,True,6.4,0.81,2.63,931,1,59709.0,reject,True,First 931-step full schedule has train_runtime 2923.6621 epoch1.0 and save failure; retrain has train_runtime 2918.0819 epoch1.0. Count 2 RFT fits.,/home/robtang_google_com/gangda_workspace/agentic-world-model/data/ptb/results/claude_vertex_high_awm_claude-opus-5_1m__10h_gangda_wma_evolve_wma-gsm8k-gemma4b-high-r01-ctl-b-x8-v2_c02r03_formal_r2/gsm8k_google_gemma-3-4b-pt_90616/task/memory/cards/exp-03.yaml
c02r03,exp-04,merge,completed,0,1,2,3,0,,5.7,0.34,2.63,,,2.0,adopt,False,,/home/robtang_google_com/gangda_workspace/agentic-world-model/data/ptb/results/claude_vertex_high_awm_claude-opus-5_1m__10h_gangda_wma_evolve_wma-gsm8k-gemma4b-high-r01-ctl-b-x8-v2_c02r03_formal_r2/gsm8k_google_gemma-3-4b-pt_90616/task/memory/cards/exp-04.yaml
c02r03,exp-05,sft,completed,1,2,2,4,0,,6.0,0.82,3.45,858,1,44946.0,adopt,False,,/home/robtang_google_com/gangda_workspace/agentic-world-model/data/ptb/results/claude_vertex_high_awm_claude-opus-5_1m__10h_gangda_wma_evolve_wma-gsm8k-gemma4b-high-r01-ctl-b-x8-v2_c02r03_formal_r2/gsm8k_google_gemma-3-4b-pt_90616/task/memory/cards/exp-05.yaml
c02r03,exp-06,merge,completed,0,2,2,4,0,,6.4,0.33,3.45,,,3.0,reject,False,,/home/robtang_google_com/gangda_workspace/agentic-world-model/data/ptb/results/claude_vertex_high_awm_claude-opus-5_1m__10h_gangda_wma_evolve_wma-gsm8k-gemma4b-high-r01-ctl-b-x8-v2_c02r03_formal_r2/gsm8k_google_gemma-3-4b-pt_90616/task/memory/cards/exp-06.yaml
c02r03,exp-07,decode-config,completed,0,2,2,4,0,,6.5,0.45,3.45,,,500.0,adopt,False,,/home/robtang_google_com/gangda_workspace/agentic-world-model/data/ptb/results/claude_vertex_high_awm_claude-opus-5_1m__10h_gangda_wma_evolve_wma-gsm8k-gemma4b-high-r01-ctl-b-x8-v2_c02r03_formal_r2/gsm8k_google_gemma-3-4b-pt_90616/task/memory/cards/exp-07.yaml
c02r03,exp-08,merge,completed,0,2,2,4,0,,6.9,0.28,3.45,,,2.0,reject,False,,/home/robtang_google_com/gangda_workspace/agentic-world-model/data/ptb/results/claude_vertex_high_awm_claude-opus-5_1m__10h_gangda_wma_evolve_wma-gsm8k-gemma4b-high-r01-ctl-b-x8-v2_c02r03_formal_r2/gsm8k_google_gemma-3-4b-pt_90616/task/memory/cards/exp-08.yaml
c02r03,exp-09,decode-config,completed,0,2,2,4,0,,7.0,0.15,3.45,,,150.0,adopt,False,,/home/robtang_google_com/gangda_workspace/agentic-world-model/data/ptb/results/claude_vertex_high_awm_claude-opus-5_1m__10h_gangda_wma_evolve_wma-gsm8k-gemma4b-high-r01-ctl-b-x8-v2_c02r03_formal_r2/gsm8k_google_gemma-3-4b-pt_90616/task/memory/cards/exp-09.yaml
c02r03,exp-10,decode-config,completed,0,2,2,4,0,,7.0,0.33,3.45,,,500.0,adopt,False,,/home/robtang_google_com/gangda_workspace/agentic-world-model/data/ptb/results/claude_vertex_high_awm_claude-opus-5_1m__10h_gangda_wma_evolve_wma-gsm8k-gemma4b-high-r01-ctl-b-x8-v2_c02r03_formal_r2/gsm8k_google_gemma-3-4b-pt_90616/task/memory/cards/exp-10.yaml
c02r03,exp-11,decode-config,completed,0,2,2,4,0,,7.6,0.18,3.45,,,150.0,iterate,False,,/home/robtang_google_com/gangda_workspace/agentic-world-model/data/ptb/results/claude_vertex_high_awm_claude-opus-5_1m__10h_gangda_wma_evolve_wma-gsm8k-gemma4b-high-r01-ctl-b-x8-v2_c02r03_formal_r2/gsm8k_google_gemma-3-4b-pt_90616/task/memory/cards/exp-11.yaml
c02r03,exp-12,decode-config,completed,0,2,2,4,0,,7.7,0.15,3.45,,,150.0,adopt,False,,/home/robtang_google_com/gangda_workspace/agentic-world-model/data/ptb/results/claude_vertex_high_awm_claude-opus-5_1m__10h_gangda_wma_evolve_wma-gsm8k-gemma4b-high-r01-ctl-b-x8-v2_c02r03_formal_r2/gsm8k_google_gemma-3-4b-pt_90616/task/memory/cards/exp-12.yaml
c02r04,exp-01,other,completed,0,0,0,0,0,,0.15,0.25,0.0,,,150.0,iterate,False,,/home/robtang_google_com/gangda_workspace/agentic-world-model/data/ptb/results/claude_vertex_high_awm_claude-opus-5_1m__10h_gangda_wma_evolve_wma-gsm8k-gemma4b-high-r01-ctl-b-x8-v2_c02r04_formal_r2/gsm8k_google_gemma-3-4b-pt_90617/task/memory/cards/exp-01.yaml
c02r04,exp-02,sft,completed,1,1,0,1,0,,0.55,1.98,1.98,1234,1.0,151404.0,adopt,False,,/home/robtang_google_com/gangda_workspace/agentic-world-model/data/ptb/results/claude_vertex_high_awm_claude-opus-5_1m__10h_gangda_wma_evolve_wma-gsm8k-gemma4b-high-r01-ctl-b-x8-v2_c02r04_formal_r2/gsm8k_google_gemma-3-4b-pt_90617/task/memory/cards/exp-02.yaml
c02r04,exp-03,decode-config,completed,0,1,0,1,0,,2.68,0.22,1.98,,,1.0,adopt,False,,/home/robtang_google_com/gangda_workspace/agentic-world-model/data/ptb/results/claude_vertex_high_awm_claude-opus-5_1m__10h_gangda_wma_evolve_wma-gsm8k-gemma4b-high-r01-ctl-b-x8-v2_c02r04_formal_r2/gsm8k_google_gemma-3-4b-pt_90617/task/memory/cards/exp-03.yaml
c02r04,exp-04,sft,completed,1,2,0,2,0,,2.9,1.89,3.87,1195,1.0,152227.0,adopt,False,,/home/robtang_google_com/gangda_workspace/agentic-world-model/data/ptb/results/claude_vertex_high_awm_claude-opus-5_1m__10h_gangda_wma_evolve_wma-gsm8k-gemma4b-high-r01-ctl-b-x8-v2_c02r04_formal_r2/gsm8k_google_gemma-3-4b-pt_90617/task/memory/cards/exp-04.yaml
c02r04,exp-05,rft,completed,2,2,2,4,0,True,4.8,1.55,5.42,479,1.0,323382.0,adopt,True,"First launch reaches 479/479, fails save; restarted from scratch. Count 2 RFT fits.",/home/robtang_google_com/gangda_workspace/agentic-world-model/data/ptb/results/claude_vertex_high_awm_claude-opus-5_1m__10h_gangda_wma_evolve_wma-gsm8k-gemma4b-high-r01-ctl-b-x8-v2_c02r04_formal_r2/gsm8k_google_gemma-3-4b-pt_90617/task/memory/cards/exp-05.yaml
c02r04,exp-06,other,completed,0,2,2,4,0,,7.37,0.35,5.42,,,1.0,adopt,False,,/home/robtang_google_com/gangda_workspace/agentic-world-model/data/ptb/results/claude_vertex_high_awm_claude-opus-5_1m__10h_gangda_wma_evolve_wma-gsm8k-gemma4b-high-r01-ctl-b-x8-v2_c02r04_formal_r2/gsm8k_google_gemma-3-4b-pt_90617/task/memory/cards/exp-06.yaml
c02r04,exp-07,merge,completed,0,2,2,4,0,,7.57,0.6,5.42,,,1.0,reject,False,,/home/robtang_google_com/gangda_workspace/agentic-world-model/data/ptb/results/claude_vertex_high_awm_claude-opus-5_1m__10h_gangda_wma_evolve_wma-gsm8k-gemma4b-high-r01-ctl-b-x8-v2_c02r04_formal_r2/gsm8k_google_gemma-3-4b-pt_90617/task/memory/cards/exp-07.yaml
c02r05,exp-01,decode-config,completed,0,0,0,0,0,,0.1,0.06,0.0,,,150.0,iterate,False,,/home/robtang_google_com/gangda_workspace/agentic-world-model/data/ptb/results/claude_vertex_high_awm_claude-opus-5_1m__10h_gangda_wma_evolve_wma-gsm8k-gemma4b-high-r01-ctl-b-x8-v2_c02r05_formal_r2/gsm8k_google_gemma-3-4b-pt_90618/task/memory/cards/exp-01.yaml
c02r05,exp-02,sft,completed,1,1,0,1,0,,0.7,1.18,1.18,1719,1,74254.0,adopt,False,,/home/robtang_google_com/gangda_workspace/agentic-world-model/data/ptb/results/claude_vertex_high_awm_claude-opus-5_1m__10h_gangda_wma_evolve_wma-gsm8k-gemma4b-high-r01-ctl-b-x8-v2_c02r05_formal_r2/gsm8k_google_gemma-3-4b-pt_90618/task/memory/cards/exp-02.yaml
c02r05,exp-03,decode-config,completed,0,1,0,1,0,,2.1,0.13,1.18,,,74254.0,adopt,False,,/home/robtang_google_com/gangda_workspace/agentic-world-model/data/ptb/results/claude_vertex_high_awm_claude-opus-5_1m__10h_gangda_wma_evolve_wma-gsm8k-gemma4b-high-r01-ctl-b-x8-v2_c02r05_formal_r2/gsm8k_google_gemma-3-4b-pt_90618/task/memory/cards/exp-03.yaml
c02r05,exp-04,rft,completed,1,1,1,2,0,,3.0,1.9,3.08,2767,1,88539.0,iterate,False,,/home/robtang_google_com/gangda_workspace/agentic-world-model/data/ptb/results/claude_vertex_high_awm_claude-opus-5_1m__10h_gangda_wma_evolve_wma-gsm8k-gemma4b-high-r01-ctl-b-x8-v2_c02r05_formal_r2/gsm8k_google_gemma-3-4b-pt_90618/task/memory/cards/exp-04.yaml
c02r05,exp-05,merge,completed,0,1,1,2,0,,5.2,0.15,3.08,,,88539.0,reject,False,,/home/robtang_google_com/gangda_workspace/agentic-world-model/data/ptb/results/claude_vertex_high_awm_claude-opus-5_1m__10h_gangda_wma_evolve_wma-gsm8k-gemma4b-high-r01-ctl-b-x8-v2_c02r05_formal_r2/gsm8k_google_gemma-3-4b-pt_90618/task/memory/cards/exp-05.yaml
c02r05,exp-06,sft,completed,1,2,1,3,0,True,5.3,1.35,4.43,1875,1,88539.0,adopt,True,family=sft but input corpus explicitly contains retained self-generated/rejection-sampled rows; preserve raw family and flag mixture.,/home/robtang_google_com/gangda_workspace/agentic-world-model/data/ptb/results/claude_vertex_high_awm_claude-opus-5_1m__10h_gangda_wma_evolve_wma-gsm8k-gemma4b-high-r01-ctl-b-x8-v2_c02r05_formal_r2/gsm8k_google_gemma-3-4b-pt_90618/task/memory/cards/exp-06.yaml
c02r05,exp-07,sft,completed,1,3,1,4,0,True,6.6,1.32,5.75,1875,1,88539.0,iterate,True,family=sft but input corpus explicitly contains retained self-generated/rejection-sampled rows; preserve raw family and flag mixture.,/home/robtang_google_com/gangda_workspace/agentic-world-model/data/ptb/results/claude_vertex_high_awm_claude-opus-5_1m__10h_gangda_wma_evolve_wma-gsm8k-gemma4b-high-r01-ctl-b-x8-v2_c02r05_formal_r2/gsm8k_google_gemma-3-4b-pt_90618/task/memory/cards/exp-07.yaml
c02r05,exp-08,decode-config,completed,0,3,1,4,0,,8.1,0.5,5.75,,,88539.0,adopt,False,,/home/robtang_google_com/gangda_workspace/agentic-world-model/data/ptb/results/claude_vertex_high_awm_claude-opus-5_1m__10h_gangda_wma_evolve_wma-gsm8k-gemma4b-high-r01-ctl-b-x8-v2_c02r05_formal_r2/gsm8k_google_gemma-3-4b-pt_90618/task/memory/cards/exp-08.yaml
c04r01,exp-01,other,completed,0,0,0,0,0,,0.15,0.05,0.0,,,1.0,iterate,False,,/home/robtang_google_com/gangda_workspace/agentic-world-model/data/ptb/results/claude_vertex_high_awm_claude-opus-5_1m__10h_gangda_wma_evolve_wma-gsm8k-gemma4b-high-r01-ctl-b-x8-v3_c04r01_formal_r4/gsm8k_google_gemma-3-4b-pt_90684/task/memory/cards/exp-01.yaml
c04r01,exp-02,sft,completed,1,1,0,1,0,,0.55,1.6,1.6,3849,1.0,124966.0,adopt,False,,/home/robtang_google_com/gangda_workspace/agentic-world-model/data/ptb/results/claude_vertex_high_awm_claude-opus-5_1m__10h_gangda_wma_evolve_wma-gsm8k-gemma4b-high-r01-ctl-b-x8-v3_c04r01_formal_r4/gsm8k_google_gemma-3-4b-pt_90684/task/memory/cards/exp-02.yaml
c04r01,exp-03,sft,failed,0,1,0,1,1,False,2.25,1.18,2.78,2000,1.0,129971.0,iterate,True,"Card pitfalls/relock records an incomplete full-intent launch; aborted count is a known lower bound, not an exhaustive runtime census.",/home/robtang_google_com/gangda_workspace/agentic-world-model/data/ptb/results/claude_vertex_high_awm_claude-opus-5_1m__10h_gangda_wma_evolve_wma-gsm8k-gemma4b-high-r01-ctl-b-x8-v3_c04r01_formal_r4/gsm8k_google_gemma-3-4b-pt_90684/task/memory/cards/exp-03.yaml
c04r01,exp-04,sft,completed,1,2,0,2,0,,3.55,2.4,5.18,4035,1.0,129971.0,adopt,False,,/home/robtang_google_com/gangda_workspace/agentic-world-model/data/ptb/results/claude_vertex_high_awm_claude-opus-5_1m__10h_gangda_wma_evolve_wma-gsm8k-gemma4b-high-r01-ctl-b-x8-v3_c04r01_formal_r4/gsm8k_google_gemma-3-4b-pt_90684/task/memory/cards/exp-04.yaml
c04r01,exp-05,sft,completed,1,3,0,3,0,,6.02,2.02,7.2,3412,1.0,109955.0,adopt,False,,/home/robtang_google_com/gangda_workspace/agentic-world-model/data/ptb/results/claude_vertex_high_awm_claude-opus-5_1m__10h_gangda_wma_evolve_wma-gsm8k-gemma4b-high-r01-ctl-b-x8-v3_c04r01_formal_r4/gsm8k_google_gemma-3-4b-pt_90684/task/memory/cards/exp-05.yaml
c04r01,exp-06,sft,completed,1,4,0,4,0,,8.25,0.95,8.15,1551,1.0,49971.0,reject,False,,/home/robtang_google_com/gangda_workspace/agentic-world-model/data/ptb/results/claude_vertex_high_awm_claude-opus-5_1m__10h_gangda_wma_evolve_wma-gsm8k-gemma4b-high-r01-ctl-b-x8-v3_c04r01_formal_r4/gsm8k_google_gemma-3-4b-pt_90684/task/memory/cards/exp-06.yaml
c04r02,exp-01,other,completed,0,0,0,0,0,,0.1,0.06,0.0,,,150.0,iterate,False,,/home/robtang_google_com/gangda_workspace/agentic-world-model/data/ptb/results/claude_vertex_high_awm_claude-opus-5_1m__10h_gangda_wma_evolve_wma-gsm8k-gemma4b-high-r01-ctl-b-x8-v3_c04r02_formal_r4/gsm8k_google_gemma-3-4b-pt_90685/task/memory/cards/exp-01.yaml
c04r02,exp-02,sft,completed,1,1,0,1,0,False,0.35,0.28,0.28,469,1,15000.0,adopt,True,"Deliberate scored 15k-row full-parameter pilot reaches its planned epoch; count as1 completed schedule, not an unscored pipeline smoke.",/home/robtang_google_com/gangda_workspace/agentic-world-model/data/ptb/results/claude_vertex_high_awm_claude-opus-5_1m__10h_gangda_wma_evolve_wma-gsm8k-gemma4b-high-r01-ctl-b-x8-v3_c04r02_formal_r4/gsm8k_google_gemma-3-4b-pt_90685/task/memory/cards/exp-02.yaml
c04r02,exp-03,sft,completed,1,2,0,2,1,False,0.95,0.44,0.72,469,1,15000.0,adopt,True,"Initial full-intent pilot OOMs at1/469; bs8->4 retry completes469/469. Pilot is substantive scored one-epoch fit; count1 completed, >=1 partial. Deliberate scored 15k-row full-parameter pilot reaches its planned epoch; count as1 completed schedule, not an unscored pipeline smoke.",/home/robtang_google_com/gangda_workspace/agentic-world-model/data/ptb/results/claude_vertex_high_awm_claude-opus-5_1m__10h_gangda_wma_evolve_wma-gsm8k-gemma4b-high-r01-ctl-b-x8-v3_c04r02_formal_r4/gsm8k_google_gemma-3-4b-pt_90685/task/memory/cards/exp-03.yaml
c04r02,exp-04,decode-config,completed,0,2,0,2,0,,1.55,0.05,0.72,,,15000.0,adopt,False,,/home/robtang_google_com/gangda_workspace/agentic-world-model/data/ptb/results/claude_vertex_high_awm_claude-opus-5_1m__10h_gangda_wma_evolve_wma-gsm8k-gemma4b-high-r01-ctl-b-x8-v3_c04r02_formal_r4/gsm8k_google_gemma-3-4b-pt_90685/task/memory/cards/exp-04.yaml
c04r02,exp-05,sft,completed,1,3,0,3,0,,1.65,2.21,2.93,2811,1,90000.0,adopt,False,,/home/robtang_google_com/gangda_workspace/agentic-world-model/data/ptb/results/claude_vertex_high_awm_claude-opus-5_1m__10h_gangda_wma_evolve_wma-gsm8k-gemma4b-high-r01-ctl-b-x8-v3_c04r02_formal_r4/gsm8k_google_gemma-3-4b-pt_90685/task/memory/cards/exp-05.yaml
c04r02,exp-06,sft,failed,0,3,0,3,1,False,4.25,0.94,3.87,1200,1,70000.0,iterate,True,"Card pitfalls/relock records an incomplete full-intent launch; aborted count is a known lower bound, not an exhaustive runtime census.",/home/robtang_google_com/gangda_workspace/agentic-world-model/data/ptb/results/claude_vertex_high_awm_claude-opus-5_1m__10h_gangda_wma_evolve_wma-gsm8k-gemma4b-high-r01-ctl-b-x8-v3_c04r02_formal_r4/gsm8k_google_gemma-3-4b-pt_90685/task/memory/cards/exp-06.yaml
c04r02,exp-07,sft,completed,1,4,0,4,0,,5.3,1.13,5.0,1406,1,45000.0,reject,False,,/home/robtang_google_com/gangda_workspace/agentic-world-model/data/ptb/results/claude_vertex_high_awm_claude-opus-5_1m__10h_gangda_wma_evolve_wma-gsm8k-gemma4b-high-r01-ctl-b-x8-v3_c04r02_formal_r4/gsm8k_google_gemma-3-4b-pt_90685/task/memory/cards/exp-07.yaml
c04r02,exp-08,rft,completed,1,4,1,5,0,,6.75,0.78,5.78,527,1,16859.0,adopt,False,,/home/robtang_google_com/gangda_workspace/agentic-world-model/data/ptb/results/claude_vertex_high_awm_claude-opus-5_1m__10h_gangda_wma_evolve_wma-gsm8k-gemma4b-high-r01-ctl-b-x8-v3_c04r02_formal_r4/gsm8k_google_gemma-3-4b-pt_90685/task/memory/cards/exp-08.yaml
c04r02,exp-09,other,completed,0,4,1,5,0,,7.65,0.3,5.78,,,16859.0,adopt,False,,/home/robtang_google_com/gangda_workspace/agentic-world-model/data/ptb/results/claude_vertex_high_awm_claude-opus-5_1m__10h_gangda_wma_evolve_wma-gsm8k-gemma4b-high-r01-ctl-b-x8-v3_c04r02_formal_r4/gsm8k_google_gemma-3-4b-pt_90685/task/memory/cards/exp-09.yaml
c04r03,exp-01,other,completed,0,0,0,0,0,,0.3,0.11,0.0,,,10.0,iterate,False,,/home/robtang_google_com/gangda_workspace/agentic-world-model/data/ptb/results/claude_vertex_high_awm_claude-opus-5_1m__10h_gangda_wma_evolve_wma-gsm8k-gemma4b-high-r01-ctl-b-x8-v3_c04r03_formal_r4/gsm8k_google_gemma-3-4b-pt_90686/task/memory/cards/exp-01.yaml
c04r03,exp-02,sft,completed,1,1,0,1,0,,0.8,1.34,1.34,940,1.0,142472.0,adopt,False,,/home/robtang_google_com/gangda_workspace/agentic-world-model/data/ptb/results/claude_vertex_high_awm_claude-opus-5_1m__10h_gangda_wma_evolve_wma-gsm8k-gemma4b-high-r01-ctl-b-x8-v3_c04r03_formal_r4/gsm8k_google_gemma-3-4b-pt_90686/task/memory/cards/exp-02.yaml
c04r03,exp-03,rft,completed,1,1,1,2,1,True,3.6,0.65,1.99,456,1.0,78347.0,adopt,True,"Card pitfalls/relock records an incomplete full-intent launch; aborted count is a known lower bound, not an exhaustive runtime census.",/home/robtang_google_com/gangda_workspace/agentic-world-model/data/ptb/results/claude_vertex_high_awm_claude-opus-5_1m__10h_gangda_wma_evolve_wma-gsm8k-gemma4b-high-r01-ctl-b-x8-v3_c04r03_formal_r4/gsm8k_google_gemma-3-4b-pt_90686/task/memory/cards/exp-03.yaml
c04r03,exp-04,merge,completed,0,1,1,2,0,,5.1,0.35,1.99,,,78347.0,reject,False,,/home/robtang_google_com/gangda_workspace/agentic-world-model/data/ptb/results/claude_vertex_high_awm_claude-opus-5_1m__10h_gangda_wma_evolve_wma-gsm8k-gemma4b-high-r01-ctl-b-x8-v3_c04r03_formal_r4/gsm8k_google_gemma-3-4b-pt_90686/task/memory/cards/exp-04.yaml
c04r03,exp-05,sft,completed,1,2,1,3,0,True,5.2,1.48,3.47,1046,1.0,188347.0,adopt,True,family=sft but input corpus explicitly contains retained self-generated/rejection-sampled rows; preserve raw family and flag mixture.,/home/robtang_google_com/gangda_workspace/agentic-world-model/data/ptb/results/claude_vertex_high_awm_claude-opus-5_1m__10h_gangda_wma_evolve_wma-gsm8k-gemma4b-high-r01-ctl-b-x8-v3_c04r03_formal_r4/gsm8k_google_gemma-3-4b-pt_90686/task/memory/cards/exp-05.yaml
c04r03,exp-06,sft,completed,1,3,1,4,0,True,6.9,1.11,4.58,789,1.0,140000.0,reject,True,family=sft but input corpus explicitly contains retained self-generated/rejection-sampled rows; preserve raw family and flag mixture.,/home/robtang_google_com/gangda_workspace/agentic-world-model/data/ptb/results/claude_vertex_high_awm_claude-opus-5_1m__10h_gangda_wma_evolve_wma-gsm8k-gemma4b-high-r01-ctl-b-x8-v3_c04r03_formal_r4/gsm8k_google_gemma-3-4b-pt_90686/task/memory/cards/exp-06.yaml
c04r03,exp-07,merge,completed,0,3,1,4,0,,8.2,0.35,4.58,,,140000.0,reject,False,,/home/robtang_google_com/gangda_workspace/agentic-world-model/data/ptb/results/claude_vertex_high_awm_claude-opus-5_1m__10h_gangda_wma_evolve_wma-gsm8k-gemma4b-high-r01-ctl-b-x8-v3_c04r03_formal_r4/gsm8k_google_gemma-3-4b-pt_90686/task/memory/cards/exp-07.yaml
c04r04,exp-01,other,completed,0,0,0,0,0,,0.1,0.12,0.0,,,1.0,iterate,False,,/home/robtang_google_com/gangda_workspace/agentic-world-model/data/ptb/results/claude_vertex_high_awm_claude-opus-5_1m__10h_gangda_wma_evolve_wma-gsm8k-gemma4b-high-r01-ctl-b-x8-v3_c04r04_formal_r4/gsm8k_google_gemma-3-4b-pt_90687/task/memory/cards/exp-01.yaml
c04r04,exp-02,sft,completed,1,1,0,1,0,,0.25,1.57,1.57,3102,1.0,99371.0,adopt,False,,/home/robtang_google_com/gangda_workspace/agentic-world-model/data/ptb/results/claude_vertex_high_awm_claude-opus-5_1m__10h_gangda_wma_evolve_wma-gsm8k-gemma4b-high-r01-ctl-b-x8-v3_c04r04_formal_r4/gsm8k_google_gemma-3-4b-pt_90687/task/memory/cards/exp-02.yaml
c04r04,exp-03,decode-config,completed,0,1,0,1,0,,1.95,0.13,1.57,,,1.0,adopt,False,,/home/robtang_google_com/gangda_workspace/agentic-world-model/data/ptb/results/claude_vertex_high_awm_claude-opus-5_1m__10h_gangda_wma_evolve_wma-gsm8k-gemma4b-high-r01-ctl-b-x8-v3_c04r04_formal_r4/gsm8k_google_gemma-3-4b-pt_90687/task/memory/cards/exp-03.yaml
c04r04,exp-04,rft,completed,1,1,1,2,0,,4.05,1.35,2.92,2701,1.0,172918.0,iterate,False,,/home/robtang_google_com/gangda_workspace/agentic-world-model/data/ptb/results/claude_vertex_high_awm_claude-opus-5_1m__10h_gangda_wma_evolve_wma-gsm8k-gemma4b-high-r01-ctl-b-x8-v3_c04r04_formal_r4/gsm8k_google_gemma-3-4b-pt_90687/task/memory/cards/exp-04.yaml
c04r04,exp-05,other,completed,0,1,1,2,0,,5.5,0.42,2.92,,,1.0,reject,False,,/home/robtang_google_com/gangda_workspace/agentic-world-model/data/ptb/results/claude_vertex_high_awm_claude-opus-5_1m__10h_gangda_wma_evolve_wma-gsm8k-gemma4b-high-r01-ctl-b-x8-v3_c04r04_formal_r4/gsm8k_google_gemma-3-4b-pt_90687/task/memory/cards/exp-05.yaml
c04r04,exp-06,merge,completed,0,1,1,2,0,,6.0,0.65,2.92,,,1.0,adopt,False,,/home/robtang_google_com/gangda_workspace/agentic-world-model/data/ptb/results/claude_vertex_high_awm_claude-opus-5_1m__10h_gangda_wma_evolve_wma-gsm8k-gemma4b-high-r01-ctl-b-x8-v3_c04r04_formal_r4/gsm8k_google_gemma-3-4b-pt_90687/task/memory/cards/exp-06.yaml
c04r04,exp-07,other,completed,0,1,1,2,0,,6.6,0.25,2.92,,,1.0,reject,False,,/home/robtang_google_com/gangda_workspace/agentic-world-model/data/ptb/results/claude_vertex_high_awm_claude-opus-5_1m__10h_gangda_wma_evolve_wma-gsm8k-gemma4b-high-r01-ctl-b-x8-v3_c04r04_formal_r4/gsm8k_google_gemma-3-4b-pt_90687/task/memory/cards/exp-07.yaml
c04r04,exp-08,other,completed,0,1,1,2,0,,6.9,0.85,2.92,,,1.0,adopt,False,,/home/robtang_google_com/gangda_workspace/agentic-world-model/data/ptb/results/claude_vertex_high_awm_claude-opus-5_1m__10h_gangda_wma_evolve_wma-gsm8k-gemma4b-high-r01-ctl-b-x8-v3_c04r04_formal_r4/gsm8k_google_gemma-3-4b-pt_90687/task/memory/cards/exp-08.yaml
c04r04,exp-09,sft,completed,2,3,1,4,0,False,7.25,1.35,4.27,243,1.0,8000.0,reject,True,"Hidden first 243/243 schedule fails final save; restart completes epoch1.0. Count 2 SFT fits; final evaluation is n819 suffix, not n500 or standard full1319.",/home/robtang_google_com/gangda_workspace/agentic-world-model/data/ptb/results/claude_vertex_high_awm_claude-opus-5_1m__10h_gangda_wma_evolve_wma-gsm8k-gemma4b-high-r01-ctl-b-x8-v3_c04r04_formal_r4/gsm8k_google_gemma-3-4b-pt_90687/task/memory/cards/exp-09.yaml
c03r04,exp-01,other,completed,0,0,0,0,0,,0.25,0.12,0.0,,,1.0,iterate,False,,/home/robtang_google_com/gangda_workspace/agentic-world-model/data/ptb/results/claude_vertex_high_awm_claude-opus-5_1m__10h_gangda_wma_evolve_wma-gsm8k-gemma4b-high-r01-ctl-c-x8-v2_c03r04_formal-retry1_r3/gsm8k_google_gemma-3-4b-pt_90786/task/memory/cards/exp-01.yaml
c03r04,exp-02,sft,completed,1,1,0,1,0,,0.4,2.4,2.4,1885,2,75000.0,adopt,False,,/home/robtang_google_com/gangda_workspace/agentic-world-model/data/ptb/results/claude_vertex_high_awm_claude-opus-5_1m__10h_gangda_wma_evolve_wma-gsm8k-gemma4b-high-r01-ctl-c-x8-v2_c03r04_formal-retry1_r3/gsm8k_google_gemma-3-4b-pt_90786/task/memory/cards/exp-02.yaml
c03r04,exp-03,decode-config,completed,0,1,0,1,0,,2.95,0.1,2.4,,,75000.0,iterate,False,,/home/robtang_google_com/gangda_workspace/agentic-world-model/data/ptb/results/claude_vertex_high_awm_claude-opus-5_1m__10h_gangda_wma_evolve_wma-gsm8k-gemma4b-high-r01-ctl-c-x8-v2_c03r04_formal-retry1_r3/gsm8k_google_gemma-3-4b-pt_90786/task/memory/cards/exp-03.yaml
c03r04,exp-04,rft,completed,1,1,1,2,0,,3.7,1.62,4.02,1305,2,52951.0,reject,False,,/home/robtang_google_com/gangda_workspace/agentic-world-model/data/ptb/results/claude_vertex_high_awm_claude-opus-5_1m__10h_gangda_wma_evolve_wma-gsm8k-gemma4b-high-r01-ctl-c-x8-v2_c03r04_formal-retry1_r3/gsm8k_google_gemma-3-4b-pt_90786/task/memory/cards/exp-04.yaml
c03r04,exp-05,merge,completed,0,1,1,2,0,,5.6,0.13,4.02,,,52951.0,reject,False,,/home/robtang_google_com/gangda_workspace/agentic-world-model/data/ptb/results/claude_vertex_high_awm_claude-opus-5_1m__10h_gangda_wma_evolve_wma-gsm8k-gemma4b-high-r01-ctl-c-x8-v2_c03r04_formal-retry1_r3/gsm8k_google_gemma-3-4b-pt_90786/task/memory/cards/exp-05.yaml
c03r04,exp-06,other,completed,0,1,1,2,0,,5.75,0.42,4.02,,,75000.0,iterate,False,,/home/robtang_google_com/gangda_workspace/agentic-world-model/data/ptb/results/claude_vertex_high_awm_claude-opus-5_1m__10h_gangda_wma_evolve_wma-gsm8k-gemma4b-high-r01-ctl-c-x8-v2_c03r04_formal-retry1_r3/gsm8k_google_gemma-3-4b-pt_90786/task/memory/cards/exp-06.yaml
c03r04,exp-07,other,completed,0,1,1,2,0,,6.3,0.62,4.02,,,52951.0,adopt,False,,/home/robtang_google_com/gangda_workspace/agentic-world-model/data/ptb/results/claude_vertex_high_awm_claude-opus-5_1m__10h_gangda_wma_evolve_wma-gsm8k-gemma4b-high-r01-ctl-c-x8-v2_c03r04_formal-retry1_r3/gsm8k_google_gemma-3-4b-pt_90786/task/memory/cards/exp-07.yaml
c03r04,exp-08,sft,completed,1,2,1,3,0,True,6.8,0.97,4.99,762,1,60000.0,adopt,True,family=sft but input corpus explicitly contains retained self-generated/rejection-sampled rows; preserve raw family and flag mixture.,/home/robtang_google_com/gangda_workspace/agentic-world-model/data/ptb/results/claude_vertex_high_awm_claude-opus-5_1m__10h_gangda_wma_evolve_wma-gsm8k-gemma4b-high-r01-ctl-c-x8-v2_c03r04_formal-retry1_r3/gsm8k_google_gemma-3-4b-pt_90786/task/memory/cards/exp-08.yaml
c03r05,exp-01,other,completed,0,0,0,0,0,,0.15,0.05,0.0,,,300.0,iterate,False,,/home/robtang_google_com/gangda_workspace/agentic-world-model/data/ptb/results/claude_vertex_high_awm_claude-opus-5_1m__10h_gangda_wma_evolve_wma-gsm8k-gemma4b-high-r01-ctl-c-x8-v2_c03r05_formal-retry1_r3/gsm8k_google_gemma-3-4b-pt_90787/task/memory/cards/exp-01.yaml
c03r05,exp-02,sft,completed,1,1,0,1,0,,0.37,1.43,1.43,2100,2,67173.0,adopt,False,,/home/robtang_google_com/gangda_workspace/agentic-world-model/data/ptb/results/claude_vertex_high_awm_claude-opus-5_1m__10h_gangda_wma_evolve_wma-gsm8k-gemma4b-high-r01-ctl-c-x8-v2_c03r05_formal-retry1_r3/gsm8k_google_gemma-3-4b-pt_90787/task/memory/cards/exp-02.yaml
c03r05,exp-03,rft,completed,1,1,1,2,0,,2.6,2.02,3.45,2889,1,184867.0,iterate,False,,/home/robtang_google_com/gangda_workspace/agentic-world-model/data/ptb/results/claude_vertex_high_awm_claude-opus-5_1m__10h_gangda_wma_evolve_wma-gsm8k-gemma4b-high-r01-ctl-c-x8-v2_c03r05_formal-retry1_r3/gsm8k_google_gemma-3-4b-pt_90787/task/memory/cards/exp-03.yaml
c03r05,exp-04,sft,failed,0,1,1,2,1,True,4.9,0.63,4.08,900,0.65,184867.0,iterate,True,family=sft but input corpus explicitly contains retained self-generated/rejection-sampled rows; preserve raw family and flag mixture.,/home/robtang_google_com/gangda_workspace/agentic-world-model/data/ptb/results/claude_vertex_high_awm_claude-opus-5_1m__10h_gangda_wma_evolve_wma-gsm8k-gemma4b-high-r01-ctl-c-x8-v2_c03r05_formal-retry1_r3/gsm8k_google_gemma-3-4b-pt_90787/task/memory/cards/exp-04.yaml
c03r05,exp-05,sft,completed,1,2,1,3,0,True,5.7,1.0,5.08,1445,0.5,184867.0,reject,True,family=sft but input corpus explicitly contains retained self-generated/rejection-sampled rows; preserve raw family and flag mixture.,/home/robtang_google_com/gangda_workspace/agentic-world-model/data/ptb/results/claude_vertex_high_awm_claude-opus-5_1m__10h_gangda_wma_evolve_wma-gsm8k-gemma4b-high-r01-ctl-c-x8-v2_c03r05_formal-retry1_r3/gsm8k_google_gemma-3-4b-pt_90787/task/memory/cards/exp-05.yaml
c03r05,exp-06,merge,completed,0,2,1,3,0,,5.9,0.35,5.08,,,184867.0,reject,False,,/home/robtang_google_com/gangda_workspace/agentic-world-model/data/ptb/results/claude_vertex_high_awm_claude-opus-5_1m__10h_gangda_wma_evolve_wma-gsm8k-gemma4b-high-r01-ctl-c-x8-v2_c03r05_formal-retry1_r3/gsm8k_google_gemma-3-4b-pt_90787/task/memory/cards/exp-06.yaml
c03r05,exp-07,other,completed,0,2,1,3,0,,7.1,0.45,5.08,,,300.0,adopt,False,,/home/robtang_google_com/gangda_workspace/agentic-world-model/data/ptb/results/claude_vertex_high_awm_claude-opus-5_1m__10h_gangda_wma_evolve_wma-gsm8k-gemma4b-high-r01-ctl-c-x8-v2_c03r05_formal-retry1_r3/gsm8k_google_gemma-3-4b-pt_90787/task/memory/cards/exp-07.yaml
c03r05,exp-08,merge,completed,0,2,1,3,0,,7.6,0.25,5.08,,,184867.0,adopt,False,,/home/robtang_google_com/gangda_workspace/agentic-world-model/data/ptb/results/claude_vertex_high_awm_claude-opus-5_1m__10h_gangda_wma_evolve_wma-gsm8k-gemma4b-high-r01-ctl-c-x8-v2_c03r05_formal-retry1_r3/gsm8k_google_gemma-3-4b-pt_90787/task/memory/cards/exp-08.yaml
c03r06,exp-01,other,completed,0,0,0,0,0,,0.05,0.09,0.0,,,150.0,iterate,False,,/home/robtang_google_com/gangda_workspace/agentic-world-model/data/ptb/results/claude_vertex_high_awm_claude-opus-5_1m__10h_gangda_wma_evolve_wma-gsm8k-gemma4b-high-r01-ctl-c-x8-v2_c03r06_formal-retry1_r3/gsm8k_google_gemma-3-4b-pt_90788/task/memory/cards/exp-01.yaml
c03r06,exp-02,sft,completed,1,1,0,1,0,,0.42,1.82,1.82,1320,2,69946.0,adopt,False,,/home/robtang_google_com/gangda_workspace/agentic-world-model/data/ptb/results/claude_vertex_high_awm_claude-opus-5_1m__10h_gangda_wma_evolve_wma-gsm8k-gemma4b-high-r01-ctl-c-x8-v2_c03r06_formal-retry1_r3/gsm8k_google_gemma-3-4b-pt_90788/task/memory/cards/exp-02.yaml
c03r06,exp-03,decode-config,completed,0,1,0,1,0,,2.4,0.13,1.82,,,150.0,adopt,False,,/home/robtang_google_com/gangda_workspace/agentic-world-model/data/ptb/results/claude_vertex_high_awm_claude-opus-5_1m__10h_gangda_wma_evolve_wma-gsm8k-gemma4b-high-r01-ctl-c-x8-v2_c03r06_formal-retry1_r3/gsm8k_google_gemma-3-4b-pt_90788/task/memory/cards/exp-03.yaml
c03r06,exp-04,rft,completed,1,1,1,2,0,,3.15,0.77,2.59,564,1,58514.0,iterate,False,,/home/robtang_google_com/gangda_workspace/agentic-world-model/data/ptb/results/claude_vertex_high_awm_claude-opus-5_1m__10h_gangda_wma_evolve_wma-gsm8k-gemma4b-high-r01-ctl-c-x8-v2_c03r06_formal-retry1_r3/gsm8k_google_gemma-3-4b-pt_90788/task/memory/cards/exp-04.yaml
c03r06,exp-05,sft,completed,1,2,1,3,0,True,4.2,1.95,4.54,1402,1,149996.0,reject,True,family=sft but input corpus explicitly contains retained self-generated/rejection-sampled rows; preserve raw family and flag mixture.,/home/robtang_google_com/gangda_workspace/agentic-world-model/data/ptb/results/claude_vertex_high_awm_claude-opus-5_1m__10h_gangda_wma_evolve_wma-gsm8k-gemma4b-high-r01-ctl-c-x8-v2_c03r06_formal-retry1_r3/gsm8k_google_gemma-3-4b-pt_90788/task/memory/cards/exp-05.yaml
c03r06,exp-06,merge,completed,0,2,1,3,0,,6.4,0.28,4.54,,,150.0,reject,False,,/home/robtang_google_com/gangda_workspace/agentic-world-model/data/ptb/results/claude_vertex_high_awm_claude-opus-5_1m__10h_gangda_wma_evolve_wma-gsm8k-gemma4b-high-r01-ctl-c-x8-v2_c03r06_formal-retry1_r3/gsm8k_google_gemma-3-4b-pt_90788/task/memory/cards/exp-06.yaml
c03r06,exp-07,other,completed,0,2,1,3,0,,6.8,0.85,4.54,,,500.0,adopt,False,,/home/robtang_google_com/gangda_workspace/agentic-world-model/data/ptb/results/claude_vertex_high_awm_claude-opus-5_1m__10h_gangda_wma_evolve_wma-gsm8k-gemma4b-high-r01-ctl-c-x8-v2_c03r06_formal-retry1_r3/gsm8k_google_gemma-3-4b-pt_90788/task/memory/cards/exp-07.yaml
c03r07,exp-01,decode-config,completed,0,0,0,0,0,,0.15,0.12,0.0,,,10.0,iterate,False,,/home/robtang_google_com/gangda_workspace/agentic-world-model/data/ptb/results/claude_vertex_high_awm_claude-opus-5_1m__10h_gangda_wma_evolve_wma-gsm8k-gemma4b-high-r01-ctl-c-x8-v2_c03r07_formal-retry1_r3/gsm8k_google_gemma-3-4b-pt_90789/task/memory/cards/exp-01.yaml
c03r07,exp-02,sft,completed,1,1,0,1,0,,0.62,2.78,2.78,2208,1.0,110000.0,adopt,False,,/home/robtang_google_com/gangda_workspace/agentic-world-model/data/ptb/results/claude_vertex_high_awm_claude-opus-5_1m__10h_gangda_wma_evolve_wma-gsm8k-gemma4b-high-r01-ctl-c-x8-v2_c03r07_formal-retry1_r3/gsm8k_google_gemma-3-4b-pt_90789/task/memory/cards/exp-02.yaml
c03r07,exp-03,decode-config,completed,0,1,0,1,0,,3.42,0.22,2.78,,,110000.0,adopt,False,,/home/robtang_google_com/gangda_workspace/agentic-world-model/data/ptb/results/claude_vertex_high_awm_claude-opus-5_1m__10h_gangda_wma_evolve_wma-gsm8k-gemma4b-high-r01-ctl-c-x8-v2_c03r07_formal-retry1_r3/gsm8k_google_gemma-3-4b-pt_90789/task/memory/cards/exp-03.yaml
c03r07,exp-04,rft,completed,1,1,1,2,0,,4.72,1.05,3.83,847,1.0,51061.0,adopt,False,,/home/robtang_google_com/gangda_workspace/agentic-world-model/data/ptb/results/claude_vertex_high_awm_claude-opus-5_1m__10h_gangda_wma_evolve_wma-gsm8k-gemma4b-high-r01-ctl-c-x8-v2_c03r07_formal-retry1_r3/gsm8k_google_gemma-3-4b-pt_90789/task/memory/cards/exp-04.yaml
c03r07,exp-05,sft,completed,1,2,1,3,0,,5.97,1.46,5.29,1165,1.0,63117.0,adopt,False,,/home/robtang_google_com/gangda_workspace/agentic-world-model/data/ptb/results/claude_vertex_high_awm_claude-opus-5_1m__10h_gangda_wma_evolve_wma-gsm8k-gemma4b-high-r01-ctl-c-x8-v2_c03r07_formal-retry1_r3/gsm8k_google_gemma-3-4b-pt_90789/task/memory/cards/exp-05.yaml
c03r07,exp-06,sft,completed,1,3,1,4,0,,7.65,1.19,6.48,974,1.0,55000.0,reject,False,,/home/robtang_google_com/gangda_workspace/agentic-world-model/data/ptb/results/claude_vertex_high_awm_claude-opus-5_1m__10h_gangda_wma_evolve_wma-gsm8k-gemma4b-high-r01-ctl-c-x8-v2_c03r07_formal-retry1_r3/gsm8k_google_gemma-3-4b-pt_90789/task/memory/cards/exp-06.yaml
c03r08,exp-01,other,completed,0,0,0,0,0,,0.05,0.05,0.0,,,150.0,iterate,False,,/home/robtang_google_com/gangda_workspace/agentic-world-model/data/ptb/results/claude_vertex_high_awm_claude-opus-5_1m__10h_gangda_wma_evolve_wma-gsm8k-gemma4b-high-r01-ctl-c-x8-v2_c03r08_formal-retry1_r3/gsm8k_google_gemma-3-4b-pt_90790/task/memory/cards/exp-01.yaml
c03r08,exp-02,sft,completed,1,1,0,1,0,,0.75,1.35,1.35,976,2.0,52223.0,adopt,False,,/home/robtang_google_com/gangda_workspace/agentic-world-model/data/ptb/results/claude_vertex_high_awm_claude-opus-5_1m__10h_gangda_wma_evolve_wma-gsm8k-gemma4b-high-r01-ctl-c-x8-v2_c03r08_formal-retry1_r3/gsm8k_google_gemma-3-4b-pt_90790/task/memory/cards/exp-02.yaml
c03r08,exp-03,decode-config,completed,0,1,0,1,0,,1.9,0.35,1.35,,,250.0,adopt,False,,/home/robtang_google_com/gangda_workspace/agentic-world-model/data/ptb/results/claude_vertex_high_awm_claude-opus-5_1m__10h_gangda_wma_evolve_wma-gsm8k-gemma4b-high-r01-ctl-c-x8-v2_c03r08_formal-retry1_r3/gsm8k_google_gemma-3-4b-pt_90790/task/memory/cards/exp-03.yaml
c03r08,exp-04,sft,completed,1,2,0,2,0,,2.3,2.35,3.7,1630,2.0,87775.0,adopt,False,,/home/robtang_google_com/gangda_workspace/agentic-world-model/data/ptb/results/claude_vertex_high_awm_claude-opus-5_1m__10h_gangda_wma_evolve_wma-gsm8k-gemma4b-high-r01-ctl-c-x8-v2_c03r08_formal-retry1_r3/gsm8k_google_gemma-3-4b-pt_90790/task/memory/cards/exp-04.yaml
c03r08,exp-05,rft,completed,2,2,2,4,0,True,5.7,2.35,6.05,731,1.0,77939.0,adopt,True,"Raw traceback occurs at trainer.save_model after training, plus contemporaneous relock identifies a lost full epoch; second run succeeds. Count 2 RFT schedules; first-loop endpoint less directly logged than c02r03.",/home/robtang_google_com/gangda_workspace/agentic-world-model/data/ptb/results/claude_vertex_high_awm_claude-opus-5_1m__10h_gangda_wma_evolve_wma-gsm8k-gemma4b-high-r01-ctl-c-x8-v2_c03r08_formal-retry1_r3/gsm8k_google_gemma-3-4b-pt_90790/task/memory/cards/exp-05.yaml
c03r08,exp-06,merge,completed,0,2,2,4,0,,8.05,0.5,6.05,,,250.0,reject,False,,/home/robtang_google_com/gangda_workspace/agentic-world-model/data/ptb/results/claude_vertex_high_awm_claude-opus-5_1m__10h_gangda_wma_evolve_wma-gsm8k-gemma4b-high-r01-ctl-c-x8-v2_c03r08_formal-retry1_r3/gsm8k_google_gemma-3-4b-pt_90790/task/memory/cards/exp-06.yaml
c01r01,exp-01,other,completed,0,0,0,0,0,,0.1,0.1,0.0,,,1.0,iterate,False,,/home/robtang_google_com/gangda_workspace/agentic-world-model/data/ptb/results/claude_vertex_high_awm_claude-opus-5_1m__10h_gangda_wma_evolve_wma-gsm8k-gemma4b-high-r01-ctl-x8-v1_c01r01_formal_r1/gsm8k_google_gemma-3-4b-pt_90564/task/memory/cards/exp-01.yaml
c01r01,exp-02,sft,completed,1,1,0,1,0,,0.4,2.79,2.79,1408,2.0,95473.0,adopt,False,,/home/robtang_google_com/gangda_workspace/agentic-world-model/data/ptb/results/claude_vertex_high_awm_claude-opus-5_1m__10h_gangda_wma_evolve_wma-gsm8k-gemma4b-high-r01-ctl-x8-v1_c01r01_formal_r1/gsm8k_google_gemma-3-4b-pt_90564/task/memory/cards/exp-02.yaml
c01r01,exp-03,decode-config,completed,0,1,0,1,0,,3.4,0.06,2.79,,,95473.0,adopt,False,,/home/robtang_google_com/gangda_workspace/agentic-world-model/data/ptb/results/claude_vertex_high_awm_claude-opus-5_1m__10h_gangda_wma_evolve_wma-gsm8k-gemma4b-high-r01-ctl-x8-v1_c01r01_formal_r1/gsm8k_google_gemma-3-4b-pt_90564/task/memory/cards/exp-03.yaml
c01r01,exp-04,rft,completed,1,1,1,2,0,,4.4,1.28,4.07,650,1.0,93269.0,reject,False,,/home/robtang_google_com/gangda_workspace/agentic-world-model/data/ptb/results/claude_vertex_high_awm_claude-opus-5_1m__10h_gangda_wma_evolve_wma-gsm8k-gemma4b-high-r01-ctl-x8-v1_c01r01_formal_r1/gsm8k_google_gemma-3-4b-pt_90564/task/memory/cards/exp-04.yaml
c01r01,exp-05,other,completed,0,1,1,2,0,,6.0,0.35,4.07,,,93269.0,adopt,False,,/home/robtang_google_com/gangda_workspace/agentic-world-model/data/ptb/results/claude_vertex_high_awm_claude-opus-5_1m__10h_gangda_wma_evolve_wma-gsm8k-gemma4b-high-r01-ctl-x8-v1_c01r01_formal_r1/gsm8k_google_gemma-3-4b-pt_90564/task/memory/cards/exp-05.yaml
c01r01,exp-06,decode-config,completed,0,1,1,2,0,,6.3,0.1,4.07,,,95473.0,reject,False,,/home/robtang_google_com/gangda_workspace/agentic-world-model/data/ptb/results/claude_vertex_high_awm_claude-opus-5_1m__10h_gangda_wma_evolve_wma-gsm8k-gemma4b-high-r01-ctl-x8-v1_c01r01_formal_r1/gsm8k_google_gemma-3-4b-pt_90564/task/memory/cards/exp-06.yaml
c01r01,exp-07,sft,completed,1,2,1,3,0,,6.3,1.2,5.27,604,1.0,80518.0,iterate,False,,/home/robtang_google_com/gangda_workspace/agentic-world-model/data/ptb/results/claude_vertex_high_awm_claude-opus-5_1m__10h_gangda_wma_evolve_wma-gsm8k-gemma4b-high-r01-ctl-x8-v1_c01r01_formal_r1/gsm8k_google_gemma-3-4b-pt_90564/task/memory/cards/exp-07.yaml
c01r01,exp-08,other,completed,0,2,1,3,0,,7.4,0.1,5.27,,,80518.0,adopt,False,,/home/robtang_google_com/gangda_workspace/agentic-world-model/data/ptb/results/claude_vertex_high_awm_claude-opus-5_1m__10h_gangda_wma_evolve_wma-gsm8k-gemma4b-high-r01-ctl-x8-v1_c01r01_formal_r1/gsm8k_google_gemma-3-4b-pt_90564/task/memory/cards/exp-08.yaml
c01r01,exp-09,merge,completed,0,2,1,3,0,,7.6,0.25,5.27,,,80518.0,reject,False,,/home/robtang_google_com/gangda_workspace/agentic-world-model/data/ptb/results/claude_vertex_high_awm_claude-opus-5_1m__10h_gangda_wma_evolve_wma-gsm8k-gemma4b-high-r01-ctl-x8-v1_c01r01_formal_r1/gsm8k_google_gemma-3-4b-pt_90564/task/memory/cards/exp-09.yaml
c01r02,exp-01,other,completed,0,0,0,0,0,,0.15,0.05,0.0,,,10.0,adopt,False,,/home/robtang_google_com/gangda_workspace/agentic-world-model/data/ptb/results/claude_vertex_high_awm_claude-opus-5_1m__10h_gangda_wma_evolve_wma-gsm8k-gemma4b-high-r01-ctl-x8-v1_c01r02_formal_r1/gsm8k_google_gemma-3-4b-pt_90565/task/memory/cards/exp-01.yaml
c01r02,exp-02,sft,completed,1,1,0,1,1,False,0.6,1.4,1.4,1420,1,83760.0,adopt,True,"Card pitfalls/relock records an incomplete full-intent launch; aborted count is a known lower bound, not an exhaustive runtime census.",/home/robtang_google_com/gangda_workspace/agentic-world-model/data/ptb/results/claude_vertex_high_awm_claude-opus-5_1m__10h_gangda_wma_evolve_wma-gsm8k-gemma4b-high-r01-ctl-x8-v1_c01r02_formal_r1/gsm8k_google_gemma-3-4b-pt_90565/task/memory/cards/exp-02.yaml
c01r02,exp-03,decode-config,completed,0,1,0,1,0,,2.6,0.12,1.4,,,10.0,adopt,False,,/home/robtang_google_com/gangda_workspace/agentic-world-model/data/ptb/results/claude_vertex_high_awm_claude-opus-5_1m__10h_gangda_wma_evolve_wma-gsm8k-gemma4b-high-r01-ctl-x8-v1_c01r02_formal_r1/gsm8k_google_gemma-3-4b-pt_90565/task/memory/cards/exp-03.yaml
c01r02,exp-04,sft,completed,1,2,0,2,0,,2.75,1.5,2.9,1395,1,81279.0,reject,False,,/home/robtang_google_com/gangda_workspace/agentic-world-model/data/ptb/results/claude_vertex_high_awm_claude-opus-5_1m__10h_gangda_wma_evolve_wma-gsm8k-gemma4b-high-r01-ctl-x8-v1_c01r02_formal_r1/gsm8k_google_gemma-3-4b-pt_90565/task/memory/cards/exp-04.yaml
c01r02,exp-05,rft,completed,1,2,1,3,1,True,5.6,0.9,3.8,560,2,17373.0,adopt,True,"Card pitfalls/relock records an incomplete full-intent launch; aborted count is a known lower bound, not an exhaustive runtime census.",/home/robtang_google_com/gangda_workspace/agentic-world-model/data/ptb/results/claude_vertex_high_awm_claude-opus-5_1m__10h_gangda_wma_evolve_wma-gsm8k-gemma4b-high-r01-ctl-x8-v1_c01r02_formal_r1/gsm8k_google_gemma-3-4b-pt_90565/task/memory/cards/exp-05.yaml
c01r02,exp-06,other,completed,0,2,1,3,0,,7.2,0.45,3.8,,,10.0,adopt,False,,/home/robtang_google_com/gangda_workspace/agentic-world-model/data/ptb/results/claude_vertex_high_awm_claude-opus-5_1m__10h_gangda_wma_evolve_wma-gsm8k-gemma4b-high-r01-ctl-x8-v1_c01r02_formal_r1/gsm8k_google_gemma-3-4b-pt_90565/task/memory/cards/exp-06.yaml
c01r03,exp-01,other,completed,0,0,0,0,0,,0.1,0.07,0.0,,,1.0,adopt,False,,/home/robtang_google_com/gangda_workspace/agentic-world-model/data/ptb/results/claude_vertex_high_awm_claude-opus-5_1m__10h_gangda_wma_evolve_wma-gsm8k-gemma4b-high-r01-ctl-x8-v1_c01r03_formal_r1/gsm8k_google_gemma-3-4b-pt_90566/task/memory/cards/exp-01.yaml
c01r03,exp-02,sft,completed,1,1,0,1,0,,0.3,1.43,1.43,2300,2,36808.0,adopt,False,,/home/robtang_google_com/gangda_workspace/agentic-world-model/data/ptb/results/claude_vertex_high_awm_claude-opus-5_1m__10h_gangda_wma_evolve_wma-gsm8k-gemma4b-high-r01-ctl-x8-v1_c01r03_formal_r1/gsm8k_google_gemma-3-4b-pt_90566/task/memory/cards/exp-02.yaml
c01r03,exp-03,decode-config,completed,0,1,0,1,0,,2.0,0.1,1.43,,,1.0,adopt,False,,/home/robtang_google_com/gangda_workspace/agentic-world-model/data/ptb/results/claude_vertex_high_awm_claude-opus-5_1m__10h_gangda_wma_evolve_wma-gsm8k-gemma4b-high-r01-ctl-x8-v1_c01r03_formal_r1/gsm8k_google_gemma-3-4b-pt_90566/task/memory/cards/exp-03.yaml
c01r03,exp-04,sft,completed,1,2,0,2,0,True,3.05,1.33,2.76,2381,1,76226.0,reject,True,family=sft but input corpus explicitly contains retained self-generated/rejection-sampled rows; preserve raw family and flag mixture.,/home/robtang_google_com/gangda_workspace/agentic-world-model/data/ptb/results/claude_vertex_high_awm_claude-opus-5_1m__10h_gangda_wma_evolve_wma-gsm8k-gemma4b-high-r01-ctl-x8-v1_c01r03_formal_r1/gsm8k_google_gemma-3-4b-pt_90566/task/memory/cards/exp-04.yaml
c01r03,exp-05,sft,completed,1,3,0,3,1,False,4.65,1.14,3.9,2035,1,65131.0,adopt,True,"Card pitfalls/relock records an incomplete full-intent launch; aborted count is a known lower bound, not an exhaustive runtime census.",/home/robtang_google_com/gangda_workspace/agentic-world-model/data/ptb/results/claude_vertex_high_awm_claude-opus-5_1m__10h_gangda_wma_evolve_wma-gsm8k-gemma4b-high-r01-ctl-x8-v1_c01r03_formal_r1/gsm8k_google_gemma-3-4b-pt_90566/task/memory/cards/exp-05.yaml
c01r03,exp-06,rft,completed,1,3,1,4,0,,7.9,0.36,4.26,681,1,21791.0,reject,False,,/home/robtang_google_com/gangda_workspace/agentic-world-model/data/ptb/results/claude_vertex_high_awm_claude-opus-5_1m__10h_gangda_wma_evolve_wma-gsm8k-gemma4b-high-r01-ctl-x8-v1_c01r03_formal_r1/gsm8k_google_gemma-3-4b-pt_90566/task/memory/cards/exp-06.yaml
c01r04,exp-01,other,completed,0,0,0,0,0,,0.3,0.09,0.0,,,150.0,iterate,False,,/home/robtang_google_com/gangda_workspace/agentic-world-model/data/ptb/results/claude_vertex_high_awm_claude-opus-5_1m__10h_gangda_wma_evolve_wma-gsm8k-gemma4b-high-r01-ctl-x8-v1_c01r04_formal_r1/gsm8k_google_gemma-3-4b-pt_90567/task/memory/cards/exp-01.yaml
c01r04,exp-02,sft,completed,1,1,0,1,0,,0.4,1.6,1.6,2584,2,70000.0,adopt,False,,/home/robtang_google_com/gangda_workspace/agentic-world-model/data/ptb/results/claude_vertex_high_awm_claude-opus-5_1m__10h_gangda_wma_evolve_wma-gsm8k-gemma4b-high-r01-ctl-x8-v1_c01r04_formal_r1/gsm8k_google_gemma-3-4b-pt_90567/task/memory/cards/exp-02.yaml
c01r04,exp-03,decode-config,completed,0,1,0,1,0,,2.25,0.12,1.6,,,150.0,iterate,False,,/home/robtang_google_com/gangda_workspace/agentic-world-model/data/ptb/results/claude_vertex_high_awm_claude-opus-5_1m__10h_gangda_wma_evolve_wma-gsm8k-gemma4b-high-r01-ctl-x8-v1_c01r04_formal_r1/gsm8k_google_gemma-3-4b-pt_90567/task/memory/cards/exp-03.yaml
c01r04,exp-04,sft,completed,1,2,0,2,0,,2.45,1.16,2.76,1858,1,99424.0,reject,False,,/home/robtang_google_com/gangda_workspace/agentic-world-model/data/ptb/results/claude_vertex_high_awm_claude-opus-5_1m__10h_gangda_wma_evolve_wma-gsm8k-gemma4b-high-r01-ctl-x8-v1_c01r04_formal_r1/gsm8k_google_gemma-3-4b-pt_90567/task/memory/cards/exp-04.yaml
c01r04,exp-05,other,completed,0,2,0,2,0,,3.6,0.45,2.76,,,500.0,adopt,False,,/home/robtang_google_com/gangda_workspace/agentic-world-model/data/ptb/results/claude_vertex_high_awm_claude-opus-5_1m__10h_gangda_wma_evolve_wma-gsm8k-gemma4b-high-r01-ctl-x8-v1_c01r04_formal_r1/gsm8k_google_gemma-3-4b-pt_90567/task/memory/cards/exp-05.yaml
c01r04,exp-06,merge,completed,0,2,0,2,0,,4.0,0.33,2.76,,,2.0,reject,False,,/home/robtang_google_com/gangda_workspace/agentic-world-model/data/ptb/results/claude_vertex_high_awm_claude-opus-5_1m__10h_gangda_wma_evolve_wma-gsm8k-gemma4b-high-r01-ctl-x8-v1_c01r04_formal_r1/gsm8k_google_gemma-3-4b-pt_90567/task/memory/cards/exp-06.yaml
c01r04,exp-07,rft,completed,1,2,1,3,0,,5.0,0.42,3.18,643,1,34880.0,reject,False,,/home/robtang_google_com/gangda_workspace/agentic-world-model/data/ptb/results/claude_vertex_high_awm_claude-opus-5_1m__10h_gangda_wma_evolve_wma-gsm8k-gemma4b-high-r01-ctl-x8-v1_c01r04_formal_r1/gsm8k_google_gemma-3-4b-pt_90567/task/memory/cards/exp-07.yaml
c01r04,exp-08,sft,completed,1,3,1,4,0,,5.55,2.45,5.63,3145,1,169424.0,reject,False,,/home/robtang_google_com/gangda_workspace/agentic-world-model/data/ptb/results/claude_vertex_high_awm_claude-opus-5_1m__10h_gangda_wma_evolve_wma-gsm8k-gemma4b-high-r01-ctl-x8-v1_c01r04_formal_r1/gsm8k_google_gemma-3-4b-pt_90567/task/memory/cards/exp-08.yaml
c01r05,exp-01,other,completed,0,0,0,0,0,,0.3,0.06,0.0,,,200.0,reject,False,,/home/robtang_google_com/gangda_workspace/agentic-world-model/data/ptb/results/claude_vertex_high_awm_claude-opus-5_1m__10h_gangda_wma_evolve_wma-gsm8k-gemma4b-high-r01-ctl-x8-v1_c01r05_formal_r1/gsm8k_google_gemma-3-4b-pt_90568/task/memory/cards/exp-01.yaml
c01r05,exp-02,sft,completed,1,1,0,1,1,False,0.5,2.42,2.42,2488,2,130000.0,adopt,True,"Card pitfalls/relock records an incomplete full-intent launch; aborted count is a known lower bound, not an exhaustive runtime census.",/home/robtang_google_com/gangda_workspace/agentic-world-model/data/ptb/results/claude_vertex_high_awm_claude-opus-5_1m__10h_gangda_wma_evolve_wma-gsm8k-gemma4b-high-r01-ctl-x8-v1_c01r05_formal_r1/gsm8k_google_gemma-3-4b-pt_90568/task/memory/cards/exp-02.yaml
c01r05,exp-03,decode-config,completed,0,1,0,1,0,,3.1,0.09,2.42,,,130000.0,adopt,False,,/home/robtang_google_com/gangda_workspace/agentic-world-model/data/ptb/results/claude_vertex_high_awm_claude-opus-5_1m__10h_gangda_wma_evolve_wma-gsm8k-gemma4b-high-r01-ctl-x8-v1_c01r05_formal_r1/gsm8k_google_gemma-3-4b-pt_90568/task/memory/cards/exp-03.yaml
c01r05,exp-04,sft,completed,1,2,0,2,0,,3.25,2.87,5.29,2974,2,155000.0,iterate,False,,/home/robtang_google_com/gangda_workspace/agentic-world-model/data/ptb/results/claude_vertex_high_awm_claude-opus-5_1m__10h_gangda_wma_evolve_wma-gsm8k-gemma4b-high-r01-ctl-x8-v1_c01r05_formal_r1/gsm8k_google_gemma-3-4b-pt_90568/task/memory/cards/exp-04.yaml
c01r05,exp-05,merge,completed,0,2,0,2,0,,6.4,0.25,5.29,,,155000.0,reject,False,,/home/robtang_google_com/gangda_workspace/agentic-world-model/data/ptb/results/claude_vertex_high_awm_claude-opus-5_1m__10h_gangda_wma_evolve_wma-gsm8k-gemma4b-high-r01-ctl-x8-v1_c01r05_formal_r1/gsm8k_google_gemma-3-4b-pt_90568/task/memory/cards/exp-05.yaml
c01r05,exp-06,sft,completed,1,3,0,3,0,,6.5,1.42,6.71,1485,1,155000.0,reject,False,,/home/robtang_google_com/gangda_workspace/agentic-world-model/data/ptb/results/claude_vertex_high_awm_claude-opus-5_1m__10h_gangda_wma_evolve_wma-gsm8k-gemma4b-high-r01-ctl-x8-v1_c01r05_formal_r1/gsm8k_google_gemma-3-4b-pt_90568/task/memory/cards/exp-06.yaml
c01r05,exp-07,other,completed,0,3,0,3,0,,8.2,0.35,6.71,,,155000.0,adopt,False,,/home/robtang_google_com/gangda_workspace/agentic-world-model/data/ptb/results/claude_vertex_high_awm_claude-opus-5_1m__10h_gangda_wma_evolve_wma-gsm8k-gemma4b-high-r01-ctl-x8-v1_c01r05_formal_r1/gsm8k_google_gemma-3-4b-pt_90568/task/memory/cards/exp-07.yaml
c01r06,exp-01,other,completed,0,0,0,0,0,,0.2,0.15,0.0,,,1.0,iterate,False,,/home/robtang_google_com/gangda_workspace/agentic-world-model/data/ptb/results/claude_vertex_high_awm_claude-opus-5_1m__10h_gangda_wma_evolve_wma-gsm8k-gemma4b-high-r01-ctl-x8-v1_c01r06_formal_r1/gsm8k_google_gemma-3-4b-pt_90569/task/memory/cards/exp-01.yaml
c01r06,exp-02,sft,completed,1,1,0,1,0,,0.35,2.16,2.16,1508,1.0,168464.0,adopt,False,,/home/robtang_google_com/gangda_workspace/agentic-world-model/data/ptb/results/claude_vertex_high_awm_claude-opus-5_1m__10h_gangda_wma_evolve_wma-gsm8k-gemma4b-high-r01-ctl-x8-v1_c01r06_formal_r1/gsm8k_google_gemma-3-4b-pt_90569/task/memory/cards/exp-02.yaml
c01r06,exp-03,rft,failed,1,1,1,2,0,True,4.0,1.02,3.18,716,1.0,80111.0,iterate,True,"716/716 steps completed; terminal GenerationConfig save failure. Count one completed RFT schedule, zero new scored model.",/home/robtang_google_com/gangda_workspace/agentic-world-model/data/ptb/results/claude_vertex_high_awm_claude-opus-5_1m__10h_gangda_wma_evolve_wma-gsm8k-gemma4b-high-r01-ctl-x8-v1_c01r06_formal_r1/gsm8k_google_gemma-3-4b-pt_90569/task/memory/cards/exp-03.yaml
c01r06,exp-04,rft,completed,1,1,2,3,0,,5.1,2.04,5.22,1440,1.0,160111.0,adopt,False,,/home/robtang_google_com/gangda_workspace/agentic-world-model/data/ptb/results/claude_vertex_high_awm_claude-opus-5_1m__10h_gangda_wma_evolve_wma-gsm8k-gemma4b-high-r01-ctl-x8-v1_c01r06_formal_r1/gsm8k_google_gemma-3-4b-pt_90569/task/memory/cards/exp-04.yaml
c01r06,exp-05,sft,completed,1,2,2,4,0,,7.35,0.88,6.1,635,1.0,70000.0,reject,False,,/home/robtang_google_com/gangda_workspace/agentic-world-model/data/ptb/results/claude_vertex_high_awm_claude-opus-5_1m__10h_gangda_wma_evolve_wma-gsm8k-gemma4b-high-r01-ctl-x8-v1_c01r06_formal_r1/gsm8k_google_gemma-3-4b-pt_90569/task/memory/cards/exp-05.yaml
c01r07,exp-01,other,completed,0,0,0,0,0,,0.05,0.15,0.0,,,150.0,iterate,False,,/home/robtang_google_com/gangda_workspace/agentic-world-model/data/ptb/results/claude_vertex_high_awm_claude-opus-5_1m__10h_gangda_wma_evolve_wma-gsm8k-gemma4b-high-r01-ctl-x8-v1_c01r07_formal_r1/gsm8k_google_gemma-3-4b-pt_90570/task/memory/cards/exp-01.yaml
c01r07,exp-02,sft,completed,1,1,0,1,0,,0.4,1.2,1.2,628,1.0,49990.0,adopt,False,,/home/robtang_google_com/gangda_workspace/agentic-world-model/data/ptb/results/claude_vertex_high_awm_claude-opus-5_1m__10h_gangda_wma_evolve_wma-gsm8k-gemma4b-high-r01-ctl-x8-v1_c01r07_formal_r1/gsm8k_google_gemma-3-4b-pt_90570/task/memory/cards/exp-02.yaml
c01r07,exp-03,sft,completed,1,2,0,2,0,,1.95,2.4,3.6,1251,1.0,109979.0,adopt,False,,/home/robtang_google_com/gangda_workspace/agentic-world-model/data/ptb/results/claude_vertex_high_awm_claude-opus-5_1m__10h_gangda_wma_evolve_wma-gsm8k-gemma4b-high-r01-ctl-x8-v1_c01r07_formal_r1/gsm8k_google_gemma-3-4b-pt_90570/task/memory/cards/exp-03.yaml
c01r07,exp-04,rft,completed,1,2,1,3,1,True,5.2,1.05,4.65,563,1.0,54175.0,reject,True,"First launch failed at260/563 after28m35s, then ~37m unnoticed idle; only second launch completed. Card1.1h loss is not all GPU training.",/home/robtang_google_com/gangda_workspace/agentic-world-model/data/ptb/results/claude_vertex_high_awm_claude-opus-5_1m__10h_gangda_wma_evolve_wma-gsm8k-gemma4b-high-r01-ctl-x8-v1_c01r07_formal_r1/gsm8k_google_gemma-3-4b-pt_90570/task/memory/cards/exp-04.yaml
c01r07,exp-05,other,completed,0,2,1,3,0,,8.35,0.25,4.65,,,500.0,reject,False,,/home/robtang_google_com/gangda_workspace/agentic-world-model/data/ptb/results/claude_vertex_high_awm_claude-opus-5_1m__10h_gangda_wma_evolve_wma-gsm8k-gemma4b-high-r01-ctl-x8-v1_c01r07_formal_r1/gsm8k_google_gemma-3-4b-pt_90570/task/memory/cards/exp-05.yaml
c01r08,exp-01,other,completed,0,0,0,0,0,,0.15,0.07,0.0,,,300.0,iterate,False,,/home/robtang_google_com/gangda_workspace/agentic-world-model/data/ptb/results/claude_vertex_high_awm_claude-opus-5_1m__10h_gangda_wma_evolve_wma-gsm8k-gemma4b-high-r01-ctl-x8-v1_c01r08_formal_r1/gsm8k_google_gemma-3-4b-pt_90571/task/memory/cards/exp-01.yaml
c01r08,exp-02,sft,completed,1,1,0,1,0,,0.73,1.03,1.03,568,1.0,65999.0,adopt,False,,/home/robtang_google_com/gangda_workspace/agentic-world-model/data/ptb/results/claude_vertex_high_awm_claude-opus-5_1m__10h_gangda_wma_evolve_wma-gsm8k-gemma4b-high-r01-ctl-x8-v1_c01r08_formal_r1/gsm8k_google_gemma-3-4b-pt_90571/task/memory/cards/exp-02.yaml
c01r08,exp-03,sft,completed,1,2,0,2,0,,1.95,1.88,2.91,1042,1.0,113000.0,reject,False,,/home/robtang_google_com/gangda_workspace/agentic-world-model/data/ptb/results/claude_vertex_high_awm_claude-opus-5_1m__10h_gangda_wma_evolve_wma-gsm8k-gemma4b-high-r01-ctl-x8-v1_c01r08_formal_r1/gsm8k_google_gemma-3-4b-pt_90571/task/memory/cards/exp-03.yaml
c01r08,exp-04,decode-config,completed,0,2,0,2,0,,3.9,0.42,2.91,,,300.0,adopt,False,,/home/robtang_google_com/gangda_workspace/agentic-world-model/data/ptb/results/claude_vertex_high_awm_claude-opus-5_1m__10h_gangda_wma_evolve_wma-gsm8k-gemma4b-high-r01-ctl-x8-v1_c01r08_formal_r1/gsm8k_google_gemma-3-4b-pt_90571/task/memory/cards/exp-04.yaml
c01r08,exp-05,rft,completed,1,2,1,3,1,True,4.85,1.5,4.41,406,1.0,48558.0,iterate,True,"IMPORTANT card claim of a lost full epoch contradicted by raw trajectory: --save-frac0.5, step203/406 checkpoint fails with uncaught save exception; no final exists. Count 1 completed fit and >=1 partial, not 2 completed fits.",/home/robtang_google_com/gangda_workspace/agentic-world-model/data/ptb/results/claude_vertex_high_awm_claude-opus-5_1m__10h_gangda_wma_evolve_wma-gsm8k-gemma4b-high-r01-ctl-x8-v1_c01r08_formal_r1/gsm8k_google_gemma-3-4b-pt_90571/task/memory/cards/exp-05.yaml
c01r08,exp-06,merge,completed,0,2,1,3,0,,6.1,0.15,4.41,,,300.0,adopt,False,,/home/robtang_google_com/gangda_workspace/agentic-world-model/data/ptb/results/claude_vertex_high_awm_claude-opus-5_1m__10h_gangda_wma_evolve_wma-gsm8k-gemma4b-high-r01-ctl-x8-v1_c01r08_formal_r1/gsm8k_google_gemma-3-4b-pt_90571/task/memory/cards/exp-06.yaml
c01r08,exp-07,merge,completed,0,2,1,3,0,,6.6,0.21,4.41,,,300.0,adopt,False,,/home/robtang_google_com/gangda_workspace/agentic-world-model/data/ptb/results/claude_vertex_high_awm_claude-opus-5_1m__10h_gangda_wma_evolve_wma-gsm8k-gemma4b-high-r01-ctl-x8-v1_c01r08_formal_r1/gsm8k_google_gemma-3-4b-pt_90571/task/memory/cards/exp-07.yaml
c01r08,exp-08,merge,completed,0,2,1,3,0,,6.95,0.65,4.41,,,300.0,adopt,False,,/home/robtang_google_com/gangda_workspace/agentic-world-model/data/ptb/results/claude_vertex_high_awm_claude-opus-5_1m__10h_gangda_wma_evolve_wma-gsm8k-gemma4b-high-r01-ctl-x8-v1_c01r08_formal_r1/gsm8k_google_gemma-3-4b-pt_90571/task/memory/cards/exp-08.yaml
w02r01,exp-01,other,completed,0,0,0,0,0,,0.15,0.06,0.0,,,150.0,reject,False,,/home/robtang_google_com/gangda_workspace/agentic-world-model/data/ptb/results/claude_vertex_high_awm_claude-opus-5_1m__10h_gangda_wma_evolve_wma-gsm8k-gemma4b-high-r01-wma-b-x8-v2_w02r01_formal_r2/gsm8k_google_gemma-3-4b-pt_90606/task/memory/cards/exp-01.yaml
w02r01,exp-02,sft,completed,1,1,0,1,0,,0.45,1.94,1.94,3592,2,57473.0,adopt,False,,/home/robtang_google_com/gangda_workspace/agentic-world-model/data/ptb/results/claude_vertex_high_awm_claude-opus-5_1m__10h_gangda_wma_evolve_wma-gsm8k-gemma4b-high-r01-wma-b-x8-v2_w02r01_formal_r2/gsm8k_google_gemma-3-4b-pt_90606/task/memory/cards/exp-02.yaml
w02r01,exp-03,decode-config,not_run,0,1,0,1,0,,2.6,,1.94,,,150.0,adopt,False,,/home/robtang_google_com/gangda_workspace/agentic-world-model/data/ptb/results/claude_vertex_high_awm_claude-opus-5_1m__10h_gangda_wma_evolve_wma-gsm8k-gemma4b-high-r01-wma-b-x8-v2_w02r01_formal_r2/gsm8k_google_gemma-3-4b-pt_90606/task/memory/cards/exp-03.yaml
w02r01,exp-04,rft,completed,1,1,1,2,0,,3.4,1.88,3.82,3547,1,113499.0,adopt,False,,/home/robtang_google_com/gangda_workspace/agentic-world-model/data/ptb/results/claude_vertex_high_awm_claude-opus-5_1m__10h_gangda_wma_evolve_wma-gsm8k-gemma4b-high-r01-wma-b-x8-v2_w02r01_formal_r2/gsm8k_google_gemma-3-4b-pt_90606/task/memory/cards/exp-04.yaml
w02r01,exp-05,rft,completed,1,1,2,3,0,,5.6,0.6,4.42,1176,1,37624.0,reject,False,,/home/robtang_google_com/gangda_workspace/agentic-world-model/data/ptb/results/claude_vertex_high_awm_claude-opus-5_1m__10h_gangda_wma_evolve_wma-gsm8k-gemma4b-high-r01-wma-b-x8-v2_w02r01_formal_r2/gsm8k_google_gemma-3-4b-pt_90606/task/memory/cards/exp-05.yaml
w02r01,exp-06,other,completed,0,1,2,3,0,,6.3,0.35,4.42,,,500.0,adopt,False,,/home/robtang_google_com/gangda_workspace/agentic-world-model/data/ptb/results/claude_vertex_high_awm_claude-opus-5_1m__10h_gangda_wma_evolve_wma-gsm8k-gemma4b-high-r01-wma-b-x8-v2_w02r01_formal_r2/gsm8k_google_gemma-3-4b-pt_90606/task/memory/cards/exp-06.yaml
w02r01,exp-07,merge,completed,0,1,2,3,0,,6.5,0.22,4.42,,,500.0,reject,False,,/home/robtang_google_com/gangda_workspace/agentic-world-model/data/ptb/results/claude_vertex_high_awm_claude-opus-5_1m__10h_gangda_wma_evolve_wma-gsm8k-gemma4b-high-r01-wma-b-x8-v2_w02r01_formal_r2/gsm8k_google_gemma-3-4b-pt_90606/task/memory/cards/exp-07.yaml
w02r01,exp-08,other,completed,0,1,2,3,0,,6.7,0.72,4.42,,,1319.0,adopt,False,,/home/robtang_google_com/gangda_workspace/agentic-world-model/data/ptb/results/claude_vertex_high_awm_claude-opus-5_1m__10h_gangda_wma_evolve_wma-gsm8k-gemma4b-high-r01-wma-b-x8-v2_w02r01_formal_r2/gsm8k_google_gemma-3-4b-pt_90606/task/memory/cards/exp-08.yaml
w02r02,exp-01,other,completed,0,0,0,0,0,,0.05,0.06,0.0,,,200.0,iterate,False,,/home/robtang_google_com/gangda_workspace/agentic-world-model/data/ptb/results/claude_vertex_high_awm_claude-opus-5_1m__10h_gangda_wma_evolve_wma-gsm8k-gemma4b-high-r01-wma-b-x8-v2_w02r02_formal_r2/gsm8k_google_gemma-3-4b-pt_90607/task/memory/cards/exp-01.yaml
w02r02,exp-02,sft,completed,1,1,0,1,0,,0.45,2.5,2.5,3734,2,60000.0,adopt,False,,/home/robtang_google_com/gangda_workspace/agentic-world-model/data/ptb/results/claude_vertex_high_awm_claude-opus-5_1m__10h_gangda_wma_evolve_wma-gsm8k-gemma4b-high-r01-wma-b-x8-v2_w02r02_formal_r2/gsm8k_google_gemma-3-4b-pt_90607/task/memory/cards/exp-02.yaml
w02r02,exp-03,decode-config,completed,0,1,0,1,0,,3.1,0.12,2.5,,,60000.0,adopt,False,,/home/robtang_google_com/gangda_workspace/agentic-world-model/data/ptb/results/claude_vertex_high_awm_claude-opus-5_1m__10h_gangda_wma_evolve_wma-gsm8k-gemma4b-high-r01-wma-b-x8-v2_w02r02_formal_r2/gsm8k_google_gemma-3-4b-pt_90607/task/memory/cards/exp-03.yaml
w02r02,exp-04,other,completed,0,1,0,1,0,,3.45,0.11,2.5,1866,,60000.0,reject,False,,/home/robtang_google_com/gangda_workspace/agentic-world-model/data/ptb/results/claude_vertex_high_awm_claude-opus-5_1m__10h_gangda_wma_evolve_wma-gsm8k-gemma4b-high-r01-wma-b-x8-v2_w02r02_formal_r2/gsm8k_google_gemma-3-4b-pt_90607/task/memory/cards/exp-04.yaml
w02r02,exp-05,rft,completed,1,1,1,2,0,,6.55,0.67,3.17,785,1,25155.0,iterate,False,,/home/robtang_google_com/gangda_workspace/agentic-world-model/data/ptb/results/claude_vertex_high_awm_claude-opus-5_1m__10h_gangda_wma_evolve_wma-gsm8k-gemma4b-high-r01-wma-b-x8-v2_w02r02_formal_r2/gsm8k_google_gemma-3-4b-pt_90607/task/memory/cards/exp-05.yaml
w02r02,exp-06,other,completed,0,1,1,2,0,,7.95,0.45,3.17,,,25155.0,adopt,False,,/home/robtang_google_com/gangda_workspace/agentic-world-model/data/ptb/results/claude_vertex_high_awm_claude-opus-5_1m__10h_gangda_wma_evolve_wma-gsm8k-gemma4b-high-r01-wma-b-x8-v2_w02r02_formal_r2/gsm8k_google_gemma-3-4b-pt_90607/task/memory/cards/exp-06.yaml
w02r02,exp-07,merge,completed,0,1,1,2,0,,8.75,0.35,3.17,,,25155.0,reject,False,,/home/robtang_google_com/gangda_workspace/agentic-world-model/data/ptb/results/claude_vertex_high_awm_claude-opus-5_1m__10h_gangda_wma_evolve_wma-gsm8k-gemma4b-high-r01-wma-b-x8-v2_w02r02_formal_r2/gsm8k_google_gemma-3-4b-pt_90607/task/memory/cards/exp-07.yaml
w02r03,exp-01,other,completed,0,0,0,0,0,,0.15,0.35,0.0,,,150.0,iterate,False,,/home/robtang_google_com/gangda_workspace/agentic-world-model/data/ptb/results/claude_vertex_high_awm_claude-opus-5_1m__10h_gangda_wma_evolve_wma-gsm8k-gemma4b-high-r01-wma-b-x8-v2_w02r03_formal_r2/gsm8k_google_gemma-3-4b-pt_90608/task/memory/cards/exp-01.yaml
w02r03,exp-02,sft,completed,1,1,0,1,1,False,1.4,1.85,1.85,1714,1.0,135000.0,adopt,True,"Card pitfalls/relock records an incomplete full-intent launch; aborted count is a known lower bound, not an exhaustive runtime census.",/home/robtang_google_com/gangda_workspace/agentic-world-model/data/ptb/results/claude_vertex_high_awm_claude-opus-5_1m__10h_gangda_wma_evolve_wma-gsm8k-gemma4b-high-r01-wma-b-x8-v2_w02r03_formal_r2/gsm8k_google_gemma-3-4b-pt_90608/task/memory/cards/exp-02.yaml
w02r03,exp-03,decode-config,completed,0,1,0,1,0,,2.65,0.2,1.85,,,150.0,adopt,False,,/home/robtang_google_com/gangda_workspace/agentic-world-model/data/ptb/results/claude_vertex_high_awm_claude-opus-5_1m__10h_gangda_wma_evolve_wma-gsm8k-gemma4b-high-r01-wma-b-x8-v2_w02r03_formal_r2/gsm8k_google_gemma-3-4b-pt_90608/task/memory/cards/exp-03.yaml
w02r03,exp-04,rft,completed,1,1,1,2,0,,4.5,0.72,2.57,669,1.0,54477.0,adopt,False,,/home/robtang_google_com/gangda_workspace/agentic-world-model/data/ptb/results/claude_vertex_high_awm_claude-opus-5_1m__10h_gangda_wma_evolve_wma-gsm8k-gemma4b-high-r01-wma-b-x8-v2_w02r03_formal_r2/gsm8k_google_gemma-3-4b-pt_90608/task/memory/cards/exp-04.yaml
w02r03,exp-05,rft,completed,1,1,2,3,0,,6.6,0.68,3.25,656,1.0,53706.0,reject,False,,/home/robtang_google_com/gangda_workspace/agentic-world-model/data/ptb/results/claude_vertex_high_awm_claude-opus-5_1m__10h_gangda_wma_evolve_wma-gsm8k-gemma4b-high-r01-wma-b-x8-v2_w02r03_formal_r2/gsm8k_google_gemma-3-4b-pt_90608/task/memory/cards/exp-05.yaml
w02r03,exp-06,merge,completed,0,1,2,3,0,,7.05,0.2,3.25,,,53706.0,reject,False,,/home/robtang_google_com/gangda_workspace/agentic-world-model/data/ptb/results/claude_vertex_high_awm_claude-opus-5_1m__10h_gangda_wma_evolve_wma-gsm8k-gemma4b-high-r01-wma-b-x8-v2_w02r03_formal_r2/gsm8k_google_gemma-3-4b-pt_90608/task/memory/cards/exp-06.yaml
w02r03,exp-07,other,completed,0,1,2,3,0,,7.4,1.1,3.25,,,500.0,adopt,False,,/home/robtang_google_com/gangda_workspace/agentic-world-model/data/ptb/results/claude_vertex_high_awm_claude-opus-5_1m__10h_gangda_wma_evolve_wma-gsm8k-gemma4b-high-r01-wma-b-x8-v2_w02r03_formal_r2/gsm8k_google_gemma-3-4b-pt_90608/task/memory/cards/exp-07.yaml
w02r04,exp-01,other,completed,0,0,0,0,0,,0.1,0.33,0.0,,,150.0,adopt,False,,/home/robtang_google_com/gangda_workspace/agentic-world-model/data/ptb/results/claude_vertex_high_awm_claude-opus-5_1m__10h_gangda_wma_evolve_wma-gsm8k-gemma4b-high-r01-wma-b-x8-v2_w02r04_formal_r2/gsm8k_google_gemma-3-4b-pt_90609/task/memory/cards/exp-01.yaml
w02r04,exp-02,sft,completed,1,1,0,1,1,False,0.35,1.66,1.66,1848,2,49946.0,adopt,True,"Card pitfalls/relock records an incomplete full-intent launch; aborted count is a known lower bound, not an exhaustive runtime census.",/home/robtang_google_com/gangda_workspace/agentic-world-model/data/ptb/results/claude_vertex_high_awm_claude-opus-5_1m__10h_gangda_wma_evolve_wma-gsm8k-gemma4b-high-r01-wma-b-x8-v2_w02r04_formal_r2/gsm8k_google_gemma-3-4b-pt_90609/task/memory/cards/exp-02.yaml
w02r04,exp-03,decode-config,completed,0,1,0,1,0,,2.05,0.1,1.66,,,49946.0,adopt,False,,/home/robtang_google_com/gangda_workspace/agentic-world-model/data/ptb/results/claude_vertex_high_awm_claude-opus-5_1m__10h_gangda_wma_evolve_wma-gsm8k-gemma4b-high-r01-wma-b-x8-v2_w02r04_formal_r2/gsm8k_google_gemma-3-4b-pt_90609/task/memory/cards/exp-03.yaml
w02r04,exp-04,sft,completed,1,2,0,2,0,,2.2,2.0,3.66,2170,1,124946.0,reject,False,,/home/robtang_google_com/gangda_workspace/agentic-world-model/data/ptb/results/claude_vertex_high_awm_claude-opus-5_1m__10h_gangda_wma_evolve_wma-gsm8k-gemma4b-high-r01-wma-b-x8-v2_w02r04_formal_r2/gsm8k_google_gemma-3-4b-pt_90609/task/memory/cards/exp-04.yaml
w02r04,exp-05,rft,completed,1,2,1,3,1,True,5.35,1.15,4.81,890,1,54067.0,iterate,True,"Card pitfalls/relock records an incomplete full-intent launch; aborted count is a known lower bound, not an exhaustive runtime census.",/home/robtang_google_com/gangda_workspace/agentic-world-model/data/ptb/results/claude_vertex_high_awm_claude-opus-5_1m__10h_gangda_wma_evolve_wma-gsm8k-gemma4b-high-r01-wma-b-x8-v2_w02r04_formal_r2/gsm8k_google_gemma-3-4b-pt_90609/task/memory/cards/exp-05.yaml
w02r04,exp-06,other,completed,0,2,1,3,0,,7.2,0.3,4.81,,,54067.0,adopt,False,,/home/robtang_google_com/gangda_workspace/agentic-world-model/data/ptb/results/claude_vertex_high_awm_claude-opus-5_1m__10h_gangda_wma_evolve_wma-gsm8k-gemma4b-high-r01-wma-b-x8-v2_w02r04_formal_r2/gsm8k_google_gemma-3-4b-pt_90609/task/memory/cards/exp-06.yaml
w02r04,exp-07,merge,completed,0,2,1,3,0,,7.5,0.25,4.81,,,54067.0,reject,False,,/home/robtang_google_com/gangda_workspace/agentic-world-model/data/ptb/results/claude_vertex_high_awm_claude-opus-5_1m__10h_gangda_wma_evolve_wma-gsm8k-gemma4b-high-r01-wma-b-x8-v2_w02r04_formal_r2/gsm8k_google_gemma-3-4b-pt_90609/task/memory/cards/exp-07.yaml
w02r04,exp-08,other,completed,0,2,1,3,0,,7.75,0.2,4.81,,,54067.0,reject,False,,/home/robtang_google_com/gangda_workspace/agentic-world-model/data/ptb/results/claude_vertex_high_awm_claude-opus-5_1m__10h_gangda_wma_evolve_wma-gsm8k-gemma4b-high-r01-wma-b-x8-v2_w02r04_formal_r2/gsm8k_google_gemma-3-4b-pt_90609/task/memory/cards/exp-08.yaml
w02r05,exp-01,other,completed,0,0,0,0,0,,0.15,0.06,0.0,,,1.0,iterate,False,,/home/robtang_google_com/gangda_workspace/agentic-world-model/data/ptb/results/claude_vertex_high_awm_claude-opus-5_1m__10h_gangda_wma_evolve_wma-gsm8k-gemma4b-high-r01-wma-b-x8-v2_w02r05_formal_r2/gsm8k_google_gemma-3-4b-pt_90610/task/memory/cards/exp-01.yaml
w02r05,exp-02,sft,completed,1,1,0,1,0,,0.5,1.39,1.39,3080,2,48009.0,adopt,False,,/home/robtang_google_com/gangda_workspace/agentic-world-model/data/ptb/results/claude_vertex_high_awm_claude-opus-5_1m__10h_gangda_wma_evolve_wma-gsm8k-gemma4b-high-r01-wma-b-x8-v2_w02r05_formal_r2/gsm8k_google_gemma-3-4b-pt_90610/task/memory/cards/exp-02.yaml
w02r05,exp-03,decode-config,completed,0,1,0,1,0,,1.75,0.05,1.39,,,1.0,adopt,False,,/home/robtang_google_com/gangda_workspace/agentic-world-model/data/ptb/results/claude_vertex_high_awm_claude-opus-5_1m__10h_gangda_wma_evolve_wma-gsm8k-gemma4b-high-r01-wma-b-x8-v2_w02r05_formal_r2/gsm8k_google_gemma-3-4b-pt_90610/task/memory/cards/exp-03.yaml
w02r05,exp-04,other,not_run,0,1,0,1,0,,3.65,0.0,1.39,,,1.0,abandon_line,False,,/home/robtang_google_com/gangda_workspace/agentic-world-model/data/ptb/results/claude_vertex_high_awm_claude-opus-5_1m__10h_gangda_wma_evolve_wma-gsm8k-gemma4b-high-r01-wma-b-x8-v2_w02r05_formal_r2/gsm8k_google_gemma-3-4b-pt_90610/task/memory/cards/exp-04.yaml
w02r05,exp-05,rft,completed,1,1,1,2,0,,3.7,0.96,2.35,2123,1,67453.0,reject,False,,/home/robtang_google_com/gangda_workspace/agentic-world-model/data/ptb/results/claude_vertex_high_awm_claude-opus-5_1m__10h_gangda_wma_evolve_wma-gsm8k-gemma4b-high-r01-wma-b-x8-v2_w02r05_formal_r2/gsm8k_google_gemma-3-4b-pt_90610/task/memory/cards/exp-05.yaml
w02r05,exp-06,rft,completed,1,1,2,3,0,,4.5,2.29,4.64,5296,2,83346.0,adopt,False,,/home/robtang_google_com/gangda_workspace/agentic-world-model/data/ptb/results/claude_vertex_high_awm_claude-opus-5_1m__10h_gangda_wma_evolve_wma-gsm8k-gemma4b-high-r01-wma-b-x8-v2_w02r05_formal_r2/gsm8k_google_gemma-3-4b-pt_90610/task/memory/cards/exp-06.yaml
w02r05,exp-07,merge,completed,0,1,2,3,0,,7.0,0.55,4.64,,,1.0,adopt,False,,/home/robtang_google_com/gangda_workspace/agentic-world-model/data/ptb/results/claude_vertex_high_awm_claude-opus-5_1m__10h_gangda_wma_evolve_wma-gsm8k-gemma4b-high-r01-wma-b-x8-v2_w02r05_formal_r2/gsm8k_google_gemma-3-4b-pt_90610/task/memory/cards/exp-07.yaml
w02r05,exp-08,decode-config,completed,0,1,2,3,0,,7.6,0.09,4.64,,,1.0,reject,False,,/home/robtang_google_com/gangda_workspace/agentic-world-model/data/ptb/results/claude_vertex_high_awm_claude-opus-5_1m__10h_gangda_wma_evolve_wma-gsm8k-gemma4b-high-r01-wma-b-x8-v2_w02r05_formal_r2/gsm8k_google_gemma-3-4b-pt_90610/task/memory/cards/exp-08.yaml
w02r05,exp-09,merge,completed,0,1,2,3,0,,7.8,0.13,4.64,,,1.0,reject,False,,/home/robtang_google_com/gangda_workspace/agentic-world-model/data/ptb/results/claude_vertex_high_awm_claude-opus-5_1m__10h_gangda_wma_evolve_wma-gsm8k-gemma4b-high-r01-wma-b-x8-v2_w02r05_formal_r2/gsm8k_google_gemma-3-4b-pt_90610/task/memory/cards/exp-09.yaml
w04r01,exp-01,other,completed,0,0,0,0,0,,0.05,0.12,0.0,,,1.0,adopt,False,,/home/robtang_google_com/gangda_workspace/agentic-world-model/data/ptb/results/claude_vertex_high_awm_claude-opus-5_1m__10h_gangda_wma_evolve_wma-gsm8k-gemma4b-high-r01-wma-b-x8-v3_w04r01_formal_r4/gsm8k_google_gemma-3-4b-pt_90676/task/memory/cards/exp-01.yaml
w04r01,exp-02,sft,completed,1,1,0,1,0,,0.35,2.63,2.63,5310,2,84946.0,iterate,False,,/home/robtang_google_com/gangda_workspace/agentic-world-model/data/ptb/results/claude_vertex_high_awm_claude-opus-5_1m__10h_gangda_wma_evolve_wma-gsm8k-gemma4b-high-r01-wma-b-x8-v3_w04r01_formal_r4/gsm8k_google_gemma-3-4b-pt_90676/task/memory/cards/exp-02.yaml
w04r01,exp-03,sft,completed,1,2,0,2,0,,3.4,0.77,3.4,469,1,15000.0,adopt,False,,/home/robtang_google_com/gangda_workspace/agentic-world-model/data/ptb/results/claude_vertex_high_awm_claude-opus-5_1m__10h_gangda_wma_evolve_wma-gsm8k-gemma4b-high-r01-wma-b-x8-v3_w04r01_formal_r4/gsm8k_google_gemma-3-4b-pt_90676/task/memory/cards/exp-03.yaml
w04r01,exp-04,decode-config,completed,0,2,0,2,0,,4.5,0.1,3.4,,,1.0,adopt,False,,/home/robtang_google_com/gangda_workspace/agentic-world-model/data/ptb/results/claude_vertex_high_awm_claude-opus-5_1m__10h_gangda_wma_evolve_wma-gsm8k-gemma4b-high-r01-wma-b-x8-v3_w04r01_formal_r4/gsm8k_google_gemma-3-4b-pt_90676/task/memory/cards/exp-04.yaml
w04r01,exp-05,rft,completed,1,2,1,3,0,,5.05,1.3,4.7,783,1,25034.0,iterate,False,,/home/robtang_google_com/gangda_workspace/agentic-world-model/data/ptb/results/claude_vertex_high_awm_claude-opus-5_1m__10h_gangda_wma_evolve_wma-gsm8k-gemma4b-high-r01-wma-b-x8-v3_w04r01_formal_r4/gsm8k_google_gemma-3-4b-pt_90676/task/memory/cards/exp-05.yaml
w04r01,exp-06,other,completed,0,2,1,3,0,,6.95,0.75,4.7,,,1.0,adopt,False,,/home/robtang_google_com/gangda_workspace/agentic-world-model/data/ptb/results/claude_vertex_high_awm_claude-opus-5_1m__10h_gangda_wma_evolve_wma-gsm8k-gemma4b-high-r01-wma-b-x8-v3_w04r01_formal_r4/gsm8k_google_gemma-3-4b-pt_90676/task/memory/cards/exp-06.yaml
w04r01,exp-07,merge,completed,0,2,1,3,0,,7.75,0.55,4.7,,,1.0,reject,False,,/home/robtang_google_com/gangda_workspace/agentic-world-model/data/ptb/results/claude_vertex_high_awm_claude-opus-5_1m__10h_gangda_wma_evolve_wma-gsm8k-gemma4b-high-r01-wma-b-x8-v3_w04r01_formal_r4/gsm8k_google_gemma-3-4b-pt_90676/task/memory/cards/exp-07.yaml
w04r02,exp-01,other,completed,0,0,0,0,0,,0.1,0.09,0.0,,,10.0,iterate,False,,/home/robtang_google_com/gangda_workspace/agentic-world-model/data/ptb/results/claude_vertex_high_awm_claude-opus-5_1m__10h_gangda_wma_evolve_wma-gsm8k-gemma4b-high-r01-wma-b-x8-v3_w04r02_formal_r4/gsm8k_google_gemma-3-4b-pt_90677/task/memory/cards/exp-01.yaml
w04r02,exp-02,sft,completed,1,1,0,1,0,,0.3,1.32,1.32,902,1,112234.0,adopt,False,,/home/robtang_google_com/gangda_workspace/agentic-world-model/data/ptb/results/claude_vertex_high_awm_claude-opus-5_1m__10h_gangda_wma_evolve_wma-gsm8k-gemma4b-high-r01-wma-b-x8-v3_w04r02_formal_r4/gsm8k_google_gemma-3-4b-pt_90677/task/memory/cards/exp-02.yaml
w04r02,exp-03,decode-config,completed,0,1,0,1,0,,1.9,0.13,1.32,,,112234.0,adopt,False,,/home/robtang_google_com/gangda_workspace/agentic-world-model/data/ptb/results/claude_vertex_high_awm_claude-opus-5_1m__10h_gangda_wma_evolve_wma-gsm8k-gemma4b-high-r01-wma-b-x8-v3_w04r02_formal_r4/gsm8k_google_gemma-3-4b-pt_90677/task/memory/cards/exp-03.yaml
w04r02,exp-04,sft,completed,1,2,0,2,0,,2.0,2.29,3.61,1562,1,193592.0,iterate,False,,/home/robtang_google_com/gangda_workspace/agentic-world-model/data/ptb/results/claude_vertex_high_awm_claude-opus-5_1m__10h_gangda_wma_evolve_wma-gsm8k-gemma4b-high-r01-wma-b-x8-v3_w04r02_formal_r4/gsm8k_google_gemma-3-4b-pt_90677/task/memory/cards/exp-04.yaml
w04r02,exp-05,merge,completed,0,2,0,2,0,,2.5,0.14,3.61,,,112234.0,reject,False,,/home/robtang_google_com/gangda_workspace/agentic-world-model/data/ptb/results/claude_vertex_high_awm_claude-opus-5_1m__10h_gangda_wma_evolve_wma-gsm8k-gemma4b-high-r01-wma-b-x8-v3_w04r02_formal_r4/gsm8k_google_gemma-3-4b-pt_90677/task/memory/cards/exp-05.yaml
w04r02,exp-06,rft,completed,1,2,1,3,0,,5.4,0.72,4.33,478,1,65105.0,iterate,False,,/home/robtang_google_com/gangda_workspace/agentic-world-model/data/ptb/results/claude_vertex_high_awm_claude-opus-5_1m__10h_gangda_wma_evolve_wma-gsm8k-gemma4b-high-r01-wma-b-x8-v3_w04r02_formal_r4/gsm8k_google_gemma-3-4b-pt_90677/task/memory/cards/exp-06.yaml
w04r02,exp-07,other,completed,0,2,1,3,0,,6.3,0.19,4.33,,,65105.0,adopt,False,,/home/robtang_google_com/gangda_workspace/agentic-world-model/data/ptb/results/claude_vertex_high_awm_claude-opus-5_1m__10h_gangda_wma_evolve_wma-gsm8k-gemma4b-high-r01-wma-b-x8-v3_w04r02_formal_r4/gsm8k_google_gemma-3-4b-pt_90677/task/memory/cards/exp-07.yaml
w04r02,exp-08,other,completed,0,2,1,3,0,,6.7,0.2,4.33,,,193592.0,adopt,False,,/home/robtang_google_com/gangda_workspace/agentic-world-model/data/ptb/results/claude_vertex_high_awm_claude-opus-5_1m__10h_gangda_wma_evolve_wma-gsm8k-gemma4b-high-r01-wma-b-x8-v3_w04r02_formal_r4/gsm8k_google_gemma-3-4b-pt_90677/task/memory/cards/exp-08.yaml
w04r02,exp-09,sft,completed,1,3,1,4,0,,7.0,0.95,5.28,648,1,80000.0,adopt,False,,/home/robtang_google_com/gangda_workspace/agentic-world-model/data/ptb/results/claude_vertex_high_awm_claude-opus-5_1m__10h_gangda_wma_evolve_wma-gsm8k-gemma4b-high-r01-wma-b-x8-v3_w04r02_formal_r4/gsm8k_google_gemma-3-4b-pt_90677/task/memory/cards/exp-09.yaml
w04r03,exp-01,other,completed,0,0,0,0,0,,0.1,0.08,0.0,,,150.0,iterate,False,,/home/robtang_google_com/gangda_workspace/agentic-world-model/data/ptb/results/claude_vertex_high_awm_claude-opus-5_1m__10h_gangda_wma_evolve_wma-gsm8k-gemma4b-high-r01-wma-b-x8-v3_w04r03_formal_r4/gsm8k_google_gemma-3-4b-pt_90678/task/memory/cards/exp-01.yaml
w04r03,exp-02,sft,failed,0,0,0,0,1,False,0.9,0.24,0.24,49,1.0,162000.0,iterate,True,Formal full-intent run OOMs at ~50/2527 with no checkpoint; completed_fits0.,/home/robtang_google_com/gangda_workspace/agentic-world-model/data/ptb/results/claude_vertex_high_awm_claude-opus-5_1m__10h_gangda_wma_evolve_wma-gsm8k-gemma4b-high-r01-wma-b-x8-v3_w04r03_formal_r4/gsm8k_google_gemma-3-4b-pt_90678/task/memory/cards/exp-02.yaml
w04r03,exp-03,sft,killed,0,0,0,0,1,False,1.5,0.27,0.51,51,1.0,162000.0,iterate,True,Formal full-intent run deliberately killed at51/2227 for throughput diagnosis; completed_fits0.,/home/robtang_google_com/gangda_workspace/agentic-world-model/data/ptb/results/claude_vertex_high_awm_claude-opus-5_1m__10h_gangda_wma_evolve_wma-gsm8k-gemma4b-high-r01-wma-b-x8-v3_w04r03_formal_r4/gsm8k_google_gemma-3-4b-pt_90678/task/memory/cards/exp-03.yaml
w04r03,exp-04,sft,completed,1,1,0,1,0,,1.5,2.61,3.12,2227,1.0,162000.0,adopt,False,,/home/robtang_google_com/gangda_workspace/agentic-world-model/data/ptb/results/claude_vertex_high_awm_claude-opus-5_1m__10h_gangda_wma_evolve_wma-gsm8k-gemma4b-high-r01-wma-b-x8-v3_w04r03_formal_r4/gsm8k_google_gemma-3-4b-pt_90678/task/memory/cards/exp-04.yaml
w04r03,exp-05,rft,completed,1,1,1,2,0,,5.0,1.01,4.13,890,2.0,32336.0,reject,False,,/home/robtang_google_com/gangda_workspace/agentic-world-model/data/ptb/results/claude_vertex_high_awm_claude-opus-5_1m__10h_gangda_wma_evolve_wma-gsm8k-gemma4b-high-r01-wma-b-x8-v3_w04r03_formal_r4/gsm8k_google_gemma-3-4b-pt_90678/task/memory/cards/exp-05.yaml
w04r03,exp-06,merge,completed,0,1,1,2,0,,6.7,0.5,4.13,,,32336.0,reject,False,,/home/robtang_google_com/gangda_workspace/agentic-world-model/data/ptb/results/claude_vertex_high_awm_claude-opus-5_1m__10h_gangda_wma_evolve_wma-gsm8k-gemma4b-high-r01-wma-b-x8-v3_w04r03_formal_r4/gsm8k_google_gemma-3-4b-pt_90678/task/memory/cards/exp-06.yaml
w04r03,exp-07,sft,completed,1,2,1,3,0,,6.7,0.99,5.12,894,1.0,65000.0,reject,False,,/home/robtang_google_com/gangda_workspace/agentic-world-model/data/ptb/results/claude_vertex_high_awm_claude-opus-5_1m__10h_gangda_wma_evolve_wma-gsm8k-gemma4b-high-r01-wma-b-x8-v3_w04r03_formal_r4/gsm8k_google_gemma-3-4b-pt_90678/task/memory/cards/exp-07.yaml
w04r04,exp-01,other,completed,0,0,0,0,0,,0.2,0.06,0.0,,,150.0,iterate,False,,/home/robtang_google_com/gangda_workspace/agentic-world-model/data/ptb/results/claude_vertex_high_awm_claude-opus-5_1m__10h_gangda_wma_evolve_wma-gsm8k-gemma4b-high-r01-wma-b-x8-v3_w04r04_formal_r4/gsm8k_google_gemma-3-4b-pt_90679/task/memory/cards/exp-01.yaml
w04r04,exp-02,decode-config,completed,0,0,0,0,0,,0.5,0.09,0.0,,,1.0,reject,False,,/home/robtang_google_com/gangda_workspace/agentic-world-model/data/ptb/results/claude_vertex_high_awm_claude-opus-5_1m__10h_gangda_wma_evolve_wma-gsm8k-gemma4b-high-r01-wma-b-x8-v3_w04r04_formal_r4/gsm8k_google_gemma-3-4b-pt_90679/task/memory/cards/exp-02.yaml
w04r04,exp-03,decode-config,completed,0,0,0,0,0,,0.6,0.09,0.0,,,1.0,adopt,False,,/home/robtang_google_com/gangda_workspace/agentic-world-model/data/ptb/results/claude_vertex_high_awm_claude-opus-5_1m__10h_gangda_wma_evolve_wma-gsm8k-gemma4b-high-r01-wma-b-x8-v3_w04r04_formal_r4/gsm8k_google_gemma-3-4b-pt_90679/task/memory/cards/exp-03.yaml
w04r04,exp-04,sft,completed,1,1,0,1,0,,0.7,1.98,1.98,2327,1,167476.0,adopt,False,,/home/robtang_google_com/gangda_workspace/agentic-world-model/data/ptb/results/claude_vertex_high_awm_claude-opus-5_1m__10h_gangda_wma_evolve_wma-gsm8k-gemma4b-high-r01-wma-b-x8-v3_w04r04_formal_r4/gsm8k_google_gemma-3-4b-pt_90679/task/memory/cards/exp-04.yaml
w04r04,exp-05,rft,completed,1,1,1,2,1,True,3.6,1.35,3.33,1598,1,115026.0,iterate,True,"Card pitfalls/relock records an incomplete full-intent launch; aborted count is a known lower bound, not an exhaustive runtime census.",/home/robtang_google_com/gangda_workspace/agentic-world-model/data/ptb/results/claude_vertex_high_awm_claude-opus-5_1m__10h_gangda_wma_evolve_wma-gsm8k-gemma4b-high-r01-wma-b-x8-v3_w04r04_formal_r4/gsm8k_google_gemma-3-4b-pt_90679/task/memory/cards/exp-05.yaml
w04r04,exp-06,merge,completed,0,1,1,2,0,,5.6,0.62,3.33,,,883.0,reject,False,,/home/robtang_google_com/gangda_workspace/agentic-world-model/data/ptb/results/claude_vertex_high_awm_claude-opus-5_1m__10h_gangda_wma_evolve_wma-gsm8k-gemma4b-high-r01-wma-b-x8-v3_w04r04_formal_r4/gsm8k_google_gemma-3-4b-pt_90679/task/memory/cards/exp-06.yaml
w04r04,exp-07,rft,completed,1,1,2,3,0,,7.0,0.92,4.25,1108,1,79759.0,adopt,False,,/home/robtang_google_com/gangda_workspace/agentic-world-model/data/ptb/results/claude_vertex_high_awm_claude-opus-5_1m__10h_gangda_wma_evolve_wma-gsm8k-gemma4b-high-r01-wma-b-x8-v3_w04r04_formal_r4/gsm8k_google_gemma-3-4b-pt_90679/task/memory/cards/exp-07.yaml
w04r05,exp-01,decode-config,completed,0,0,0,0,0,,0.1,0.33,0.0,,,10.0,adopt,False,,/home/robtang_google_com/gangda_workspace/agentic-world-model/data/ptb/results/claude_vertex_high_awm_claude-opus-5_1m__10h_gangda_wma_evolve_wma-gsm8k-gemma4b-high-r01-wma-b-x8-v3_w04r05_formal_r4/gsm8k_google_gemma-3-4b-pt_90680/task/memory/cards/exp-01.yaml
w04r05,exp-02,sft,completed,1,1,0,1,0,,1.0,1.93,1.93,2009,1.0,145919.0,adopt,False,,/home/robtang_google_com/gangda_workspace/agentic-world-model/data/ptb/results/claude_vertex_high_awm_claude-opus-5_1m__10h_gangda_wma_evolve_wma-gsm8k-gemma4b-high-r01-wma-b-x8-v3_w04r05_formal_r4/gsm8k_google_gemma-3-4b-pt_90680/task/memory/cards/exp-02.yaml
w04r05,exp-03,decode-config,completed,0,1,0,1,0,,3.3,0.08,1.93,,,500.0,adopt,False,,/home/robtang_google_com/gangda_workspace/agentic-world-model/data/ptb/results/claude_vertex_high_awm_claude-opus-5_1m__10h_gangda_wma_evolve_wma-gsm8k-gemma4b-high-r01-wma-b-x8-v3_w04r05_formal_r4/gsm8k_google_gemma-3-4b-pt_90680/task/memory/cards/exp-03.yaml
w04r05,exp-04,rft,completed,1,1,1,2,0,,3.6,0.89,2.82,943,1.0,68186.0,iterate,False,,/home/robtang_google_com/gangda_workspace/agentic-world-model/data/ptb/results/claude_vertex_high_awm_claude-opus-5_1m__10h_gangda_wma_evolve_wma-gsm8k-gemma4b-high-r01-wma-b-x8-v3_w04r05_formal_r4/gsm8k_google_gemma-3-4b-pt_90680/task/memory/cards/exp-04.yaml
w04r05,exp-05,decode-config,completed,0,1,1,2,0,,4.7,0.42,2.82,,,500.0,adopt,False,,/home/robtang_google_com/gangda_workspace/agentic-world-model/data/ptb/results/claude_vertex_high_awm_claude-opus-5_1m__10h_gangda_wma_evolve_wma-gsm8k-gemma4b-high-r01-wma-b-x8-v3_w04r05_formal_r4/gsm8k_google_gemma-3-4b-pt_90680/task/memory/cards/exp-05.yaml
w04r05,exp-06,rft,completed,1,1,2,3,0,,5.9,1.47,4.29,1557,1.0,112571.0,reject,False,,/home/robtang_google_com/gangda_workspace/agentic-world-model/data/ptb/results/claude_vertex_high_awm_claude-opus-5_1m__10h_gangda_wma_evolve_wma-gsm8k-gemma4b-high-r01-wma-b-x8-v3_w04r05_formal_r4/gsm8k_google_gemma-3-4b-pt_90680/task/memory/cards/exp-06.yaml
w04r05,exp-07,merge,completed,0,1,2,3,0,,7.9,0.28,4.29,,,500.0,reject,False,,/home/robtang_google_com/gangda_workspace/agentic-world-model/data/ptb/results/claude_vertex_high_awm_claude-opus-5_1m__10h_gangda_wma_evolve_wma-gsm8k-gemma4b-high-r01-wma-b-x8-v3_w04r05_formal_r4/gsm8k_google_gemma-3-4b-pt_90680/task/memory/cards/exp-07.yaml
w04r05,exp-08,decode-config,completed,0,1,2,3,0,,8.0,0.28,4.29,,,500.0,adopt,False,,/home/robtang_google_com/gangda_workspace/agentic-world-model/data/ptb/results/claude_vertex_high_awm_claude-opus-5_1m__10h_gangda_wma_evolve_wma-gsm8k-gemma4b-high-r01-wma-b-x8-v3_w04r05_formal_r4/gsm8k_google_gemma-3-4b-pt_90680/task/memory/cards/exp-08.yaml
w03r04,exp-01,other,completed,0,0,0,0,0,,0.2,0.05,0.0,,,200.0,iterate,False,,/home/robtang_google_com/gangda_workspace/agentic-world-model/data/ptb/results/claude_vertex_high_awm_claude-opus-5_1m__10h_gangda_wma_evolve_wma-gsm8k-gemma4b-high-r01-wma-c-x8-v2_w03r04_formal_r3/gsm8k_google_gemma-3-4b-pt_90625/task/memory/cards/exp-01.yaml
w03r04,exp-02,sft,completed,1,1,0,1,0,,0.6,1.81,1.81,2022,1,66636.0,adopt,False,,/home/robtang_google_com/gangda_workspace/agentic-world-model/data/ptb/results/claude_vertex_high_awm_claude-opus-5_1m__10h_gangda_wma_evolve_wma-gsm8k-gemma4b-high-r01-wma-c-x8-v2_w03r04_formal_r3/gsm8k_google_gemma-3-4b-pt_90625/task/memory/cards/exp-02.yaml
w03r04,exp-03,decode-config,completed,0,1,0,1,0,,2.6,0.25,1.81,,,200.0,adopt,False,,/home/robtang_google_com/gangda_workspace/agentic-world-model/data/ptb/results/claude_vertex_high_awm_claude-opus-5_1m__10h_gangda_wma_evolve_wma-gsm8k-gemma4b-high-r01-wma-c-x8-v2_w03r04_formal_r3/gsm8k_google_gemma-3-4b-pt_90625/task/memory/cards/exp-03.yaml
w03r04,exp-04,sft,completed,1,2,0,2,0,,3.1,1.55,3.36,1587,1,52273.0,reject,False,,/home/robtang_google_com/gangda_workspace/agentic-world-model/data/ptb/results/claude_vertex_high_awm_claude-opus-5_1m__10h_gangda_wma_evolve_wma-gsm8k-gemma4b-high-r01-wma-c-x8-v2_w03r04_formal_r3/gsm8k_google_gemma-3-4b-pt_90625/task/memory/cards/exp-04.yaml
w03r04,exp-05,rft,completed,1,2,1,3,0,,5.1,1.05,4.41,1028,2,16899.0,iterate,False,,/home/robtang_google_com/gangda_workspace/agentic-world-model/data/ptb/results/claude_vertex_high_awm_claude-opus-5_1m__10h_gangda_wma_evolve_wma-gsm8k-gemma4b-high-r01-wma-c-x8-v2_w03r04_formal_r3/gsm8k_google_gemma-3-4b-pt_90625/task/memory/cards/exp-05.yaml
w03r04,exp-06,other,completed,0,2,1,3,0,,6.5,0.75,4.41,,,200.0,reject,False,,/home/robtang_google_com/gangda_workspace/agentic-world-model/data/ptb/results/claude_vertex_high_awm_claude-opus-5_1m__10h_gangda_wma_evolve_wma-gsm8k-gemma4b-high-r01-wma-c-x8-v2_w03r04_formal_r3/gsm8k_google_gemma-3-4b-pt_90625/task/memory/cards/exp-06.yaml
w03r04,exp-07,merge,completed,0,2,1,3,0,,7.0,0.55,4.41,,,200.0,reject,False,,/home/robtang_google_com/gangda_workspace/agentic-world-model/data/ptb/results/claude_vertex_high_awm_claude-opus-5_1m__10h_gangda_wma_evolve_wma-gsm8k-gemma4b-high-r01-wma-c-x8-v2_w03r04_formal_r3/gsm8k_google_gemma-3-4b-pt_90625/task/memory/cards/exp-07.yaml
w03r04,exp-08,merge,completed,0,2,1,3,0,,7.6,0.5,4.41,,,200.0,reject,False,,/home/robtang_google_com/gangda_workspace/agentic-world-model/data/ptb/results/claude_vertex_high_awm_claude-opus-5_1m__10h_gangda_wma_evolve_wma-gsm8k-gemma4b-high-r01-wma-c-x8-v2_w03r04_formal_r3/gsm8k_google_gemma-3-4b-pt_90625/task/memory/cards/exp-08.yaml
w01r01,exp-01,other,completed,0,0,0,0,0,,0.1,0.13,0.0,,,150.0,adopt,False,,/home/robtang_google_com/gangda_workspace/agentic-world-model/data/ptb/results/claude_vertex_high_awm_claude-opus-5_1m__10h_gangda_wma_evolve_wma-gsm8k-gemma4b-high-r01-wma-x8-v1_w01r01_formal_r1/gsm8k_google_gemma-3-4b-pt_90556/task/memory/cards/exp-01.yaml
w01r01,exp-02,sft,completed,1,1,0,1,2,False,0.2,1.65,1.65,1873,1.0,100000.0,adopt,True,"Card pitfalls/relock records an incomplete full-intent launch; aborted count is a known lower bound, not an exhaustive runtime census.",/home/robtang_google_com/gangda_workspace/agentic-world-model/data/ptb/results/claude_vertex_high_awm_claude-opus-5_1m__10h_gangda_wma_evolve_wma-gsm8k-gemma4b-high-r01-wma-x8-v1_w01r01_formal_r1/gsm8k_google_gemma-3-4b-pt_90556/task/memory/cards/exp-02.yaml
w01r01,exp-03,decode-config,completed,0,1,0,1,0,,2.3,0.25,1.65,,,150.0,iterate,False,,/home/robtang_google_com/gangda_workspace/agentic-world-model/data/ptb/results/claude_vertex_high_awm_claude-opus-5_1m__10h_gangda_wma_evolve_wma-gsm8k-gemma4b-high-r01-wma-x8-v1_w01r01_formal_r1/gsm8k_google_gemma-3-4b-pt_90556/task/memory/cards/exp-03.yaml
w01r01,exp-04,sft,completed,1,2,0,2,0,,2.5,1.68,3.33,1873,1.0,222687.0,adopt,False,,/home/robtang_google_com/gangda_workspace/agentic-world-model/data/ptb/results/claude_vertex_high_awm_claude-opus-5_1m__10h_gangda_wma_evolve_wma-gsm8k-gemma4b-high-r01-wma-x8-v1_w01r01_formal_r1/gsm8k_google_gemma-3-4b-pt_90556/task/memory/cards/exp-04.yaml
w01r01,exp-05,sft,completed,1,3,0,3,0,,4.4,2.26,5.59,2497,1.0,162687.0,adopt,False,,/home/robtang_google_com/gangda_workspace/agentic-world-model/data/ptb/results/claude_vertex_high_awm_claude-opus-5_1m__10h_gangda_wma_evolve_wma-gsm8k-gemma4b-high-r01-wma-x8-v1_w01r01_formal_r1/gsm8k_google_gemma-3-4b-pt_90556/task/memory/cards/exp-05.yaml
w01r01,exp-06,sft,completed,1,4,0,4,0,,7.0,1.37,6.96,1560,1.0,82687.0,adopt,False,,/home/robtang_google_com/gangda_workspace/agentic-world-model/data/ptb/results/claude_vertex_high_awm_claude-opus-5_1m__10h_gangda_wma_evolve_wma-gsm8k-gemma4b-high-r01-wma-x8-v1_w01r01_formal_r1/gsm8k_google_gemma-3-4b-pt_90556/task/memory/cards/exp-06.yaml
w01r01,exp-07,decode-config,completed,0,4,0,4,0,,8.5,0.2,6.96,,,1319.0,adopt,False,,/home/robtang_google_com/gangda_workspace/agentic-world-model/data/ptb/results/claude_vertex_high_awm_claude-opus-5_1m__10h_gangda_wma_evolve_wma-gsm8k-gemma4b-high-r01-wma-x8-v1_w01r01_formal_r1/gsm8k_google_gemma-3-4b-pt_90556/task/memory/cards/exp-07.yaml
w01r02,exp-01,decode-config,completed,0,0,0,0,0,,0.15,0.35,0.0,,,300.0,iterate,False,,/home/robtang_google_com/gangda_workspace/agentic-world-model/data/ptb/results/claude_vertex_high_awm_claude-opus-5_1m__10h_gangda_wma_evolve_wma-gsm8k-gemma4b-high-r01-wma-x8-v1_w01r02_formal_r1/gsm8k_google_gemma-3-4b-pt_90557/task/memory/cards/exp-01.yaml
w01r02,exp-02,sft,completed,1,1,0,1,0,,1.45,1.89,1.89,2630,2,84127.0,adopt,False,,/home/robtang_google_com/gangda_workspace/agentic-world-model/data/ptb/results/claude_vertex_high_awm_claude-opus-5_1m__10h_gangda_wma_evolve_wma-gsm8k-gemma4b-high-r01-wma-x8-v1_w01r02_formal_r1/gsm8k_google_gemma-3-4b-pt_90557/task/memory/cards/exp-02.yaml
w01r02,exp-03,decode-config,completed,0,1,0,1,0,,2.42,0.05,1.89,,,300.0,adopt,False,,/home/robtang_google_com/gangda_workspace/agentic-world-model/data/ptb/results/claude_vertex_high_awm_claude-opus-5_1m__10h_gangda_wma_evolve_wma-gsm8k-gemma4b-high-r01-wma-x8-v1_w01r02_formal_r1/gsm8k_google_gemma-3-4b-pt_90557/task/memory/cards/exp-03.yaml
w01r02,exp-04,sft,completed,1,2,0,2,0,,2.5,2.64,4.53,3602,1,230476.0,iterate,False,,/home/robtang_google_com/gangda_workspace/agentic-world-model/data/ptb/results/claude_vertex_high_awm_claude-opus-5_1m__10h_gangda_wma_evolve_wma-gsm8k-gemma4b-high-r01-wma-x8-v1_w01r02_formal_r1/gsm8k_google_gemma-3-4b-pt_90557/task/memory/cards/exp-04.yaml
w01r02,exp-05,merge,completed,0,2,0,2,0,,5.25,0.15,4.53,,,300.0,iterate,False,,/home/robtang_google_com/gangda_workspace/agentic-world-model/data/ptb/results/claude_vertex_high_awm_claude-opus-5_1m__10h_gangda_wma_evolve_wma-gsm8k-gemma4b-high-r01-wma-x8-v1_w01r02_formal_r1/gsm8k_google_gemma-3-4b-pt_90557/task/memory/cards/exp-05.yaml
w01r02,exp-06,other,completed,0,2,0,2,0,,5.33,0.29,4.53,,,300.0,adopt,False,,/home/robtang_google_com/gangda_workspace/agentic-world-model/data/ptb/results/claude_vertex_high_awm_claude-opus-5_1m__10h_gangda_wma_evolve_wma-gsm8k-gemma4b-high-r01-wma-x8-v1_w01r02_formal_r1/gsm8k_google_gemma-3-4b-pt_90557/task/memory/cards/exp-06.yaml
w01r02,exp-07,rft,completed,1,2,1,3,0,,7.35,0.62,5.15,848,1,54258.0,reject,False,,/home/robtang_google_com/gangda_workspace/agentic-world-model/data/ptb/results/claude_vertex_high_awm_claude-opus-5_1m__10h_gangda_wma_evolve_wma-gsm8k-gemma4b-high-r01-wma-x8-v1_w01r02_formal_r1/gsm8k_google_gemma-3-4b-pt_90557/task/memory/cards/exp-07.yaml
w01r02,exp-08,merge,completed,0,2,1,3,0,,8.05,0.08,5.15,,,300.0,reject,False,,/home/robtang_google_com/gangda_workspace/agentic-world-model/data/ptb/results/claude_vertex_high_awm_claude-opus-5_1m__10h_gangda_wma_evolve_wma-gsm8k-gemma4b-high-r01-wma-x8-v1_w01r02_formal_r1/gsm8k_google_gemma-3-4b-pt_90557/task/memory/cards/exp-08.yaml
w01r03,exp-01,decode-config,completed,0,0,0,0,0,,0.2,0.05,0.0,,,150.0,iterate,False,,/home/robtang_google_com/gangda_workspace/agentic-world-model/data/ptb/results/claude_vertex_high_awm_claude-opus-5_1m__10h_gangda_wma_evolve_wma-gsm8k-gemma4b-high-r01-wma-x8-v1_w01r03_formal_r1/gsm8k_google_gemma-3-4b-pt_90558/task/memory/cards/exp-01.yaml
w01r03,exp-02,sft,completed,1,1,0,1,0,,0.4,1.65,1.65,1182,1.0,151801.0,adopt,False,,/home/robtang_google_com/gangda_workspace/agentic-world-model/data/ptb/results/claude_vertex_high_awm_claude-opus-5_1m__10h_gangda_wma_evolve_wma-gsm8k-gemma4b-high-r01-wma-x8-v1_w01r03_formal_r1/gsm8k_google_gemma-3-4b-pt_90558/task/memory/cards/exp-02.yaml
w01r03,exp-03,decode-config,completed,0,1,0,1,0,,2.5,0.12,1.65,,,150.0,adopt,False,,/home/robtang_google_com/gangda_workspace/agentic-world-model/data/ptb/results/claude_vertex_high_awm_claude-opus-5_1m__10h_gangda_wma_evolve_wma-gsm8k-gemma4b-high-r01-wma-x8-v1_w01r03_formal_r1/gsm8k_google_gemma-3-4b-pt_90558/task/memory/cards/exp-03.yaml
w01r03,exp-04,sft,completed,1,2,0,2,0,,2.7,1.49,3.14,374,1.0,489461.0,adopt,False,,/home/robtang_google_com/gangda_workspace/agentic-world-model/data/ptb/results/claude_vertex_high_awm_claude-opus-5_1m__10h_gangda_wma_evolve_wma-gsm8k-gemma4b-high-r01-wma-x8-v1_w01r03_formal_r1/gsm8k_google_gemma-3-4b-pt_90558/task/memory/cards/exp-04.yaml
w01r03,exp-05,sft,completed,1,3,0,3,0,,4.6,1.5,4.64,373,1.0,37653.0,adopt,False,,/home/robtang_google_com/gangda_workspace/agentic-world-model/data/ptb/results/claude_vertex_high_awm_claude-opus-5_1m__10h_gangda_wma_evolve_wma-gsm8k-gemma4b-high-r01-wma-x8-v1_w01r03_formal_r1/gsm8k_google_gemma-3-4b-pt_90558/task/memory/cards/exp-05.yaml
w01r03,exp-06,merge,completed,0,3,0,3,0,,6.4,0.27,4.64,,,500.0,reject,False,,/home/robtang_google_com/gangda_workspace/agentic-world-model/data/ptb/results/claude_vertex_high_awm_claude-opus-5_1m__10h_gangda_wma_evolve_wma-gsm8k-gemma4b-high-r01-wma-x8-v1_w01r03_formal_r1/gsm8k_google_gemma-3-4b-pt_90558/task/memory/cards/exp-06.yaml
w01r03,exp-07,sft,completed,1,4,0,4,0,,6.8,0.97,5.61,218,1.0,23653.0,adopt,False,,/home/robtang_google_com/gangda_workspace/agentic-world-model/data/ptb/results/claude_vertex_high_awm_claude-opus-5_1m__10h_gangda_wma_evolve_wma-gsm8k-gemma4b-high-r01-wma-x8-v1_w01r03_formal_r1/gsm8k_google_gemma-3-4b-pt_90558/task/memory/cards/exp-07.yaml
w01r04,exp-01,other,completed,0,0,0,0,0,,0.05,0.05,0.0,,,150.0,iterate,False,,/home/robtang_google_com/gangda_workspace/agentic-world-model/data/ptb/results/claude_vertex_high_awm_claude-opus-5_1m__10h_gangda_wma_evolve_wma-gsm8k-gemma4b-high-r01-wma-x8-v1_w01r04_formal_r1/gsm8k_google_gemma-3-4b-pt_90559/task/memory/cards/exp-01.yaml
w01r04,exp-02,sft,completed,1,1,0,1,0,,0.35,2.57,2.57,1858,2,59473.0,adopt,False,,/home/robtang_google_com/gangda_workspace/agentic-world-model/data/ptb/results/claude_vertex_high_awm_claude-opus-5_1m__10h_gangda_wma_evolve_wma-gsm8k-gemma4b-high-r01-wma-x8-v1_w01r04_formal_r1/gsm8k_google_gemma-3-4b-pt_90559/task/memory/cards/exp-02.yaml
w01r04,exp-03,decode-config,completed,0,1,0,1,0,,3.2,0.14,2.57,,,59473.0,adopt,False,,/home/robtang_google_com/gangda_workspace/agentic-world-model/data/ptb/results/claude_vertex_high_awm_claude-opus-5_1m__10h_gangda_wma_evolve_wma-gsm8k-gemma4b-high-r01-wma-x8-v1_w01r04_formal_r1/gsm8k_google_gemma-3-4b-pt_90559/task/memory/cards/exp-03.yaml
w01r04,exp-04,sft,completed,1,2,0,2,0,,3.5,1.34,3.91,900,1,58000.0,iterate,False,,/home/robtang_google_com/gangda_workspace/agentic-world-model/data/ptb/results/claude_vertex_high_awm_claude-opus-5_1m__10h_gangda_wma_evolve_wma-gsm8k-gemma4b-high-r01-wma-x8-v1_w01r04_formal_r1/gsm8k_google_gemma-3-4b-pt_90559/task/memory/cards/exp-04.yaml
w01r04,exp-05,rft,completed,2,2,2,4,0,True,6.6,1.65,5.56,107,1,6809.0,iterate,True,"Hidden first 107/107 schedule failed at save, then a second 107-step schedule completed. Card wall_h also conflates generation with training; count 2 RFT fits, not 2 generation passes.",/home/robtang_google_com/gangda_workspace/agentic-world-model/data/ptb/results/claude_vertex_high_awm_claude-opus-5_1m__10h_gangda_wma_evolve_wma-gsm8k-gemma4b-high-r01-wma-x8-v1_w01r04_formal_r1/gsm8k_google_gemma-3-4b-pt_90559/task/memory/cards/exp-05.yaml
w01r04,exp-06,other,completed,0,2,2,4,0,,7.7,0.45,5.56,,,6809.0,adopt,False,,/home/robtang_google_com/gangda_workspace/agentic-world-model/data/ptb/results/claude_vertex_high_awm_claude-opus-5_1m__10h_gangda_wma_evolve_wma-gsm8k-gemma4b-high-r01-wma-x8-v1_w01r04_formal_r1/gsm8k_google_gemma-3-4b-pt_90559/task/memory/cards/exp-06.yaml
w01r05,exp-01,other,completed,0,0,0,0,0,,0.15,0.07,0.0,,,10.0,iterate,False,,/home/robtang_google_com/gangda_workspace/agentic-world-model/data/ptb/results/claude_vertex_high_awm_claude-opus-5_1m__10h_gangda_wma_evolve_wma-gsm8k-gemma4b-high-r01-wma-x8-v1_w01r05_formal_r1/gsm8k_google_gemma-3-4b-pt_90560/task/memory/cards/exp-01.yaml
w01r05,exp-02,sft,completed,1,1,0,1,0,,0.9,1.49,1.49,938,1.0,120000.0,adopt,False,,/home/robtang_google_com/gangda_workspace/agentic-world-model/data/ptb/results/claude_vertex_high_awm_claude-opus-5_1m__10h_gangda_wma_evolve_wma-gsm8k-gemma4b-high-r01-wma-x8-v1_w01r05_formal_r1/gsm8k_google_gemma-3-4b-pt_90560/task/memory/cards/exp-02.yaml
w01r05,exp-03,decode-config,completed,0,1,0,1,0,,2.15,0.13,1.49,,,120000.0,adopt,False,,/home/robtang_google_com/gangda_workspace/agentic-world-model/data/ptb/results/claude_vertex_high_awm_claude-opus-5_1m__10h_gangda_wma_evolve_wma-gsm8k-gemma4b-high-r01-wma-x8-v1_w01r05_formal_r1/gsm8k_google_gemma-3-4b-pt_90560/task/memory/cards/exp-03.yaml
w01r05,exp-04,sft,completed,1,2,0,2,0,,2.07,2.38,3.87,1563,1.0,200000.0,adopt,False,,/home/robtang_google_com/gangda_workspace/agentic-world-model/data/ptb/results/claude_vertex_high_awm_claude-opus-5_1m__10h_gangda_wma_evolve_wma-gsm8k-gemma4b-high-r01-wma-x8-v1_w01r05_formal_r1/gsm8k_google_gemma-3-4b-pt_90560/task/memory/cards/exp-04.yaml
w01r05,exp-05,sft,completed,1,3,0,3,0,,4.55,1.51,5.38,1016,1.0,130000.0,reject,False,,/home/robtang_google_com/gangda_workspace/agentic-world-model/data/ptb/results/claude_vertex_high_awm_claude-opus-5_1m__10h_gangda_wma_evolve_wma-gsm8k-gemma4b-high-r01-wma-x8-v1_w01r05_formal_r1/gsm8k_google_gemma-3-4b-pt_90560/task/memory/cards/exp-05.yaml
w01r05,exp-06,rft,completed,1,3,1,4,0,,6.79,0.32,5.7,210,2.0,13401.0,adopt,False,,/home/robtang_google_com/gangda_workspace/agentic-world-model/data/ptb/results/claude_vertex_high_awm_claude-opus-5_1m__10h_gangda_wma_evolve_wma-gsm8k-gemma4b-high-r01-wma-x8-v1_w01r05_formal_r1/gsm8k_google_gemma-3-4b-pt_90560/task/memory/cards/exp-06.yaml
w01r06,exp-01,other,completed,0,0,0,0,0,,0.15,0.07,0.0,,,150.0,iterate,False,,/home/robtang_google_com/gangda_workspace/agentic-world-model/data/ptb/results/claude_vertex_high_awm_claude-opus-5_1m__10h_gangda_wma_evolve_wma-gsm8k-gemma4b-high-r01-wma-x8-v1_w01r06_formal_r1/gsm8k_google_gemma-3-4b-pt_90561/task/memory/cards/exp-01.yaml
w01r06,exp-02,sft,completed,1,1,0,1,0,,0.3,1.59,1.59,4227,1,136208.0,adopt,False,,/home/robtang_google_com/gangda_workspace/agentic-world-model/data/ptb/results/claude_vertex_high_awm_claude-opus-5_1m__10h_gangda_wma_evolve_wma-gsm8k-gemma4b-high-r01-wma-x8-v1_w01r06_formal_r1/gsm8k_google_gemma-3-4b-pt_90561/task/memory/cards/exp-02.yaml
w01r06,exp-03,decode-config,completed,0,1,0,1,0,,2.0,0.4,1.59,,,250.0,adopt,False,,/home/robtang_google_com/gangda_workspace/agentic-world-model/data/ptb/results/claude_vertex_high_awm_claude-opus-5_1m__10h_gangda_wma_evolve_wma-gsm8k-gemma4b-high-r01-wma-x8-v1_w01r06_formal_r1/gsm8k_google_gemma-3-4b-pt_90561/task/memory/cards/exp-03.yaml
w01r06,exp-04,rft,completed,1,1,1,2,0,,3.5,0.98,2.57,2738,1,88031.0,adopt,False,,/home/robtang_google_com/gangda_workspace/agentic-world-model/data/ptb/results/claude_vertex_high_awm_claude-opus-5_1m__10h_gangda_wma_evolve_wma-gsm8k-gemma4b-high-r01-wma-x8-v1_w01r06_formal_r1/gsm8k_google_gemma-3-4b-pt_90561/task/memory/cards/exp-04.yaml
w01r06,exp-05,sft,completed,1,2,1,3,0,True,4.7,1.24,3.81,3419,1,110000.0,reject,True,family=sft but input corpus explicitly contains retained self-generated/rejection-sampled rows; preserve raw family and flag mixture.,/home/robtang_google_com/gangda_workspace/agentic-world-model/data/ptb/results/claude_vertex_high_awm_claude-opus-5_1m__10h_gangda_wma_evolve_wma-gsm8k-gemma4b-high-r01-wma-x8-v1_w01r06_formal_r1/gsm8k_google_gemma-3-4b-pt_90561/task/memory/cards/exp-05.yaml
w01r06,exp-06,merge,completed,0,2,1,3,0,,6.1,0.35,3.81,,,250.0,reject,False,,/home/robtang_google_com/gangda_workspace/agentic-world-model/data/ptb/results/claude_vertex_high_awm_claude-opus-5_1m__10h_gangda_wma_evolve_wma-gsm8k-gemma4b-high-r01-wma-x8-v1_w01r06_formal_r1/gsm8k_google_gemma-3-4b-pt_90561/task/memory/cards/exp-06.yaml
w01r06,exp-07,other,completed,0,2,1,3,0,,6.4,0.08,3.81,,,250.0,abandon_line,False,,/home/robtang_google_com/gangda_workspace/agentic-world-model/data/ptb/results/claude_vertex_high_awm_claude-opus-5_1m__10h_gangda_wma_evolve_wma-gsm8k-gemma4b-high-r01-wma-x8-v1_w01r06_formal_r1/gsm8k_google_gemma-3-4b-pt_90561/task/memory/cards/exp-07.yaml
w01r06,exp-08,rft,completed,1,2,2,4,0,,7.2,0.54,4.35,1545,1,49634.0,iterate,False,,/home/robtang_google_com/gangda_workspace/agentic-world-model/data/ptb/results/claude_vertex_high_awm_claude-opus-5_1m__10h_gangda_wma_evolve_wma-gsm8k-gemma4b-high-r01-wma-x8-v1_w01r06_formal_r1/gsm8k_google_gemma-3-4b-pt_90561/task/memory/cards/exp-08.yaml
w01r06,exp-09,other,completed,0,2,2,4,0,,8.0,0.35,4.35,,,400.0,adopt,False,,/home/robtang_google_com/gangda_workspace/agentic-world-model/data/ptb/results/claude_vertex_high_awm_claude-opus-5_1m__10h_gangda_wma_evolve_wma-gsm8k-gemma4b-high-r01-wma-x8-v1_w01r06_formal_r1/gsm8k_google_gemma-3-4b-pt_90561/task/memory/cards/exp-09.yaml
w01r07,exp-01,decode-config,completed,0,0,0,0,0,,0.1,0.17,0.0,,,1.0,iterate,False,,/home/robtang_google_com/gangda_workspace/agentic-world-model/data/ptb/results/claude_vertex_high_awm_claude-opus-5_1m__10h_gangda_wma_evolve_wma-gsm8k-gemma4b-high-r01-wma-x8-v1_w01r07_formal_r1/gsm8k_google_gemma-3-4b-pt_90562/task/memory/cards/exp-01.yaml
w01r07,exp-02,sft,completed,1,1,0,1,0,,0.35,0.94,0.94,365,1,52473.0,adopt,False,,/home/robtang_google_com/gangda_workspace/agentic-world-model/data/ptb/results/claude_vertex_high_awm_claude-opus-5_1m__10h_gangda_wma_evolve_wma-gsm8k-gemma4b-high-r01-wma-x8-v1_w01r07_formal_r1/gsm8k_google_gemma-3-4b-pt_90562/task/memory/cards/exp-02.yaml
w01r07,exp-03,other,completed,0,1,0,1,0,,1.35,0.08,0.94,,,52473.0,iterate,False,,/home/robtang_google_com/gangda_workspace/agentic-world-model/data/ptb/results/claude_vertex_high_awm_claude-opus-5_1m__10h_gangda_wma_evolve_wma-gsm8k-gemma4b-high-r01-wma-x8-v1_w01r07_formal_r1/gsm8k_google_gemma-3-4b-pt_90562/task/memory/cards/exp-03.yaml
w01r07,exp-04,sft,completed,1,2,0,2,0,,1.45,1.62,2.56,665,1,95741.0,adopt,False,,/home/robtang_google_com/gangda_workspace/agentic-world-model/data/ptb/results/claude_vertex_high_awm_claude-opus-5_1m__10h_gangda_wma_evolve_wma-gsm8k-gemma4b-high-r01-wma-x8-v1_w01r07_formal_r1/gsm8k_google_gemma-3-4b-pt_90562/task/memory/cards/exp-04.yaml
w01r07,exp-05,sft,completed,1,3,0,3,0,,3.05,1.56,4.12,660,1,95000.0,iterate,False,,/home/robtang_google_com/gangda_workspace/agentic-world-model/data/ptb/results/claude_vertex_high_awm_claude-opus-5_1m__10h_gangda_wma_evolve_wma-gsm8k-gemma4b-high-r01-wma-x8-v1_w01r07_formal_r1/gsm8k_google_gemma-3-4b-pt_90562/task/memory/cards/exp-05.yaml
w01r07,exp-06,merge,completed,0,3,0,3,0,,4.65,0.17,4.12,,,1.0,adopt,False,,/home/robtang_google_com/gangda_workspace/agentic-world-model/data/ptb/results/claude_vertex_high_awm_claude-opus-5_1m__10h_gangda_wma_evolve_wma-gsm8k-gemma4b-high-r01-wma-x8-v1_w01r07_formal_r1/gsm8k_google_gemma-3-4b-pt_90562/task/memory/cards/exp-06.yaml
w01r07,exp-07,sft,completed,1,4,0,4,0,,4.8,1.55,5.67,660,1,95000.0,adopt,False,,/home/robtang_google_com/gangda_workspace/agentic-world-model/data/ptb/results/claude_vertex_high_awm_claude-opus-5_1m__10h_gangda_wma_evolve_wma-gsm8k-gemma4b-high-r01-wma-x8-v1_w01r07_formal_r1/gsm8k_google_gemma-3-4b-pt_90562/task/memory/cards/exp-07.yaml
w01r07,exp-08,merge,completed,0,4,0,4,0,,6.4,0.25,5.67,,,1.0,adopt,False,,/home/robtang_google_com/gangda_workspace/agentic-world-model/data/ptb/results/claude_vertex_high_awm_claude-opus-5_1m__10h_gangda_wma_evolve_wma-gsm8k-gemma4b-high-r01-wma-x8-v1_w01r07_formal_r1/gsm8k_google_gemma-3-4b-pt_90562/task/memory/cards/exp-08.yaml
w01r07,exp-09,sft,completed,1,5,0,5,1,False,6.75,1.55,7.22,660,1,95000.0,reject,True,"Card pitfalls/relock records an incomplete full-intent launch; aborted count is a known lower bound, not an exhaustive runtime census.",/home/robtang_google_com/gangda_workspace/agentic-world-model/data/ptb/results/claude_vertex_high_awm_claude-opus-5_1m__10h_gangda_wma_evolve_wma-gsm8k-gemma4b-high-r01-wma-x8-v1_w01r07_formal_r1/gsm8k_google_gemma-3-4b-pt_90562/task/memory/cards/exp-09.yaml
w01r07,exp-10,other,completed,0,5,0,5,0,,8.4,0.15,7.22,,,1.0,adopt,False,,/home/robtang_google_com/gangda_workspace/agentic-world-model/data/ptb/results/claude_vertex_high_awm_claude-opus-5_1m__10h_gangda_wma_evolve_wma-gsm8k-gemma4b-high-r01-wma-x8-v1_w01r07_formal_r1/gsm8k_google_gemma-3-4b-pt_90562/task/memory/cards/exp-10.yaml
w01r08,exp-01,other,completed,0,0,0,0,0,,0.15,0.35,0.0,,,150.0,iterate,False,,/home/robtang_google_com/gangda_workspace/agentic-world-model/data/ptb/results/claude_vertex_high_awm_claude-opus-5_1m__10h_gangda_wma_evolve_wma-gsm8k-gemma4b-high-r01-wma-x8-v1_w01r08_formal_r1/gsm8k_google_gemma-3-4b-pt_90563/task/memory/cards/exp-01.yaml
w01r08,exp-02,sft,completed,1,1,0,1,0,,0.75,1.97,1.97,1762,2,60000.0,adopt,False,,/home/robtang_google_com/gangda_workspace/agentic-world-model/data/ptb/results/claude_vertex_high_awm_claude-opus-5_1m__10h_gangda_wma_evolve_wma-gsm8k-gemma4b-high-r01-wma-x8-v1_w01r08_formal_r1/gsm8k_google_gemma-3-4b-pt_90563/task/memory/cards/exp-02.yaml
w01r08,exp-03,decode-config,completed,0,1,0,1,0,,1.3,0.17,1.97,,,150.0,adopt,False,,/home/robtang_google_com/gangda_workspace/agentic-world-model/data/ptb/results/claude_vertex_high_awm_claude-opus-5_1m__10h_gangda_wma_evolve_wma-gsm8k-gemma4b-high-r01-wma-x8-v1_w01r08_formal_r1/gsm8k_google_gemma-3-4b-pt_90563/task/memory/cards/exp-03.yaml
w01r08,exp-04,sft,failed,1,2,0,2,0,False,3.2,1.4,3.37,1234,1,82842.0,iterate,True,"1234/1234 optimization steps completed; failed terminal save produced no weights. Count one completed SFT schedule, zero new scored model.",/home/robtang_google_com/gangda_workspace/agentic-world-model/data/ptb/results/claude_vertex_high_awm_claude-opus-5_1m__10h_gangda_wma_evolve_wma-gsm8k-gemma4b-high-r01-wma-x8-v1_w01r08_formal_r1/gsm8k_google_gemma-3-4b-pt_90563/task/memory/cards/exp-04.yaml
w01r08,exp-05,sft,completed,1,3,0,3,0,,4.4,2.5,5.87,2191,0.7217,207842.0,iterate,False,,/home/robtang_google_com/gangda_workspace/agentic-world-model/data/ptb/results/claude_vertex_high_awm_claude-opus-5_1m__10h_gangda_wma_evolve_wma-gsm8k-gemma4b-high-r01-wma-x8-v1_w01r08_formal_r1/gsm8k_google_gemma-3-4b-pt_90563/task/memory/cards/exp-05.yaml
w01r08,exp-06,other,completed,0,3,0,3,0,,7.2,0.9,5.87,,,500.0,adopt,False,,/home/robtang_google_com/gangda_workspace/agentic-world-model/data/ptb/results/claude_vertex_high_awm_claude-opus-5_1m__10h_gangda_wma_evolve_wma-gsm8k-gemma4b-high-r01-wma-x8-v1_w01r08_formal_r1/gsm8k_google_gemma-3-4b-pt_90563/task/memory/cards/exp-06.yaml
w06r01,exp-01,other,completed,0,0,0,0,0,,0.2,0.09,0.0,,,150.0,iterate,True,,/home/robtang_google_com/gangda_workspace/agentic-world-model/data/ptb/results/claude_vertex_high_awm_claude-opus-5_1m__10h_gangda_wma_evolve_wma-gsm8k-gemma4b-high-r02-a-format-floor-x4-v2_w06r01_formal_r6/gsm8k_google_gemma-3-4b-pt_91002/task/memory/cards/exp-01.yaml
w06r01,exp-02,sft,completed,1,1,0,1,0,False,0.35,0.62,0.62,493,1.0,60000.0,adopt,True,"Completed non-probe full-parameter supervised fit; multi-epoch schedule counts one episode, not one per epoch.",/home/robtang_google_com/gangda_workspace/agentic-world-model/data/ptb/results/claude_vertex_high_awm_claude-opus-5_1m__10h_gangda_wma_evolve_wma-gsm8k-gemma4b-high-r02-a-format-floor-x4-v2_w06r01_formal_r6/gsm8k_google_gemma-3-4b-pt_91002/task/memory/cards/exp-02.yaml
w06r01,exp-03,decode-config,completed,0,1,0,1,0,,1.6,0.1,0.62,,,150.0,adopt,True,,/home/robtang_google_com/gangda_workspace/agentic-world-model/data/ptb/results/claude_vertex_high_awm_claude-opus-5_1m__10h_gangda_wma_evolve_wma-gsm8k-gemma4b-high-r02-a-format-floor-x4-v2_w06r01_formal_r6/gsm8k_google_gemma-3-4b-pt_91002/task/memory/cards/exp-03.yaml
w06r01,exp-04,sft,completed,1,2,0,2,0,False,1.9,2.19,2.81,1772,1.0,189725.0,adopt,True,"Completed non-probe full-parameter supervised fit; multi-epoch schedule counts one episode, not one per epoch.",/home/robtang_google_com/gangda_workspace/agentic-world-model/data/ptb/results/claude_vertex_high_awm_claude-opus-5_1m__10h_gangda_wma_evolve_wma-gsm8k-gemma4b-high-r02-a-format-floor-x4-v2_w06r01_formal_r6/gsm8k_google_gemma-3-4b-pt_91002/task/memory/cards/exp-04.yaml
w06r01,exp-05,rft,completed,1,2,1,3,2,True,5.4,0.96,3.77,791,1.0,99755.0,reject,True,"Completed non-probe full-parameter supervised fit; multi-epoch schedule counts one episode, not one per epoch.",/home/robtang_google_com/gangda_workspace/agentic-world-model/data/ptb/results/claude_vertex_high_awm_claude-opus-5_1m__10h_gangda_wma_evolve_wma-gsm8k-gemma4b-high-r02-a-format-floor-x4-v2_w06r01_formal_r6/gsm8k_google_gemma-3-4b-pt_91002/task/memory/cards/exp-05.yaml
w06r01,exp-06,merge,completed,0,2,1,3,0,,7.3,0.15,3.77,,,150.0,reject,True,,/home/robtang_google_com/gangda_workspace/agentic-world-model/data/ptb/results/claude_vertex_high_awm_claude-opus-5_1m__10h_gangda_wma_evolve_wma-gsm8k-gemma4b-high-r02-a-format-floor-x4-v2_w06r01_formal_r6/gsm8k_google_gemma-3-4b-pt_91002/task/memory/cards/exp-06.yaml
w06r01,exp-07,other,completed,0,2,1,3,0,,7.7,0.42,3.77,,,500.0,adopt,True,,/home/robtang_google_com/gangda_workspace/agentic-world-model/data/ptb/results/claude_vertex_high_awm_claude-opus-5_1m__10h_gangda_wma_evolve_wma-gsm8k-gemma4b-high-r02-a-format-floor-x4-v2_w06r01_formal_r6/gsm8k_google_gemma-3-4b-pt_91002/task/memory/cards/exp-07.yaml
w06r02,exp-01,other,completed,0,0,0,0,0,,0.1,0.15,0.0,,,150.0,iterate,True,,/home/robtang_google_com/gangda_workspace/agentic-world-model/data/ptb/results/claude_vertex_high_awm_claude-opus-5_1m__10h_gangda_wma_evolve_wma-gsm8k-gemma4b-high-r02-a-format-floor-x4-v2_w06r02_formal_r6/gsm8k_google_gemma-3-4b-pt_91003/task/memory/cards/exp-01.yaml
w06r02,exp-02,sft,failed,0,0,0,0,1,,1.0,0.05,0.05,100,1.0,152663.0,iterate,True,Not counted: training did not complete.,/home/robtang_google_com/gangda_workspace/agentic-world-model/data/ptb/results/claude_vertex_high_awm_claude-opus-5_1m__10h_gangda_wma_evolve_wma-gsm8k-gemma4b-high-r02-a-format-floor-x4-v2_w06r02_formal_r6/gsm8k_google_gemma-3-4b-pt_91003/task/memory/cards/exp-02.yaml
w06r02,exp-03,sft,completed,1,1,0,1,0,False,1.25,1.35,1.4,2520,1.0,80672.0,iterate,True,"Completed non-probe full-parameter supervised fit; multi-epoch schedule counts one episode, not one per epoch. Count as completed despite poor/near-floor eval:2520 optimizer steps and full schedule completed; scientific failure is not execution failure.",/home/robtang_google_com/gangda_workspace/agentic-world-model/data/ptb/results/claude_vertex_high_awm_claude-opus-5_1m__10h_gangda_wma_evolve_wma-gsm8k-gemma4b-high-r02-a-format-floor-x4-v2_w06r02_formal_r6/gsm8k_google_gemma-3-4b-pt_91003/task/memory/cards/exp-03.yaml
w06r02,exp-04,sft,completed,1,2,0,2,0,False,2.9,0.75,2.15,397,1.0,12000.0,adopt,True,"Completed non-probe full-parameter supervised fit; multi-epoch schedule counts one episode, not one per epoch.",/home/robtang_google_com/gangda_workspace/agentic-world-model/data/ptb/results/claude_vertex_high_awm_claude-opus-5_1m__10h_gangda_wma_evolve_wma-gsm8k-gemma4b-high-r02-a-format-floor-x4-v2_w06r02_formal_r6/gsm8k_google_gemma-3-4b-pt_91003/task/memory/cards/exp-04.yaml
w06r02,exp-05,decode-config,completed,0,2,0,2,0,,4.2,0.15,2.15,,,150.0,adopt,True,,/home/robtang_google_com/gangda_workspace/agentic-world-model/data/ptb/results/claude_vertex_high_awm_claude-opus-5_1m__10h_gangda_wma_evolve_wma-gsm8k-gemma4b-high-r02-a-format-floor-x4-v2_w06r02_formal_r6/gsm8k_google_gemma-3-4b-pt_91003/task/memory/cards/exp-05.yaml
w06r02,exp-06,sft,not_run,0,2,0,2,0,,3.7,0.15,2.3,,1.0,26000.0,abandon_line,True,Not counted: training did not complete.,/home/robtang_google_com/gangda_workspace/agentic-world-model/data/ptb/results/claude_vertex_high_awm_claude-opus-5_1m__10h_gangda_wma_evolve_wma-gsm8k-gemma4b-high-r02-a-format-floor-x4-v2_w06r02_formal_r6/gsm8k_google_gemma-3-4b-pt_91003/task/memory/cards/exp-06.yaml
w06r02,exp-07,rft,completed,1,2,1,3,0,True,4.8,1.05,3.35,528,1.0,16000.0,iterate,True,"Completed non-probe full-parameter supervised fit; multi-epoch schedule counts one episode, not one per epoch.",/home/robtang_google_com/gangda_workspace/agentic-world-model/data/ptb/results/claude_vertex_high_awm_claude-opus-5_1m__10h_gangda_wma_evolve_wma-gsm8k-gemma4b-high-r02-a-format-floor-x4-v2_w06r02_formal_r6/gsm8k_google_gemma-3-4b-pt_91003/task/memory/cards/exp-07.yaml
w06r02,exp-08,other,completed,0,2,1,3,0,,6.1,0.75,3.35,,,500.0,adopt,True,,/home/robtang_google_com/gangda_workspace/agentic-world-model/data/ptb/results/claude_vertex_high_awm_claude-opus-5_1m__10h_gangda_wma_evolve_wma-gsm8k-gemma4b-high-r02-a-format-floor-x4-v2_w06r02_formal_r6/gsm8k_google_gemma-3-4b-pt_91003/task/memory/cards/exp-08.yaml
w06r02,exp-09,merge,completed,0,2,1,3,0,,6.4,0.55,3.35,,,500.0,reject,True,,/home/robtang_google_com/gangda_workspace/agentic-world-model/data/ptb/results/claude_vertex_high_awm_claude-opus-5_1m__10h_gangda_wma_evolve_wma-gsm8k-gemma4b-high-r02-a-format-floor-x4-v2_w06r02_formal_r6/gsm8k_google_gemma-3-4b-pt_91003/task/memory/cards/exp-09.yaml
w06r02,exp-10,sft,completed,1,3,1,4,0,False,7.4,0.65,4.0,262,1.0,8000.0,reject,True,"8000 external OMI2 solutions selected using own sampling failures; selection is adaptive, but targets are external, not self-generated. Count as one external supervised fit.",/home/robtang_google_com/gangda_workspace/agentic-world-model/data/ptb/results/claude_vertex_high_awm_claude-opus-5_1m__10h_gangda_wma_evolve_wma-gsm8k-gemma4b-high-r02-a-format-floor-x4-v2_w06r02_formal_r6/gsm8k_google_gemma-3-4b-pt_91003/task/memory/cards/exp-10.yaml
w06r03,exp-01,other,completed,0,0,0,0,0,,0.1,0.3,0.0,,,150.0,reject,True,,/home/robtang_google_com/gangda_workspace/agentic-world-model/data/ptb/results/claude_vertex_high_awm_claude-opus-5_1m__10h_gangda_wma_evolve_wma-gsm8k-gemma4b-high-r02-a-format-floor-x4-v2_w06r03_formal_r6/gsm8k_google_gemma-3-4b-pt_91004/task/memory/cards/exp-01.yaml
w06r03,exp-02,sft,completed,1,1,0,1,0,False,0.85,2.25,2.25,2110,2,67473.0,adopt,True,"Completed non-probe full-parameter supervised fit; multi-epoch schedule counts one episode, not one per epoch.",/home/robtang_google_com/gangda_workspace/agentic-world-model/data/ptb/results/claude_vertex_high_awm_claude-opus-5_1m__10h_gangda_wma_evolve_wma-gsm8k-gemma4b-high-r02-a-format-floor-x4-v2_w06r03_formal_r6/gsm8k_google_gemma-3-4b-pt_91004/task/memory/cards/exp-02.yaml
w06r03,exp-03,decode-config,completed,0,1,0,1,0,,3.3,0.15,2.25,,,150.0,adopt,True,,/home/robtang_google_com/gangda_workspace/agentic-world-model/data/ptb/results/claude_vertex_high_awm_claude-opus-5_1m__10h_gangda_wma_evolve_wma-gsm8k-gemma4b-high-r02-a-format-floor-x4-v2_w06r03_formal_r6/gsm8k_google_gemma-3-4b-pt_91004/task/memory/cards/exp-03.yaml
w06r03,exp-04,rft,completed,1,1,1,2,0,True,4.25,1.02,3.27,963,1,61587.0,iterate,True,"Completed non-probe full-parameter supervised fit; multi-epoch schedule counts one episode, not one per epoch.",/home/robtang_google_com/gangda_workspace/agentic-world-model/data/ptb/results/claude_vertex_high_awm_claude-opus-5_1m__10h_gangda_wma_evolve_wma-gsm8k-gemma4b-high-r02-a-format-floor-x4-v2_w06r03_formal_r6/gsm8k_google_gemma-3-4b-pt_91004/task/memory/cards/exp-04.yaml
w06r03,exp-05,merge,completed,0,1,1,2,0,,5.7,0.25,3.27,,,500.0,iterate,True,,/home/robtang_google_com/gangda_workspace/agentic-world-model/data/ptb/results/claude_vertex_high_awm_claude-opus-5_1m__10h_gangda_wma_evolve_wma-gsm8k-gemma4b-high-r02-a-format-floor-x4-v2_w06r03_formal_r6/gsm8k_google_gemma-3-4b-pt_91004/task/memory/cards/exp-05.yaml
w06r03,exp-06,merge,completed,0,1,1,2,0,,6.25,0.6,3.27,,,1319.0,reject,True,,/home/robtang_google_com/gangda_workspace/agentic-world-model/data/ptb/results/claude_vertex_high_awm_claude-opus-5_1m__10h_gangda_wma_evolve_wma-gsm8k-gemma4b-high-r02-a-format-floor-x4-v2_w06r03_formal_r6/gsm8k_google_gemma-3-4b-pt_91004/task/memory/cards/exp-06.yaml
w06r04,exp-01,other,completed,0,0,0,0,0,,0.07,0.39,0.0,,,200.0,iterate,True,,/home/robtang_google_com/gangda_workspace/agentic-world-model/data/ptb/results/claude_vertex_high_awm_claude-opus-5_1m__10h_gangda_wma_evolve_wma-gsm8k-gemma4b-high-r02-a-format-floor-x4-v2_w06r04_formal_r6/gsm8k_google_gemma-3-4b-pt_91005/task/memory/cards/exp-01.yaml
w06r04,exp-02,sft,completed,1,1,0,1,0,False,1.15,1.72,1.72,1112,1.0,94546.0,adopt,True,"Completed non-probe full-parameter supervised fit; multi-epoch schedule counts one episode, not one per epoch.",/home/robtang_google_com/gangda_workspace/agentic-world-model/data/ptb/results/claude_vertex_high_awm_claude-opus-5_1m__10h_gangda_wma_evolve_wma-gsm8k-gemma4b-high-r02-a-format-floor-x4-v2_w06r04_formal_r6/gsm8k_google_gemma-3-4b-pt_91005/task/memory/cards/exp-02.yaml
w06r04,exp-03,decode-config,completed,0,1,0,1,0,,3.15,0.55,1.72,,,200.0,adopt,True,,/home/robtang_google_com/gangda_workspace/agentic-world-model/data/ptb/results/claude_vertex_high_awm_claude-opus-5_1m__10h_gangda_wma_evolve_wma-gsm8k-gemma4b-high-r02-a-format-floor-x4-v2_w06r04_formal_r6/gsm8k_google_gemma-3-4b-pt_91005/task/memory/cards/exp-03.yaml
w06r04,exp-04,rft,completed,1,1,1,2,0,True,4.2,1.55,3.27,692,1.0,61134.0,iterate,True,"Completed non-probe full-parameter supervised fit; multi-epoch schedule counts one episode, not one per epoch.",/home/robtang_google_com/gangda_workspace/agentic-world-model/data/ptb/results/claude_vertex_high_awm_claude-opus-5_1m__10h_gangda_wma_evolve_wma-gsm8k-gemma4b-high-r02-a-format-floor-x4-v2_w06r04_formal_r6/gsm8k_google_gemma-3-4b-pt_91005/task/memory/cards/exp-04.yaml
w06r04,exp-05,rft,completed,1,1,2,3,0,True,6.1,1.05,4.32,504,1.0,42547.0,abandon_line,True,"Completed non-probe full-parameter supervised fit; multi-epoch schedule counts one episode, not one per epoch.",/home/robtang_google_com/gangda_workspace/agentic-world-model/data/ptb/results/claude_vertex_high_awm_claude-opus-5_1m__10h_gangda_wma_evolve_wma-gsm8k-gemma4b-high-r02-a-format-floor-x4-v2_w06r04_formal_r6/gsm8k_google_gemma-3-4b-pt_91005/task/memory/cards/exp-05.yaml
w06r04,exp-06,other,completed,0,1,2,3,0,,7.5,0.33,4.32,,,200.0,adopt,True,,/home/robtang_google_com/gangda_workspace/agentic-world-model/data/ptb/results/claude_vertex_high_awm_claude-opus-5_1m__10h_gangda_wma_evolve_wma-gsm8k-gemma4b-high-r02-a-format-floor-x4-v2_w06r04_formal_r6/gsm8k_google_gemma-3-4b-pt_91005/task/memory/cards/exp-06.yaml
w07r01,exp-01,other,completed,0,0,0,0,0,,0.1,0.31,0.0,,,150.0,adopt,True,,/home/robtang_google_com/gangda_workspace/agentic-world-model/data/ptb/results/claude_vertex_high_awm_claude-opus-5_1m__10h_gangda_wma_evolve_wma-gsm8k-gemma4b-high-r02-ab-format-floor-width-x4-v2_w07r01_formal_r7/gsm8k_google_gemma-3-4b-pt_91007/task/memory/cards/exp-01.yaml
w07r01,exp-02,sft,completed,1,1,0,1,0,False,1.0,1.72,1.72,1736,2,74346.0,adopt,True,"Completed non-probe full-parameter supervised fit; multi-epoch schedule counts one episode, not one per epoch.",/home/robtang_google_com/gangda_workspace/agentic-world-model/data/ptb/results/claude_vertex_high_awm_claude-opus-5_1m__10h_gangda_wma_evolve_wma-gsm8k-gemma4b-high-r02-ab-format-floor-width-x4-v2_w07r01_formal_r7/gsm8k_google_gemma-3-4b-pt_91007/task/memory/cards/exp-02.yaml
w07r01,exp-03,decode-config,completed,0,1,0,1,0,,3.0,0.35,1.72,,,1.0,adopt,True,,/home/robtang_google_com/gangda_workspace/agentic-world-model/data/ptb/results/claude_vertex_high_awm_claude-opus-5_1m__10h_gangda_wma_evolve_wma-gsm8k-gemma4b-high-r02-ab-format-floor-width-x4-v2_w07r01_formal_r7/gsm8k_google_gemma-3-4b-pt_91007/task/memory/cards/exp-03.yaml
w07r01,exp-04,rft,completed,1,1,1,2,0,True,3.6,1.85,3.57,2122,2,96646.0,reject,True,"Completed non-probe full-parameter supervised fit; multi-epoch schedule counts one episode, not one per epoch.",/home/robtang_google_com/gangda_workspace/agentic-world-model/data/ptb/results/claude_vertex_high_awm_claude-opus-5_1m__10h_gangda_wma_evolve_wma-gsm8k-gemma4b-high-r02-ab-format-floor-width-x4-v2_w07r01_formal_r7/gsm8k_google_gemma-3-4b-pt_91007/task/memory/cards/exp-04.yaml
w07r01,exp-05,merge,completed,0,1,1,2,0,,5.6,0.55,3.57,,,2.0,adopt,True,,/home/robtang_google_com/gangda_workspace/agentic-world-model/data/ptb/results/claude_vertex_high_awm_claude-opus-5_1m__10h_gangda_wma_evolve_wma-gsm8k-gemma4b-high-r02-ab-format-floor-width-x4-v2_w07r01_formal_r7/gsm8k_google_gemma-3-4b-pt_91007/task/memory/cards/exp-05.yaml
w07r01,exp-06,sft,completed,1,2,1,3,0,True,6.1,2.0,5.57,2236,2,96646.0,adopt,True,"Card source explicitly includes 11150 synthetic:self RFT rows at weight 2, despite family=sft. Card also performs soup and evaluation after training; only one gradient-training episode.",/home/robtang_google_com/gangda_workspace/agentic-world-model/data/ptb/results/claude_vertex_high_awm_claude-opus-5_1m__10h_gangda_wma_evolve_wma-gsm8k-gemma4b-high-r02-ab-format-floor-width-x4-v2_w07r01_formal_r7/gsm8k_google_gemma-3-4b-pt_91007/task/memory/cards/exp-06.yaml
w07r02,exp-01,other,completed,0,0,0,0,0,,0.25,0.05,0.0,,,150.0,iterate,True,,/home/robtang_google_com/gangda_workspace/agentic-world-model/data/ptb/results/claude_vertex_high_awm_claude-opus-5_1m__10h_gangda_wma_evolve_wma-gsm8k-gemma4b-high-r02-ab-format-floor-width-x4-v2_w07r02_formal_r7/gsm8k_google_gemma-3-4b-pt_91008/task/memory/cards/exp-01.yaml
w07r02,exp-02,sft,completed,1,1,0,1,1,False,0.8,2.71,2.71,1126,2,72000.0,adopt,True,"Completed non-probe full-parameter supervised fit; multi-epoch schedule counts one episode, not one per epoch.",/home/robtang_google_com/gangda_workspace/agentic-world-model/data/ptb/results/claude_vertex_high_awm_claude-opus-5_1m__10h_gangda_wma_evolve_wma-gsm8k-gemma4b-high-r02-ab-format-floor-width-x4-v2_w07r02_formal_r7/gsm8k_google_gemma-3-4b-pt_91008/task/memory/cards/exp-02.yaml
w07r02,exp-03,decode-config,completed,0,1,0,1,0,,4.0,0.08,2.71,,,1.0,reject,True,,/home/robtang_google_com/gangda_workspace/agentic-world-model/data/ptb/results/claude_vertex_high_awm_claude-opus-5_1m__10h_gangda_wma_evolve_wma-gsm8k-gemma4b-high-r02-ab-format-floor-width-x4-v2_w07r02_formal_r7/gsm8k_google_gemma-3-4b-pt_91008/task/memory/cards/exp-03.yaml
w07r02,exp-04,rft,completed,1,1,1,2,0,True,4.5,1.47,4.18,626,2,40013.0,adopt,True,"Completed non-probe full-parameter supervised fit; multi-epoch schedule counts one episode, not one per epoch.",/home/robtang_google_com/gangda_workspace/agentic-world-model/data/ptb/results/claude_vertex_high_awm_claude-opus-5_1m__10h_gangda_wma_evolve_wma-gsm8k-gemma4b-high-r02-ab-format-floor-width-x4-v2_w07r02_formal_r7/gsm8k_google_gemma-3-4b-pt_91008/task/memory/cards/exp-04.yaml
w07r02,exp-05,rft,completed,1,1,2,3,0,True,7.4,0.71,4.89,313,1,40000.0,adopt,True,"Completed non-probe full-parameter supervised fit; multi-epoch schedule counts one episode, not one per epoch.",/home/robtang_google_com/gangda_workspace/agentic-world-model/data/ptb/results/claude_vertex_high_awm_claude-opus-5_1m__10h_gangda_wma_evolve_wma-gsm8k-gemma4b-high-r02-ab-format-floor-width-x4-v2_w07r02_formal_r7/gsm8k_google_gemma-3-4b-pt_91008/task/memory/cards/exp-05.yaml
w07r03,exp-01,other,completed,0,0,0,0,0,,0.15,0.12,0.0,,,300.0,reject,True,,/home/robtang_google_com/gangda_workspace/agentic-world-model/data/ptb/results/claude_vertex_high_awm_claude-opus-5_1m__10h_gangda_wma_evolve_wma-gsm8k-gemma4b-high-r02-ab-format-floor-width-x4-v2_w07r03_formal_r7/gsm8k_google_gemma-3-4b-pt_91009/task/memory/cards/exp-01.yaml
w07r03,exp-02,sft,completed,1,1,0,1,0,False,0.35,1.59,1.59,789,1.0,101262.0,adopt,True,"Completed non-probe full-parameter supervised fit; multi-epoch schedule counts one episode, not one per epoch.",/home/robtang_google_com/gangda_workspace/agentic-world-model/data/ptb/results/claude_vertex_high_awm_claude-opus-5_1m__10h_gangda_wma_evolve_wma-gsm8k-gemma4b-high-r02-ab-format-floor-width-x4-v2_w07r03_formal_r7/gsm8k_google_gemma-3-4b-pt_91009/task/memory/cards/exp-02.yaml
w07r03,exp-03,sft,completed,1,2,0,2,0,False,3.1,2.02,3.61,888,1.0,114339.0,adopt,True,"Completed non-probe full-parameter supervised fit; multi-epoch schedule counts one episode, not one per epoch.",/home/robtang_google_com/gangda_workspace/agentic-world-model/data/ptb/results/claude_vertex_high_awm_claude-opus-5_1m__10h_gangda_wma_evolve_wma-gsm8k-gemma4b-high-r02-ab-format-floor-width-x4-v2_w07r03_formal_r7/gsm8k_google_gemma-3-4b-pt_91009/task/memory/cards/exp-03.yaml
w07r03,exp-04,merge,completed,0,2,0,2,0,,5.6,0.33,3.61,0,0,114339.0,reject,True,,/home/robtang_google_com/gangda_workspace/agentic-world-model/data/ptb/results/claude_vertex_high_awm_claude-opus-5_1m__10h_gangda_wma_evolve_wma-gsm8k-gemma4b-high-r02-ab-format-floor-width-x4-v2_w07r03_formal_r7/gsm8k_google_gemma-3-4b-pt_91009/task/memory/cards/exp-04.yaml
w07r03,exp-05,sft,completed,1,3,0,3,0,False,6.1,1.65,5.26,713,1.0,92000.0,reject,True,"Completed non-probe full-parameter supervised fit; multi-epoch schedule counts one episode, not one per epoch.",/home/robtang_google_com/gangda_workspace/agentic-world-model/data/ptb/results/claude_vertex_high_awm_claude-opus-5_1m__10h_gangda_wma_evolve_wma-gsm8k-gemma4b-high-r02-ab-format-floor-width-x4-v2_w07r03_formal_r7/gsm8k_google_gemma-3-4b-pt_91009/task/memory/cards/exp-05.yaml
w07r04,exp-01,other,completed,0,0,0,0,0,,0.15,0.32,0.0,,,150.0,iterate,True,,/home/robtang_google_com/gangda_workspace/agentic-world-model/data/ptb/results/claude_vertex_high_awm_claude-opus-5_1m__10h_gangda_wma_evolve_wma-gsm8k-gemma4b-high-r02-ab-format-floor-width-x4-v2_w07r04_formal_r7/gsm8k_google_gemma-3-4b-pt_91010/task/memory/cards/exp-01.yaml
w07r04,exp-02,sft,completed,1,1,0,1,0,False,0.85,0.75,0.75,1632,1.0,52223.0,adopt,True,"Completed non-probe full-parameter supervised fit; multi-epoch schedule counts one episode, not one per epoch.",/home/robtang_google_com/gangda_workspace/agentic-world-model/data/ptb/results/claude_vertex_high_awm_claude-opus-5_1m__10h_gangda_wma_evolve_wma-gsm8k-gemma4b-high-r02-ab-format-floor-width-x4-v2_w07r04_formal_r7/gsm8k_google_gemma-3-4b-pt_91010/task/memory/cards/exp-02.yaml
w07r04,exp-03,rft,completed,1,1,1,2,0,True,2.9,1.25,2.0,2686,1.0,85930.0,adopt,True,"Completed non-probe full-parameter supervised fit; multi-epoch schedule counts one episode, not one per epoch.",/home/robtang_google_com/gangda_workspace/agentic-world-model/data/ptb/results/claude_vertex_high_awm_claude-opus-5_1m__10h_gangda_wma_evolve_wma-gsm8k-gemma4b-high-r02-ab-format-floor-width-x4-v2_w07r04_formal_r7/gsm8k_google_gemma-3-4b-pt_91010/task/memory/cards/exp-03.yaml
w07r04,exp-04,sft,completed,1,2,1,3,0,True,4.6,1.63,3.63,3477,1.0,111246.0,adopt,True,"Card source explicitly concatenates the 33707 self/RFT rows used by exp-03, despite family=sft.",/home/robtang_google_com/gangda_workspace/agentic-world-model/data/ptb/results/claude_vertex_high_awm_claude-opus-5_1m__10h_gangda_wma_evolve_wma-gsm8k-gemma4b-high-r02-ab-format-floor-width-x4-v2_w07r04_formal_r7/gsm8k_google_gemma-3-4b-pt_91010/task/memory/cards/exp-04.yaml
w07r04,exp-05,other,completed,0,2,1,3,0,,6.65,0.22,3.63,,,500.0,adopt,True,,/home/robtang_google_com/gangda_workspace/agentic-world-model/data/ptb/results/claude_vertex_high_awm_claude-opus-5_1m__10h_gangda_wma_evolve_wma-gsm8k-gemma4b-high-r02-ab-format-floor-width-x4-v2_w07r04_formal_r7/gsm8k_google_gemma-3-4b-pt_91010/task/memory/cards/exp-05.yaml
w07r04,exp-06,merge,completed,0,2,1,3,0,,7.2,0.35,3.63,,,2.0,reject,True,,/home/robtang_google_com/gangda_workspace/agentic-world-model/data/ptb/results/claude_vertex_high_awm_claude-opus-5_1m__10h_gangda_wma_evolve_wma-gsm8k-gemma4b-high-r02-ab-format-floor-width-x4-v2_w07r04_formal_r7/gsm8k_google_gemma-3-4b-pt_91010/task/memory/cards/exp-06.yaml
w07r04,exp-07,other,completed,0,2,1,3,0,,7.7,0.18,3.63,,,1.0,adopt,True,,/home/robtang_google_com/gangda_workspace/agentic-world-model/data/ptb/results/claude_vertex_high_awm_claude-opus-5_1m__10h_gangda_wma_evolve_wma-gsm8k-gemma4b-high-r02-ab-format-floor-width-x4-v2_w07r04_formal_r7/gsm8k_google_gemma-3-4b-pt_91010/task/memory/cards/exp-07.yaml
w08r01,exp-01,other,completed,0,0,0,0,0,,0.1,0.31,0.0,,,300.0,iterate,True,,/home/robtang_google_com/gangda_workspace/agentic-world-model/data/ptb/results/claude_vertex_high_awm_claude-opus-5_1m__10h_gangda_wma_evolve_wma-gsm8k-gemma4b-high-r02-c-probe-before-fail-x4-v2_w08r01_formal_r8/gsm8k_google_gemma-3-4b-pt_91014/task/memory/cards/exp-01.yaml
w08r01,exp-02,sft,completed,1,1,0,1,0,False,0.5,1.86,1.86,3037,1,97173.0,adopt,True,"Completed non-probe full-parameter supervised fit; multi-epoch schedule counts one episode, not one per epoch.",/home/robtang_google_com/gangda_workspace/agentic-world-model/data/ptb/results/claude_vertex_high_awm_claude-opus-5_1m__10h_gangda_wma_evolve_wma-gsm8k-gemma4b-high-r02-c-probe-before-fail-x4-v2_w08r01_formal_r8/gsm8k_google_gemma-3-4b-pt_91014/task/memory/cards/exp-02.yaml
w08r01,exp-03,decode-config,completed,0,1,0,1,0,,3.05,0.12,1.86,,,300.0,adopt,True,,/home/robtang_google_com/gangda_workspace/agentic-world-model/data/ptb/results/claude_vertex_high_awm_claude-opus-5_1m__10h_gangda_wma_evolve_wma-gsm8k-gemma4b-high-r02-c-probe-before-fail-x4-v2_w08r01_formal_r8/gsm8k_google_gemma-3-4b-pt_91014/task/memory/cards/exp-03.yaml
w08r01,exp-04,sft,completed,1,2,0,2,0,False,4.85,1.3,3.16,2188,1,70000.0,iterate,True,"External-only fit on70000 fresh OMI2 teacher rows. Although card pitfalls mention RFT sampling, those generated rows are not the final training corpus; do not count generation as a fit.",/home/robtang_google_com/gangda_workspace/agentic-world-model/data/ptb/results/claude_vertex_high_awm_claude-opus-5_1m__10h_gangda_wma_evolve_wma-gsm8k-gemma4b-high-r02-c-probe-before-fail-x4-v2_w08r01_formal_r8/gsm8k_google_gemma-3-4b-pt_91014/task/memory/cards/exp-04.yaml
w08r01,exp-05,other,completed,0,2,0,2,0,,6.55,0.31,3.16,,,300.0,adopt,True,,/home/robtang_google_com/gangda_workspace/agentic-world-model/data/ptb/results/claude_vertex_high_awm_claude-opus-5_1m__10h_gangda_wma_evolve_wma-gsm8k-gemma4b-high-r02-c-probe-before-fail-x4-v2_w08r01_formal_r8/gsm8k_google_gemma-3-4b-pt_91014/task/memory/cards/exp-05.yaml
w08r01,exp-06,merge,completed,0,2,0,2,0,,7.15,0.42,3.16,,,300.0,reject,True,,/home/robtang_google_com/gangda_workspace/agentic-world-model/data/ptb/results/claude_vertex_high_awm_claude-opus-5_1m__10h_gangda_wma_evolve_wma-gsm8k-gemma4b-high-r02-c-probe-before-fail-x4-v2_w08r01_formal_r8/gsm8k_google_gemma-3-4b-pt_91014/task/memory/cards/exp-06.yaml
w08r01,exp-07,other,completed,0,2,0,2,0,,7.45,0.68,3.16,,,300.0,adopt,True,,/home/robtang_google_com/gangda_workspace/agentic-world-model/data/ptb/results/claude_vertex_high_awm_claude-opus-5_1m__10h_gangda_wma_evolve_wma-gsm8k-gemma4b-high-r02-c-probe-before-fail-x4-v2_w08r01_formal_r8/gsm8k_google_gemma-3-4b-pt_91014/task/memory/cards/exp-07.yaml
w08r02,exp-01,other,completed,0,0,0,0,0,,0.2,0.08,0.0,,,200.0,iterate,True,,/home/robtang_google_com/gangda_workspace/agentic-world-model/data/ptb/results/claude_vertex_high_awm_claude-opus-5_1m__10h_gangda_wma_evolve_wma-gsm8k-gemma4b-high-r02-c-probe-before-fail-x4-v2_w08r02_formal_r8/gsm8k_google_gemma-3-4b-pt_91021/task/memory/cards/exp-01.yaml
w08r02,exp-02,sft,completed,1,1,0,1,0,False,0.6,1.35,1.35,1110,1,97473.0,adopt,True,"Completed non-probe full-parameter supervised fit; multi-epoch schedule counts one episode, not one per epoch.",/home/robtang_google_com/gangda_workspace/agentic-world-model/data/ptb/results/claude_vertex_high_awm_claude-opus-5_1m__10h_gangda_wma_evolve_wma-gsm8k-gemma4b-high-r02-c-probe-before-fail-x4-v2_w08r02_formal_r8/gsm8k_google_gemma-3-4b-pt_91021/task/memory/cards/exp-02.yaml
w08r02,exp-03,rft,completed,1,1,1,2,0,True,3.4,0.72,2.07,639,1,60713.0,iterate,True,"Completed non-probe full-parameter supervised fit; multi-epoch schedule counts one episode, not one per epoch.",/home/robtang_google_com/gangda_workspace/agentic-world-model/data/ptb/results/claude_vertex_high_awm_claude-opus-5_1m__10h_gangda_wma_evolve_wma-gsm8k-gemma4b-high-r02-c-probe-before-fail-x4-v2_w08r02_formal_r8/gsm8k_google_gemma-3-4b-pt_91021/task/memory/cards/exp-03.yaml
w08r02,exp-04,sft,completed,1,2,1,3,0,True,4.2,1.55,3.62,1553,1,98367.0,iterate,True,"sft_v5.jsonl src-field scan: rft:gsm8k_train=2178 and rft:augmented_gsm8k=5423, hence 7601 self/RFT rows of 98367; 15000-row replay anchor came from exp-03 mixture. Source code in solve_parsed.txt:10388-10389; raw substantive fit launch at :10642.",/home/robtang_google_com/gangda_workspace/agentic-world-model/data/ptb/results/claude_vertex_high_awm_claude-opus-5_1m__10h_gangda_wma_evolve_wma-gsm8k-gemma4b-high-r02-c-probe-before-fail-x4-v2_w08r02_formal_r8/gsm8k_google_gemma-3-4b-pt_91021/task/memory/cards/exp-04.yaml
w08r02,exp-05,other,completed,0,2,1,3,0,,6.1,0.42,3.62,,,1319.0,adopt,True,,/home/robtang_google_com/gangda_workspace/agentic-world-model/data/ptb/results/claude_vertex_high_awm_claude-opus-5_1m__10h_gangda_wma_evolve_wma-gsm8k-gemma4b-high-r02-c-probe-before-fail-x4-v2_w08r02_formal_r8/gsm8k_google_gemma-3-4b-pt_91021/task/memory/cards/exp-05.yaml
w08r02,exp-06,merge,completed,0,2,1,3,0,,6.7,0.25,3.62,,,1319.0,iterate,True,,/home/robtang_google_com/gangda_workspace/agentic-world-model/data/ptb/results/claude_vertex_high_awm_claude-opus-5_1m__10h_gangda_wma_evolve_wma-gsm8k-gemma4b-high-r02-c-probe-before-fail-x4-v2_w08r02_formal_r8/gsm8k_google_gemma-3-4b-pt_91021/task/memory/cards/exp-06.yaml
w08r02,exp-07,other,completed,0,2,1,3,0,,7.2,0.18,3.62,,,1319.0,adopt,True,,/home/robtang_google_com/gangda_workspace/agentic-world-model/data/ptb/results/claude_vertex_high_awm_claude-opus-5_1m__10h_gangda_wma_evolve_wma-gsm8k-gemma4b-high-r02-c-probe-before-fail-x4-v2_w08r02_formal_r8/gsm8k_google_gemma-3-4b-pt_91021/task/memory/cards/exp-07.yaml
w08r02,exp-08,other,completed,0,2,1,3,0,,7.6,0.13,3.62,,,150.0,adopt,True,,/home/robtang_google_com/gangda_workspace/agentic-world-model/data/ptb/results/claude_vertex_high_awm_claude-opus-5_1m__10h_gangda_wma_evolve_wma-gsm8k-gemma4b-high-r02-c-probe-before-fail-x4-v2_w08r02_formal_r8/gsm8k_google_gemma-3-4b-pt_91021/task/memory/cards/exp-08.yaml
w08r03,exp-01,other,completed,0,0,0,0,0,,0.1,0.25,0.0,,,150.0,adopt,True,,/home/robtang_google_com/gangda_workspace/agentic-world-model/data/ptb/results/claude_vertex_high_awm_claude-opus-5_1m__10h_gangda_wma_evolve_wma-gsm8k-gemma4b-high-r02-c-probe-before-fail-x4-v2_w08r03_formal_r8/gsm8k_google_gemma-3-4b-pt_91022/task/memory/cards/exp-01.yaml
w08r03,exp-02,sft,completed,1,1,0,1,0,False,0.55,1.89,1.89,1034,2,59946.0,adopt,True,"Completed non-probe full-parameter supervised fit; multi-epoch schedule counts one episode, not one per epoch.",/home/robtang_google_com/gangda_workspace/agentic-world-model/data/ptb/results/claude_vertex_high_awm_claude-opus-5_1m__10h_gangda_wma_evolve_wma-gsm8k-gemma4b-high-r02-c-probe-before-fail-x4-v2_w08r03_formal_r8/gsm8k_google_gemma-3-4b-pt_91022/task/memory/cards/exp-02.yaml
w08r03,exp-03,decode-config,completed,0,1,0,1,0,,2.9,0.08,1.89,,,1.0,adopt,True,,/home/robtang_google_com/gangda_workspace/agentic-world-model/data/ptb/results/claude_vertex_high_awm_claude-opus-5_1m__10h_gangda_wma_evolve_wma-gsm8k-gemma4b-high-r02-c-probe-before-fail-x4-v2_w08r03_formal_r8/gsm8k_google_gemma-3-4b-pt_91022/task/memory/cards/exp-03.yaml
w08r03,exp-04,sft,completed,1,2,0,2,0,False,3.85,1.87,3.76,1019,1.5,84945.0,reject,True,"Completed non-probe full-parameter supervised fit; multi-epoch schedule counts one episode, not one per epoch.",/home/robtang_google_com/gangda_workspace/agentic-world-model/data/ptb/results/claude_vertex_high_awm_claude-opus-5_1m__10h_gangda_wma_evolve_wma-gsm8k-gemma4b-high-r02-c-probe-before-fail-x4-v2_w08r03_formal_r8/gsm8k_google_gemma-3-4b-pt_91022/task/memory/cards/exp-04.yaml
w08r03,exp-05,merge,completed,0,2,0,2,0,,6.35,0.13,3.76,,,2.0,reject,True,,/home/robtang_google_com/gangda_workspace/agentic-world-model/data/ptb/results/claude_vertex_high_awm_claude-opus-5_1m__10h_gangda_wma_evolve_wma-gsm8k-gemma4b-high-r02-c-probe-before-fail-x4-v2_w08r03_formal_r8/gsm8k_google_gemma-3-4b-pt_91022/task/memory/cards/exp-05.yaml
w08r03,exp-06,other,completed,0,2,0,2,0,,6.5,0.32,3.76,,,2.0,adopt,True,,/home/robtang_google_com/gangda_workspace/agentic-world-model/data/ptb/results/claude_vertex_high_awm_claude-opus-5_1m__10h_gangda_wma_evolve_wma-gsm8k-gemma4b-high-r02-c-probe-before-fail-x4-v2_w08r03_formal_r8/gsm8k_google_gemma-3-4b-pt_91022/task/memory/cards/exp-06.yaml
w08r03,exp-07,rft,completed,1,2,1,3,0,True,6.9,0.28,4.04,82,1,17999.0,reject,True,"Completed non-probe full-parameter supervised fit; multi-epoch schedule counts one episode, not one per epoch. Endgame fit is short (82 or149steps) but completes its planned one-epoch scientific training; not a smoke.",/home/robtang_google_com/gangda_workspace/agentic-world-model/data/ptb/results/claude_vertex_high_awm_claude-opus-5_1m__10h_gangda_wma_evolve_wma-gsm8k-gemma4b-high-r02-c-probe-before-fail-x4-v2_w08r03_formal_r8/gsm8k_google_gemma-3-4b-pt_91022/task/memory/cards/exp-07.yaml
w08r04,exp-01,other,completed,0,0,0,0,0,,0.1,0.06,0.0,,,150.0,iterate,True,,/home/robtang_google_com/gangda_workspace/agentic-world-model/data/ptb/results/claude_vertex_high_awm_claude-opus-5_1m__10h_gangda_wma_evolve_wma-gsm8k-gemma4b-high-r02-c-probe-before-fail-x4-v2_w08r04_formal_r8/gsm8k_google_gemma-3-4b-pt_91023/task/memory/cards/exp-01.yaml
w08r04,exp-02,sft,completed,1,1,0,1,0,False,0.65,2.44,2.44,1902,2,153157.0,adopt,True,"Completed non-probe full-parameter supervised fit; multi-epoch schedule counts one episode, not one per epoch.",/home/robtang_google_com/gangda_workspace/agentic-world-model/data/ptb/results/claude_vertex_high_awm_claude-opus-5_1m__10h_gangda_wma_evolve_wma-gsm8k-gemma4b-high-r02-c-probe-before-fail-x4-v2_w08r04_formal_r8/gsm8k_google_gemma-3-4b-pt_91023/task/memory/cards/exp-02.yaml
w08r04,exp-03,decode-config,completed,0,1,0,1,0,,3.3,0.05,2.44,,,150.0,adopt,True,,/home/robtang_google_com/gangda_workspace/agentic-world-model/data/ptb/results/claude_vertex_high_awm_claude-opus-5_1m__10h_gangda_wma_evolve_wma-gsm8k-gemma4b-high-r02-c-probe-before-fail-x4-v2_w08r04_formal_r8/gsm8k_google_gemma-3-4b-pt_91023/task/memory/cards/exp-03.yaml
w08r04,exp-04,other,completed,0,1,0,1,0,,3.6,0.05,2.44,1000,,150.0,adopt,True,family=other and training_summary.steps=1000 refers to an existing exp-02 checkpoint; explicit no-training card. Exclude.,/home/robtang_google_com/gangda_workspace/agentic-world-model/data/ptb/results/claude_vertex_high_awm_claude-opus-5_1m__10h_gangda_wma_evolve_wma-gsm8k-gemma4b-high-r02-c-probe-before-fail-x4-v2_w08r04_formal_r8/gsm8k_google_gemma-3-4b-pt_91023/task/memory/cards/exp-04.yaml
w08r04,exp-05,sft,completed,1,2,0,2,1,False,3.9,2.12,4.56,1607,1,256056.0,reject,True,"Completed non-probe full-parameter supervised fit; multi-epoch schedule counts one episode, not one per epoch.",/home/robtang_google_com/gangda_workspace/agentic-world-model/data/ptb/results/claude_vertex_high_awm_claude-opus-5_1m__10h_gangda_wma_evolve_wma-gsm8k-gemma4b-high-r02-c-probe-before-fail-x4-v2_w08r04_formal_r8/gsm8k_google_gemma-3-4b-pt_91023/task/memory/cards/exp-05.yaml
w08r04,exp-06,other,completed,0,2,0,2,0,,6.6,0.12,4.56,,,500.0,adopt,True,,/home/robtang_google_com/gangda_workspace/agentic-world-model/data/ptb/results/claude_vertex_high_awm_claude-opus-5_1m__10h_gangda_wma_evolve_wma-gsm8k-gemma4b-high-r02-c-probe-before-fail-x4-v2_w08r04_formal_r8/gsm8k_google_gemma-3-4b-pt_91023/task/memory/cards/exp-06.yaml
w08r04,exp-07,other,completed,0,2,0,2,0,,6.9,0.15,4.56,,,1319.0,adopt,True,,/home/robtang_google_com/gangda_workspace/agentic-world-model/data/ptb/results/claude_vertex_high_awm_claude-opus-5_1m__10h_gangda_wma_evolve_wma-gsm8k-gemma4b-high-r02-c-probe-before-fail-x4-v2_w08r04_formal_r8/gsm8k_google_gemma-3-4b-pt_91023/task/memory/cards/exp-07.yaml
w08r04,exp-08,other,completed,0,2,0,2,0,,7.2,0.09,4.56,,,1319.0,adopt,True,,/home/robtang_google_com/gangda_workspace/agentic-world-model/data/ptb/results/claude_vertex_high_awm_claude-opus-5_1m__10h_gangda_wma_evolve_wma-gsm8k-gemma4b-high-r02-c-probe-before-fail-x4-v2_w08r04_formal_r8/gsm8k_google_gemma-3-4b-pt_91023/task/memory/cards/exp-08.yaml
w08r04,exp-09,merge,completed,0,2,0,2,0,,7.4,0.18,4.56,,,1319.0,reject,True,,/home/robtang_google_com/gangda_workspace/agentic-world-model/data/ptb/results/claude_vertex_high_awm_claude-opus-5_1m__10h_gangda_wma_evolve_wma-gsm8k-gemma4b-high-r02-c-probe-before-fail-x4-v2_w08r04_formal_r8/gsm8k_google_gemma-3-4b-pt_91023/task/memory/cards/exp-09.yaml
w08r04,exp-10,rft,completed,1,2,1,3,0,True,8.0,0.32,4.88,149,1,30055.0,reject,True,"Completed non-probe full-parameter supervised fit; multi-epoch schedule counts one episode, not one per epoch. Endgame fit is short (82 or149steps) but completes its planned one-epoch scientific training; not a smoke.",/home/robtang_google_com/gangda_workspace/agentic-world-model/data/ptb/results/claude_vertex_high_awm_claude-opus-5_1m__10h_gangda_wma_evolve_wma-gsm8k-gemma4b-high-r02-c-probe-before-fail-x4-v2_w08r04_formal_r8/gsm8k_google_gemma-3-4b-pt_91023/task/memory/cards/exp-10.yaml
c10r01,exp-01,other,completed,0,0,0,0,0,,0.05,0.09,0.0,,,150.0,iterate,False,,/home/robtang_google_com/gangda_workspace/agentic-world-model/data/ptb/results/claude_vertex_high_awm_claude-opus-5_1m__10h_gangda_wma_evolve_wma-gsm8k-gemma4b-high-r02-ctl-x4-v2_c10r01_formal_r10/gsm8k_google_gemma-3-4b-pt_90998/task/memory/cards/exp-01.yaml
c10r01,exp-02,sft,completed,1,1,0,1,0,False,0.4,2.06,2.06,2423,1.0,155880.0,adopt,True,One full-intent supervised fit completed; intermediate checkpoints are not additional fits.,/home/robtang_google_com/gangda_workspace/agentic-world-model/data/ptb/results/claude_vertex_high_awm_claude-opus-5_1m__10h_gangda_wma_evolve_wma-gsm8k-gemma4b-high-r02-ctl-x4-v2_c10r01_formal_r10/gsm8k_google_gemma-3-4b-pt_90998/task/memory/cards/exp-02.yaml
c10r01,exp-03,decode-config,completed,0,1,0,1,0,,2.7,0.16,2.06,,,155880.0,adopt,False,,/home/robtang_google_com/gangda_workspace/agentic-world-model/data/ptb/results/claude_vertex_high_awm_claude-opus-5_1m__10h_gangda_wma_evolve_wma-gsm8k-gemma4b-high-r02-ctl-x4-v2_c10r01_formal_r10/gsm8k_google_gemma-3-4b-pt_90998/task/memory/cards/exp-03.yaml
c10r01,exp-04,rft,completed,1,1,1,2,0,True,4.8,1.29,3.35,1533,1.0,99197.0,adopt,True,One full-intent supervised fit completed; intermediate checkpoints are not additional fits.,/home/robtang_google_com/gangda_workspace/agentic-world-model/data/ptb/results/claude_vertex_high_awm_claude-opus-5_1m__10h_gangda_wma_evolve_wma-gsm8k-gemma4b-high-r02-ctl-x4-v2_c10r01_formal_r10/gsm8k_google_gemma-3-4b-pt_90998/task/memory/cards/exp-04.yaml
c10r01,exp-05,sft,failed,1,2,1,3,0,False,6.35,0.98,4.33,1245,1.0,80000.0,iterate,True,"FULL1245-step schedule completed; final GenerationConfig save failed and no usable weights. Count1 completed fit,0 artifact-success. Retried as exp-06.",/home/robtang_google_com/gangda_workspace/agentic-world-model/data/ptb/results/claude_vertex_high_awm_claude-opus-5_1m__10h_gangda_wma_evolve_wma-gsm8k-gemma4b-high-r02-ctl-x4-v2_c10r01_formal_r10/gsm8k_google_gemma-3-4b-pt_90998/task/memory/cards/exp-05.yaml
c10r01,exp-06,sft,completed,1,3,1,4,0,False,7.45,0.98,5.31,1245,1.0,80000.0,adopt,True,One full-intent supervised fit completed; intermediate checkpoints are not additional fits.,/home/robtang_google_com/gangda_workspace/agentic-world-model/data/ptb/results/claude_vertex_high_awm_claude-opus-5_1m__10h_gangda_wma_evolve_wma-gsm8k-gemma4b-high-r02-ctl-x4-v2_c10r01_formal_r10/gsm8k_google_gemma-3-4b-pt_90998/task/memory/cards/exp-06.yaml
c10r01,exp-07,merge,completed,0,3,1,4,0,,8.65,0.1,5.31,,,80000.0,adopt,False,,/home/robtang_google_com/gangda_workspace/agentic-world-model/data/ptb/results/claude_vertex_high_awm_claude-opus-5_1m__10h_gangda_wma_evolve_wma-gsm8k-gemma4b-high-r02-ctl-x4-v2_c10r01_formal_r10/gsm8k_google_gemma-3-4b-pt_90998/task/memory/cards/exp-07.yaml
c10r02,exp-01,other,completed,0,0,0,0,0,,0.05,0.13,0.0,,,150.0,adopt,False,,/home/robtang_google_com/gangda_workspace/agentic-world-model/data/ptb/results/claude_vertex_high_awm_claude-opus-5_1m__10h_gangda_wma_evolve_wma-gsm8k-gemma4b-high-r02-ctl-x4-v2_c10r02_formal_r10/gsm8k_google_gemma-3-4b-pt_90999/task/memory/cards/exp-01.yaml
c10r02,exp-02,sft,completed,1,1,0,1,0,False,0.45,2.14,2.14,439,1.0,177867.0,adopt,True,One full-intent supervised fit completed; intermediate checkpoints are not additional fits.,/home/robtang_google_com/gangda_workspace/agentic-world-model/data/ptb/results/claude_vertex_high_awm_claude-opus-5_1m__10h_gangda_wma_evolve_wma-gsm8k-gemma4b-high-r02-ctl-x4-v2_c10r02_formal_r10/gsm8k_google_gemma-3-4b-pt_90999/task/memory/cards/exp-02.yaml
c10r02,exp-03,decode-config,completed,0,1,0,1,0,,2.8,0.2,2.14,,,1.0,adopt,False,,/home/robtang_google_com/gangda_workspace/agentic-world-model/data/ptb/results/claude_vertex_high_awm_claude-opus-5_1m__10h_gangda_wma_evolve_wma-gsm8k-gemma4b-high-r02-ctl-x4-v2_c10r02_formal_r10/gsm8k_google_gemma-3-4b-pt_90999/task/memory/cards/exp-03.yaml
c10r02,exp-04,rft,completed,1,1,1,2,0,True,4.0,1.74,3.88,357,1.0,79964.0,reject,True,One full-intent supervised fit completed; intermediate checkpoints are not additional fits.,/home/robtang_google_com/gangda_workspace/agentic-world-model/data/ptb/results/claude_vertex_high_awm_claude-opus-5_1m__10h_gangda_wma_evolve_wma-gsm8k-gemma4b-high-r02-ctl-x4-v2_c10r02_formal_r10/gsm8k_google_gemma-3-4b-pt_90999/task/memory/cards/exp-04.yaml
c10r02,exp-05,sft,completed,1,2,1,3,0,True,6.15,1.15,5.03,230,1.0,32321.0,reject,True,"One full-intent supervised fit completed; intermediate checkpoints are not additional fits. Canonical family sft, but training targets are gold-majority-filtered self-sampled triple-attempt vote distillation; self_sample_mix=true.",/home/robtang_google_com/gangda_workspace/agentic-world-model/data/ptb/results/claude_vertex_high_awm_claude-opus-5_1m__10h_gangda_wma_evolve_wma-gsm8k-gemma4b-high-r02-ctl-x4-v2_c10r02_formal_r10/gsm8k_google_gemma-3-4b-pt_90999/task/memory/cards/exp-05.yaml
c10r02,exp-06,merge,completed,0,2,1,3,0,,7.65,0.35,5.03,,,1.0,adopt,False,,/home/robtang_google_com/gangda_workspace/agentic-world-model/data/ptb/results/claude_vertex_high_awm_claude-opus-5_1m__10h_gangda_wma_evolve_wma-gsm8k-gemma4b-high-r02-ctl-x4-v2_c10r02_formal_r10/gsm8k_google_gemma-3-4b-pt_90999/task/memory/cards/exp-06.yaml
c10r02,exp-07,other,completed,0,2,1,3,0,,7.9,0.3,5.03,,,1.0,adopt,False,,/home/robtang_google_com/gangda_workspace/agentic-world-model/data/ptb/results/claude_vertex_high_awm_claude-opus-5_1m__10h_gangda_wma_evolve_wma-gsm8k-gemma4b-high-r02-ctl-x4-v2_c10r02_formal_r10/gsm8k_google_gemma-3-4b-pt_90999/task/memory/cards/exp-07.yaml
c10r02,exp-08,merge,completed,0,2,1,3,0,,7.95,0.33,5.03,,,1.0,reject,False,,/home/robtang_google_com/gangda_workspace/agentic-world-model/data/ptb/results/claude_vertex_high_awm_claude-opus-5_1m__10h_gangda_wma_evolve_wma-gsm8k-gemma4b-high-r02-ctl-x4-v2_c10r02_formal_r10/gsm8k_google_gemma-3-4b-pt_90999/task/memory/cards/exp-08.yaml
c10r03,exp-01,other,completed,0,0,0,0,0,,0.3,0.12,0.0,,,150.0,adopt,False,,/home/robtang_google_com/gangda_workspace/agentic-world-model/data/ptb/results/claude_vertex_high_awm_claude-opus-5_1m__10h_gangda_wma_evolve_wma-gsm8k-gemma4b-high-r02-ctl-x4-v2_c10r03_formal_r10/gsm8k_google_gemma-3-4b-pt_91000/task/memory/cards/exp-01.yaml
c10r03,exp-02,sft,completed,1,1,0,1,0,False,0.47,1.98,1.98,1078,2,66973.0,adopt,True,One full-intent supervised fit completed; intermediate checkpoints are not additional fits.,/home/robtang_google_com/gangda_workspace/agentic-world-model/data/ptb/results/claude_vertex_high_awm_claude-opus-5_1m__10h_gangda_wma_evolve_wma-gsm8k-gemma4b-high-r02-ctl-x4-v2_c10r03_formal_r10/gsm8k_google_gemma-3-4b-pt_91000/task/memory/cards/exp-02.yaml
c10r03,exp-03,rft,completed,1,1,1,2,0,True,3.6,2.63,4.61,1478,2,93114.0,iterate,True,"One full-intent supervised fit completed; intermediate checkpoints are not additional fits. RFT-labeled mixed-data fit starts from BASE, not from the sampling parent.",/home/robtang_google_com/gangda_workspace/agentic-world-model/data/ptb/results/claude_vertex_high_awm_claude-opus-5_1m__10h_gangda_wma_evolve_wma-gsm8k-gemma4b-high-r02-ctl-x4-v2_c10r03_formal_r10/gsm8k_google_gemma-3-4b-pt_91000/task/memory/cards/exp-03.yaml
c10r03,exp-04,merge,completed,0,1,1,2,0,,6.8,0.35,4.61,,,93114.0,adopt,False,,/home/robtang_google_com/gangda_workspace/agentic-world-model/data/ptb/results/claude_vertex_high_awm_claude-opus-5_1m__10h_gangda_wma_evolve_wma-gsm8k-gemma4b-high-r02-ctl-x4-v2_c10r03_formal_r10/gsm8k_google_gemma-3-4b-pt_91000/task/memory/cards/exp-04.yaml
c10r03,exp-05,merge,completed,0,1,1,2,0,,7.0,0.35,4.61,,,500.0,reject,False,,/home/robtang_google_com/gangda_workspace/agentic-world-model/data/ptb/results/claude_vertex_high_awm_claude-opus-5_1m__10h_gangda_wma_evolve_wma-gsm8k-gemma4b-high-r02-ctl-x4-v2_c10r03_formal_r10/gsm8k_google_gemma-3-4b-pt_91000/task/memory/cards/exp-05.yaml
c10r03,exp-06,merge,completed,0,1,1,2,0,,7.4,0.3,4.61,,,500.0,reject,False,,/home/robtang_google_com/gangda_workspace/agentic-world-model/data/ptb/results/claude_vertex_high_awm_claude-opus-5_1m__10h_gangda_wma_evolve_wma-gsm8k-gemma4b-high-r02-ctl-x4-v2_c10r03_formal_r10/gsm8k_google_gemma-3-4b-pt_91000/task/memory/cards/exp-06.yaml
c10r03,exp-07,other,completed,0,1,1,2,0,,7.9,0.45,4.61,,,1319.0,adopt,False,,/home/robtang_google_com/gangda_workspace/agentic-world-model/data/ptb/results/claude_vertex_high_awm_claude-opus-5_1m__10h_gangda_wma_evolve_wma-gsm8k-gemma4b-high-r02-ctl-x4-v2_c10r03_formal_r10/gsm8k_google_gemma-3-4b-pt_91000/task/memory/cards/exp-07.yaml
c10r04,exp-01,other,completed,0,0,0,0,0,,0.3,0.1,0.0,,,200.0,adopt,False,,/home/robtang_google_com/gangda_workspace/agentic-world-model/data/ptb/results/claude_vertex_high_awm_claude-opus-5_1m__10h_gangda_wma_evolve_wma-gsm8k-gemma4b-high-r02-ctl-x4-v2_c10r04_formal_r10/gsm8k_google_gemma-3-4b-pt_91001/task/memory/cards/exp-01.yaml
c10r04,exp-02,sft,completed,1,1,0,1,0,False,0.5,2.6,2.6,2512,2,40173.0,adopt,True,One full-intent supervised fit completed; intermediate checkpoints are not additional fits.,/home/robtang_google_com/gangda_workspace/agentic-world-model/data/ptb/results/claude_vertex_high_awm_claude-opus-5_1m__10h_gangda_wma_evolve_wma-gsm8k-gemma4b-high-r02-ctl-x4-v2_c10r04_formal_r10/gsm8k_google_gemma-3-4b-pt_91001/task/memory/cards/exp-02.yaml
c10r04,exp-03,sft,completed,1,2,0,2,0,False,3.0,2.3,4.9,1704,1,107173.0,reject,True,One full-intent supervised fit completed; intermediate checkpoints are not additional fits.,/home/robtang_google_com/gangda_workspace/agentic-world-model/data/ptb/results/claude_vertex_high_awm_claude-opus-5_1m__10h_gangda_wma_evolve_wma-gsm8k-gemma4b-high-r02-ctl-x4-v2_c10r04_formal_r10/gsm8k_google_gemma-3-4b-pt_91001/task/memory/cards/exp-03.yaml
c10r04,exp-04,merge,completed,0,2,0,2,0,,5.9,0.3,4.9,,,200.0,reject,False,,/home/robtang_google_com/gangda_workspace/agentic-world-model/data/ptb/results/claude_vertex_high_awm_claude-opus-5_1m__10h_gangda_wma_evolve_wma-gsm8k-gemma4b-high-r02-ctl-x4-v2_c10r04_formal_r10/gsm8k_google_gemma-3-4b-pt_91001/task/memory/cards/exp-04.yaml
c10r04,exp-05,rft,completed,2,2,2,4,0,True,6.1,1.5,6.4,636,2,21262.0,reject,True,"TWO full-intent supervised fits under ONE card: first reached final save after training and lost weights; second repeats same2epoch schedule and saves. First failure misleadingly recorded under situation.smoke_runs. Claimed36min conflicts with actual timeline20:28launch,21:16epoch1.824,21:19finaldir; do not use36min as measured cost.",/home/robtang_google_com/gangda_workspace/agentic-world-model/data/ptb/results/claude_vertex_high_awm_claude-opus-5_1m__10h_gangda_wma_evolve_wma-gsm8k-gemma4b-high-r02-ctl-x4-v2_c10r04_formal_r10/gsm8k_google_gemma-3-4b-pt_91001/task/memory/cards/exp-05.yaml
c10r04,exp-06,other,completed,0,2,2,4,0,,8.0,0.45,6.4,,,200.0,adopt,False,,/home/robtang_google_com/gangda_workspace/agentic-world-model/data/ptb/results/claude_vertex_high_awm_claude-opus-5_1m__10h_gangda_wma_evolve_wma-gsm8k-gemma4b-high-r02-ctl-x4-v2_c10r04_formal_r10/gsm8k_google_gemma-3-4b-pt_91001/task/memory/cards/exp-06.yaml
c10r04,exp-07,other,completed,0,2,2,4,0,,8.5,0.5,6.4,,,200.0,reject,False,,/home/robtang_google_com/gangda_workspace/agentic-world-model/data/ptb/results/claude_vertex_high_awm_claude-opus-5_1m__10h_gangda_wma_evolve_wma-gsm8k-gemma4b-high-r02-ctl-x4-v2_c10r04_formal_r10/gsm8k_google_gemma-3-4b-pt_91001/task/memory/cards/exp-07.yaml
w09r01,exp-01,other,completed,0,0,0,0,0,,0.1,0.13,0.0,,,150.0,iterate,True,,/home/robtang_google_com/gangda_workspace/agentic-world-model/data/ptb/results/claude_vertex_high_awm_claude-opus-5_1m__10h_gangda_wma_evolve_wma-gsm8k-gemma4b-high-r02-d-checkpoint-precondition-x4-v2_w09r01_formal_r9/gsm8k_google_gemma-3-4b-pt_91024/task/memory/cards/exp-01.yaml
w09r01,exp-02,sft,completed,1,1,0,1,0,False,0.6,0.73,0.73,1313,1.0,77000.0,adopt,True,"Completed non-probe full-parameter supervised fit; multi-epoch schedule counts one episode, not one per epoch.",/home/robtang_google_com/gangda_workspace/agentic-world-model/data/ptb/results/claude_vertex_high_awm_claude-opus-5_1m__10h_gangda_wma_evolve_wma-gsm8k-gemma4b-high-r02-d-checkpoint-precondition-x4-v2_w09r01_formal_r9/gsm8k_google_gemma-3-4b-pt_91024/task/memory/cards/exp-02.yaml
w09r01,exp-03,decode-config,completed,0,1,0,1,0,,1.6,0.12,0.73,,,77000.0,adopt,True,,/home/robtang_google_com/gangda_workspace/agentic-world-model/data/ptb/results/claude_vertex_high_awm_claude-opus-5_1m__10h_gangda_wma_evolve_wma-gsm8k-gemma4b-high-r02-d-checkpoint-precondition-x4-v2_w09r01_formal_r9/gsm8k_google_gemma-3-4b-pt_91024/task/memory/cards/exp-03.yaml
w09r01,exp-04,sft,completed,1,2,0,2,0,False,1.9,2.45,3.18,4469,1.0,143000.0,adopt,True,"Completed non-probe full-parameter supervised fit; multi-epoch schedule counts one episode, not one per epoch.",/home/robtang_google_com/gangda_workspace/agentic-world-model/data/ptb/results/claude_vertex_high_awm_claude-opus-5_1m__10h_gangda_wma_evolve_wma-gsm8k-gemma4b-high-r02-d-checkpoint-precondition-x4-v2_w09r01_formal_r9/gsm8k_google_gemma-3-4b-pt_91024/task/memory/cards/exp-04.yaml
w09r01,exp-05,rft,completed,1,2,1,3,0,True,5.7,1.21,4.39,2145,1.0,68922.0,adopt,True,"Completed non-probe full-parameter supervised fit; multi-epoch schedule counts one episode, not one per epoch.",/home/robtang_google_com/gangda_workspace/agentic-world-model/data/ptb/results/claude_vertex_high_awm_claude-opus-5_1m__10h_gangda_wma_evolve_wma-gsm8k-gemma4b-high-r02-d-checkpoint-precondition-x4-v2_w09r01_formal_r9/gsm8k_google_gemma-3-4b-pt_91024/task/memory/cards/exp-05.yaml
w09r01,exp-06,merge,completed,0,2,1,3,0,,7.7,0.35,4.39,,,68922.0,reject,True,,/home/robtang_google_com/gangda_workspace/agentic-world-model/data/ptb/results/claude_vertex_high_awm_claude-opus-5_1m__10h_gangda_wma_evolve_wma-gsm8k-gemma4b-high-r02-d-checkpoint-precondition-x4-v2_w09r01_formal_r9/gsm8k_google_gemma-3-4b-pt_91024/task/memory/cards/exp-06.yaml
w09r02,exp-01,other,completed,0,0,0,0,0,,0.05,0.09,0.0,,,150.0,iterate,True,,/home/robtang_google_com/gangda_workspace/agentic-world-model/data/ptb/results/claude_vertex_high_awm_claude-opus-5_1m__10h_gangda_wma_evolve_wma-gsm8k-gemma4b-high-r02-d-checkpoint-precondition-x4-v2_w09r02_formal_r9/gsm8k_google_gemma-3-4b-pt_91025/task/memory/cards/exp-01.yaml
w09r02,exp-02,sft,completed,1,1,0,1,0,False,0.33,1.22,1.22,743,1.0,67472.0,adopt,True,"Completed non-probe full-parameter supervised fit; multi-epoch schedule counts one episode, not one per epoch.",/home/robtang_google_com/gangda_workspace/agentic-world-model/data/ptb/results/claude_vertex_high_awm_claude-opus-5_1m__10h_gangda_wma_evolve_wma-gsm8k-gemma4b-high-r02-d-checkpoint-precondition-x4-v2_w09r02_formal_r9/gsm8k_google_gemma-3-4b-pt_91025/task/memory/cards/exp-02.yaml
w09r02,exp-03,sft,completed,1,2,0,2,0,False,2.25,2.55,3.77,1580,1.0,141914.0,adopt,True,"Completed non-probe full-parameter supervised fit; multi-epoch schedule counts one episode, not one per epoch.",/home/robtang_google_com/gangda_workspace/agentic-world-model/data/ptb/results/claude_vertex_high_awm_claude-opus-5_1m__10h_gangda_wma_evolve_wma-gsm8k-gemma4b-high-r02-d-checkpoint-precondition-x4-v2_w09r02_formal_r9/gsm8k_google_gemma-3-4b-pt_91025/task/memory/cards/exp-03.yaml
w09r02,exp-04,rft,completed,1,2,1,3,1,True,5.5,0.35,4.12,196,1.0,21818.0,iterate,True,"Completed non-probe full-parameter supervised fit; multi-epoch schedule counts one episode, not one per epoch.",/home/robtang_google_com/gangda_workspace/agentic-world-model/data/ptb/results/claude_vertex_high_awm_claude-opus-5_1m__10h_gangda_wma_evolve_wma-gsm8k-gemma4b-high-r02-d-checkpoint-precondition-x4-v2_w09r02_formal_r9/gsm8k_google_gemma-3-4b-pt_91025/task/memory/cards/exp-04.yaml
w09r02,exp-05,merge,completed,0,2,1,3,0,,7.1,0.35,4.12,,,500.0,reject,True,,/home/robtang_google_com/gangda_workspace/agentic-world-model/data/ptb/results/claude_vertex_high_awm_claude-opus-5_1m__10h_gangda_wma_evolve_wma-gsm8k-gemma4b-high-r02-d-checkpoint-precondition-x4-v2_w09r02_formal_r9/gsm8k_google_gemma-3-4b-pt_91025/task/memory/cards/exp-05.yaml
w09r02,exp-06,rft,completed,1,2,2,4,0,True,7.7,0.34,4.46,188,1.0,20991.0,reject,True,"Completed non-probe full-parameter supervised fit; multi-epoch schedule counts one episode, not one per epoch.",/home/robtang_google_com/gangda_workspace/agentic-world-model/data/ptb/results/claude_vertex_high_awm_claude-opus-5_1m__10h_gangda_wma_evolve_wma-gsm8k-gemma4b-high-r02-d-checkpoint-precondition-x4-v2_w09r02_formal_r9/gsm8k_google_gemma-3-4b-pt_91025/task/memory/cards/exp-06.yaml
w09r03,exp-01,other,completed,0,0,0,0,0,,0.15,0.06,0.0,,,1.0,adopt,True,,/home/robtang_google_com/gangda_workspace/agentic-world-model/data/ptb/results/claude_vertex_high_awm_claude-opus-5_1m__10h_gangda_wma_evolve_wma-gsm8k-gemma4b-high-r02-d-checkpoint-precondition-x4-v2_w09r03_formal_r9/gsm8k_google_gemma-3-4b-pt_91026/task/memory/cards/exp-01.yaml
w09r03,exp-02,sft,completed,1,1,0,1,0,False,0.85,1.98,1.98,4686,2,74946.0,adopt,True,"Completed non-probe full-parameter supervised fit; multi-epoch schedule counts one episode, not one per epoch.",/home/robtang_google_com/gangda_workspace/agentic-world-model/data/ptb/results/claude_vertex_high_awm_claude-opus-5_1m__10h_gangda_wma_evolve_wma-gsm8k-gemma4b-high-r02-d-checkpoint-precondition-x4-v2_w09r03_formal_r9/gsm8k_google_gemma-3-4b-pt_91026/task/memory/cards/exp-02.yaml
w09r03,exp-03,decode-config,completed,0,1,0,1,0,,3.15,0.25,1.98,,,1.0,adopt,True,,/home/robtang_google_com/gangda_workspace/agentic-world-model/data/ptb/results/claude_vertex_high_awm_claude-opus-5_1m__10h_gangda_wma_evolve_wma-gsm8k-gemma4b-high-r02-d-checkpoint-precondition-x4-v2_w09r03_formal_r9/gsm8k_google_gemma-3-4b-pt_91026/task/memory/cards/exp-03.yaml
w09r03,exp-04,rft,completed,1,1,1,2,0,True,4.0,0.49,2.47,1484,1,47480.0,reject,True,"Completed non-probe full-parameter supervised fit; multi-epoch schedule counts one episode, not one per epoch.",/home/robtang_google_com/gangda_workspace/agentic-world-model/data/ptb/results/claude_vertex_high_awm_claude-opus-5_1m__10h_gangda_wma_evolve_wma-gsm8k-gemma4b-high-r02-d-checkpoint-precondition-x4-v2_w09r03_formal_r9/gsm8k_google_gemma-3-4b-pt_91026/task/memory/cards/exp-04.yaml
w09r03,exp-05,sft,completed,1,2,1,3,0,True,5.0,1.49,3.96,3826,1,122426.0,reject,True,"Card source concatenates 74946 external OMI/GSM8K rows and 47480 verified self samples, despite family=sft.",/home/robtang_google_com/gangda_workspace/agentic-world-model/data/ptb/results/claude_vertex_high_awm_claude-opus-5_1m__10h_gangda_wma_evolve_wma-gsm8k-gemma4b-high-r02-d-checkpoint-precondition-x4-v2_w09r03_formal_r9/gsm8k_google_gemma-3-4b-pt_91026/task/memory/cards/exp-05.yaml
w09r03,exp-06,merge,completed,0,2,1,3,0,,5.3,0.15,3.96,,,1.0,reject,True,,/home/robtang_google_com/gangda_workspace/agentic-world-model/data/ptb/results/claude_vertex_high_awm_claude-opus-5_1m__10h_gangda_wma_evolve_wma-gsm8k-gemma4b-high-r02-d-checkpoint-precondition-x4-v2_w09r03_formal_r9/gsm8k_google_gemma-3-4b-pt_91026/task/memory/cards/exp-06.yaml
w09r03,exp-07,other,completed,0,2,1,3,0,,7.5,0.13,3.96,,,1.0,adopt,True,,/home/robtang_google_com/gangda_workspace/agentic-world-model/data/ptb/results/claude_vertex_high_awm_claude-opus-5_1m__10h_gangda_wma_evolve_wma-gsm8k-gemma4b-high-r02-d-checkpoint-precondition-x4-v2_w09r03_formal_r9/gsm8k_google_gemma-3-4b-pt_91026/task/memory/cards/exp-07.yaml
w09r03,exp-08,other,completed,0,2,1,3,0,,7.6,0.5,3.96,,,1.0,adopt,True,,/home/robtang_google_com/gangda_workspace/agentic-world-model/data/ptb/results/claude_vertex_high_awm_claude-opus-5_1m__10h_gangda_wma_evolve_wma-gsm8k-gemma4b-high-r02-d-checkpoint-precondition-x4-v2_w09r03_formal_r9/gsm8k_google_gemma-3-4b-pt_91026/task/memory/cards/exp-08.yaml
w10r01,exp-01,other,completed,0,0,0,0,0,,0.05,0.42,0.0,,,300.0,iterate,False,,/home/robtang_google_com/gangda_workspace/agentic-world-model/data/ptb/results/claude_vertex_high_awm_claude-opus-5_1m__10h_gangda_wma_evolve_wma-gsm8k-gemma4b-high-r02-v02-baseline-x4-v2_w10r01_formal_r10/gsm8k_google_gemma-3-4b-pt_90982/task/memory/cards/exp-01.yaml
w10r01,exp-02,sft,completed,1,1,0,1,0,False,0.6,1.79,1.79,3546,2,56785.0,adopt,True,One full-intent supervised fit completed; intermediate checkpoints are not additional fits.,/home/robtang_google_com/gangda_workspace/agentic-world-model/data/ptb/results/claude_vertex_high_awm_claude-opus-5_1m__10h_gangda_wma_evolve_wma-gsm8k-gemma4b-high-r02-v02-baseline-x4-v2_w10r01_formal_r10/gsm8k_google_gemma-3-4b-pt_90982/task/memory/cards/exp-02.yaml
w10r01,exp-03,sft,completed,1,2,0,2,0,False,3.4,0.6,2.39,250,1,8000.0,adopt,True,One full-intent supervised fit completed; intermediate checkpoints are not additional fits.,/home/robtang_google_com/gangda_workspace/agentic-world-model/data/ptb/results/claude_vertex_high_awm_claude-opus-5_1m__10h_gangda_wma_evolve_wma-gsm8k-gemma4b-high-r02-v02-baseline-x4-v2_w10r01_formal_r10/gsm8k_google_gemma-3-4b-pt_90982/task/memory/cards/exp-03.yaml
w10r01,exp-04,rft,completed,1,2,1,3,0,True,5.5,0.87,3.26,381,1,12184.0,adopt,True,One full-intent supervised fit completed; intermediate checkpoints are not additional fits.,/home/robtang_google_com/gangda_workspace/agentic-world-model/data/ptb/results/claude_vertex_high_awm_claude-opus-5_1m__10h_gangda_wma_evolve_wma-gsm8k-gemma4b-high-r02-v02-baseline-x4-v2_w10r01_formal_r10/gsm8k_google_gemma-3-4b-pt_90982/task/memory/cards/exp-04.yaml
w10r01,exp-05,other,completed,0,2,1,3,0,,7.2,0.55,3.26,,,150.0,adopt,False,,/home/robtang_google_com/gangda_workspace/agentic-world-model/data/ptb/results/claude_vertex_high_awm_claude-opus-5_1m__10h_gangda_wma_evolve_wma-gsm8k-gemma4b-high-r02-v02-baseline-x4-v2_w10r01_formal_r10/gsm8k_google_gemma-3-4b-pt_90982/task/memory/cards/exp-05.yaml
w10r01,exp-06,other,completed,0,2,1,3,0,,7.6,0.33,3.26,,,150.0,adopt,False,,/home/robtang_google_com/gangda_workspace/agentic-world-model/data/ptb/results/claude_vertex_high_awm_claude-opus-5_1m__10h_gangda_wma_evolve_wma-gsm8k-gemma4b-high-r02-v02-baseline-x4-v2_w10r01_formal_r10/gsm8k_google_gemma-3-4b-pt_90982/task/memory/cards/exp-06.yaml
w10r01,exp-07,merge,completed,0,2,1,3,0,,8.1,0.28,3.26,,,150.0,adopt,False,,/home/robtang_google_com/gangda_workspace/agentic-world-model/data/ptb/results/claude_vertex_high_awm_claude-opus-5_1m__10h_gangda_wma_evolve_wma-gsm8k-gemma4b-high-r02-v02-baseline-x4-v2_w10r01_formal_r10/gsm8k_google_gemma-3-4b-pt_90982/task/memory/cards/exp-07.yaml
w10r01,exp-08,other,completed,0,2,1,3,0,,8.4,0.42,3.26,,,150.0,adopt,False,,/home/robtang_google_com/gangda_workspace/agentic-world-model/data/ptb/results/claude_vertex_high_awm_claude-opus-5_1m__10h_gangda_wma_evolve_wma-gsm8k-gemma4b-high-r02-v02-baseline-x4-v2_w10r01_formal_r10/gsm8k_google_gemma-3-4b-pt_90982/task/memory/cards/exp-08.yaml
w10r02,exp-01,other,completed,0,0,0,0,0,,0.1,0.07,0.0,,,150.0,iterate,False,,/home/robtang_google_com/gangda_workspace/agentic-world-model/data/ptb/results/claude_vertex_high_awm_claude-opus-5_1m__10h_gangda_wma_evolve_wma-gsm8k-gemma4b-high-r02-v02-baseline-x4-v2_w10r02_formal_r10/gsm8k_google_gemma-3-4b-pt_90983/task/memory/cards/exp-01.yaml
w10r02,exp-02,sft,completed,1,1,0,1,0,False,0.5,1.03,1.03,1293,1.0,83473.0,adopt,True,One full-intent supervised fit completed; intermediate checkpoints are not additional fits.,/home/robtang_google_com/gangda_workspace/agentic-world-model/data/ptb/results/claude_vertex_high_awm_claude-opus-5_1m__10h_gangda_wma_evolve_wma-gsm8k-gemma4b-high-r02-v02-baseline-x4-v2_w10r02_formal_r10/gsm8k_google_gemma-3-4b-pt_90983/task/memory/cards/exp-02.yaml
w10r02,exp-03,rft,completed,1,1,1,2,0,True,3.4,1.33,2.36,1757,1.0,113165.0,iterate,True,"One full-intent supervised fit completed; intermediate checkpoints are not additional fits. RFT-labeled mixed-data fit starts from BASE, not from the sampling parent.",/home/robtang_google_com/gangda_workspace/agentic-world-model/data/ptb/results/claude_vertex_high_awm_claude-opus-5_1m__10h_gangda_wma_evolve_wma-gsm8k-gemma4b-high-r02-v02-baseline-x4-v2_w10r02_formal_r10/gsm8k_google_gemma-3-4b-pt_90983/task/memory/cards/exp-03.yaml
w10r02,exp-04,merge,completed,0,1,1,2,0,,5.4,1.1,2.36,,,113165.0,adopt,False,,/home/robtang_google_com/gangda_workspace/agentic-world-model/data/ptb/results/claude_vertex_high_awm_claude-opus-5_1m__10h_gangda_wma_evolve_wma-gsm8k-gemma4b-high-r02-v02-baseline-x4-v2_w10r02_formal_r10/gsm8k_google_gemma-3-4b-pt_90983/task/memory/cards/exp-04.yaml
w10r02,exp-05,decode-config,completed,0,1,1,2,0,,6.3,0.25,2.36,,,113165.0,reject,False,,/home/robtang_google_com/gangda_workspace/agentic-world-model/data/ptb/results/claude_vertex_high_awm_claude-opus-5_1m__10h_gangda_wma_evolve_wma-gsm8k-gemma4b-high-r02-v02-baseline-x4-v2_w10r02_formal_r10/gsm8k_google_gemma-3-4b-pt_90983/task/memory/cards/exp-05.yaml
w10r02,exp-06,sft,completed,1,2,1,3,0,False,6.5,2.07,4.43,2586,2.0,83473.0,adopt,True,One full-intent supervised fit completed; intermediate checkpoints are not additional fits.,/home/robtang_google_com/gangda_workspace/agentic-world-model/data/ptb/results/claude_vertex_high_awm_claude-opus-5_1m__10h_gangda_wma_evolve_wma-gsm8k-gemma4b-high-r02-v02-baseline-x4-v2_w10r02_formal_r10/gsm8k_google_gemma-3-4b-pt_90983/task/memory/cards/exp-06.yaml
w10r02,exp-07,other,completed,0,2,1,3,0,,8.9,0.1,4.43,,,83473.0,adopt,False,,/home/robtang_google_com/gangda_workspace/agentic-world-model/data/ptb/results/claude_vertex_high_awm_claude-opus-5_1m__10h_gangda_wma_evolve_wma-gsm8k-gemma4b-high-r02-v02-baseline-x4-v2_w10r02_formal_r10/gsm8k_google_gemma-3-4b-pt_90983/task/memory/cards/exp-07.yaml
w10r03,exp-01,other,completed,0,0,0,0,0,,0.35,0.07,0.0,,,150.0,iterate,False,,/home/robtang_google_com/gangda_workspace/agentic-world-model/data/ptb/results/claude_vertex_high_awm_claude-opus-5_1m__10h_gangda_wma_evolve_wma-gsm8k-gemma4b-high-r02-v02-baseline-x4-v2_w10r03_formal_r10/gsm8k_google_gemma-3-4b-pt_90984/task/memory/cards/exp-01.yaml
w10r03,exp-02,sft,completed,1,1,0,1,1,False,0.45,1.91,1.91,2636,2,84346.0,adopt,True,"First formal launch bs64 OOM151/2636 (~.15h), then restarted bs32 and completed2636steps. Count1 completed fit +1 aborted full-intent; not2 completed fits.",/home/robtang_google_com/gangda_workspace/agentic-world-model/data/ptb/results/claude_vertex_high_awm_claude-opus-5_1m__10h_gangda_wma_evolve_wma-gsm8k-gemma4b-high-r02-v02-baseline-x4-v2_w10r03_formal_r10/gsm8k_google_gemma-3-4b-pt_90984/task/memory/cards/exp-02.yaml
w10r03,exp-03,decode-config,completed,0,1,0,1,0,,3.17,0.13,1.91,,,84346.0,adopt,False,,/home/robtang_google_com/gangda_workspace/agentic-world-model/data/ptb/results/claude_vertex_high_awm_claude-opus-5_1m__10h_gangda_wma_evolve_wma-gsm8k-gemma4b-high-r02-v02-baseline-x4-v2_w10r03_formal_r10/gsm8k_google_gemma-3-4b-pt_90984/task/memory/cards/exp-03.yaml
w10r03,exp-04,sft,completed,1,2,0,2,0,False,3.4,1.48,3.39,2082,1,133198.0,adopt,True,One full-intent supervised fit completed; intermediate checkpoints are not additional fits.,/home/robtang_google_com/gangda_workspace/agentic-world-model/data/ptb/results/claude_vertex_high_awm_claude-opus-5_1m__10h_gangda_wma_evolve_wma-gsm8k-gemma4b-high-r02-v02-baseline-x4-v2_w10r03_formal_r10/gsm8k_google_gemma-3-4b-pt_90984/task/memory/cards/exp-04.yaml
w10r03,exp-05,sft,completed,1,3,0,3,0,False,5.3,1.44,4.83,2032,1,130000.0,reject,True,One full-intent supervised fit completed; intermediate checkpoints are not additional fits.,/home/robtang_google_com/gangda_workspace/agentic-world-model/data/ptb/results/claude_vertex_high_awm_claude-opus-5_1m__10h_gangda_wma_evolve_wma-gsm8k-gemma4b-high-r02-v02-baseline-x4-v2_w10r03_formal_r10/gsm8k_google_gemma-3-4b-pt_90984/task/memory/cards/exp-05.yaml
w10r03,exp-06,merge,completed,0,3,0,3,0,,5.8,0.22,4.83,,,133198.0,reject,False,,/home/robtang_google_com/gangda_workspace/agentic-world-model/data/ptb/results/claude_vertex_high_awm_claude-opus-5_1m__10h_gangda_wma_evolve_wma-gsm8k-gemma4b-high-r02-v02-baseline-x4-v2_w10r03_formal_r10/gsm8k_google_gemma-3-4b-pt_90984/task/memory/cards/exp-06.yaml
w10r03,exp-07,other,completed,0,3,0,3,0,,7.1,0.62,4.83,,,133198.0,adopt,False,,/home/robtang_google_com/gangda_workspace/agentic-world-model/data/ptb/results/claude_vertex_high_awm_claude-opus-5_1m__10h_gangda_wma_evolve_wma-gsm8k-gemma4b-high-r02-v02-baseline-x4-v2_w10r03_formal_r10/gsm8k_google_gemma-3-4b-pt_90984/task/memory/cards/exp-07.yaml
w10r03,exp-08,other,completed,0,3,0,3,0,,7.4,0.2,4.83,,,130000.0,adopt,False,,/home/robtang_google_com/gangda_workspace/agentic-world-model/data/ptb/results/claude_vertex_high_awm_claude-opus-5_1m__10h_gangda_wma_evolve_wma-gsm8k-gemma4b-high-r02-v02-baseline-x4-v2_w10r03_formal_r10/gsm8k_google_gemma-3-4b-pt_90984/task/memory/cards/exp-08.yaml
w10r03,exp-09,merge,completed,0,3,0,3,0,,7.6,0.4,4.83,,,130000.0,reject,False,,/home/robtang_google_com/gangda_workspace/agentic-world-model/data/ptb/results/claude_vertex_high_awm_claude-opus-5_1m__10h_gangda_wma_evolve_wma-gsm8k-gemma4b-high-r02-v02-baseline-x4-v2_w10r03_formal_r10/gsm8k_google_gemma-3-4b-pt_90984/task/memory/cards/exp-09.yaml
w10r04,exp-01,other,completed,0,0,0,0,0,,0.2,0.08,0.0,,,1.0,adopt,False,,/home/robtang_google_com/gangda_workspace/agentic-world-model/data/ptb/results/claude_vertex_high_awm_claude-opus-5_1m__10h_gangda_wma_evolve_wma-gsm8k-gemma4b-high-r02-v02-baseline-x4-v2_w10r04_formal_r10/gsm8k_google_gemma-3-4b-pt_90985/task/memory/cards/exp-01.yaml
w10r04,exp-02,sft,completed,1,1,0,1,0,False,0.75,1.41,1.41,1320,2,69146.0,adopt,True,One full-intent supervised fit completed; intermediate checkpoints are not additional fits.,/home/robtang_google_com/gangda_workspace/agentic-world-model/data/ptb/results/claude_vertex_high_awm_claude-opus-5_1m__10h_gangda_wma_evolve_wma-gsm8k-gemma4b-high-r02-v02-baseline-x4-v2_w10r04_formal_r10/gsm8k_google_gemma-3-4b-pt_90985/task/memory/cards/exp-02.yaml
w10r04,exp-03,rft,completed,1,1,1,2,0,True,3.1,0.4,1.81,371,1,40766.0,iterate,True,One full-intent supervised fit completed; intermediate checkpoints are not additional fits.,/home/robtang_google_com/gangda_workspace/agentic-world-model/data/ptb/results/claude_vertex_high_awm_claude-opus-5_1m__10h_gangda_wma_evolve_wma-gsm8k-gemma4b-high-r02-v02-baseline-x4-v2_w10r04_formal_r10/gsm8k_google_gemma-3-4b-pt_90985/task/memory/cards/exp-03.yaml
w10r04,exp-04,sft,completed,1,2,1,3,0,True,4.05,1.97,3.78,1859,1.5,110912.0,adopt,True,"One full-intent supervised fit completed; intermediate checkpoints are not additional fits. Canonical sft includes25,766 verified self-generated rows /110,912total; keep canonical family and flag mixture.",/home/robtang_google_com/gangda_workspace/agentic-world-model/data/ptb/results/claude_vertex_high_awm_claude-opus-5_1m__10h_gangda_wma_evolve_wma-gsm8k-gemma4b-high-r02-v02-baseline-x4-v2_w10r04_formal_r10/gsm8k_google_gemma-3-4b-pt_90985/task/memory/cards/exp-04.yaml
w10r04,exp-05,merge,completed,0,2,1,3,0,,6.5,0.25,3.78,,,2.0,adopt,False,,/home/robtang_google_com/gangda_workspace/agentic-world-model/data/ptb/results/claude_vertex_high_awm_claude-opus-5_1m__10h_gangda_wma_evolve_wma-gsm8k-gemma4b-high-r02-v02-baseline-x4-v2_w10r04_formal_r10/gsm8k_google_gemma-3-4b-pt_90985/task/memory/cards/exp-05.yaml
w10r04,exp-06,sft,completed,1,3,1,4,0,False,6.9,0.72,4.5,676,1,57000.0,reject,True,One full-intent supervised fit completed; intermediate checkpoints are not additional fits.,/home/robtang_google_com/gangda_workspace/agentic-world-model/data/ptb/results/claude_vertex_high_awm_claude-opus-5_1m__10h_gangda_wma_evolve_wma-gsm8k-gemma4b-high-r02-v02-baseline-x4-v2_w10r04_formal_r10/gsm8k_google_gemma-3-4b-pt_90985/task/memory/cards/exp-06.yaml
