=== System Monitor Started (interval: 60s) ===
Start time: 2026-09-04 15:33:58 UTC

--- 2026-09-04 15:33:58 UTC ---
[GPU]
0, 1 %, 0 %, 0 MiB, 81559 MiB, 29, 98.16 W
[GPU Processes]
[CPU]
 15:33:58 up 22 days, 14:37,  0 users,  load average: 6.93, 6.84, 6.97
[Memory]
Mem:           1.8Ti        50Gi       386Gi       1.7Gi       1.4Ti       1.7Ti
Swap:             0B          0B          0B
[Disk]
/dev/md127      5.9T  908G  5.0T  16% /home/ben
  Task dir: 60K

--- 2026-09-04 15:34:59 UTC ---
[GPU]
0, 0 %, 0 %, 0 MiB, 81559 MiB, 28, 66.67 W
[GPU Processes]
[CPU]
 15:34:59 up 22 days, 14:38,  0 users,  load average: 7.35, 6.96, 7.00
[Memory]
Mem:           1.8Ti        52Gi       374Gi       1.9Gi       1.4Ti       1.7Ti
Swap:             0B          0B          0B
[Disk]
/dev/md127      5.9T  908G  5.0T  16% /home/ben
  Task dir: 60K

--- 2026-09-04 15:35:59 UTC ---
[GPU]
0, 0 %, 0 %, 761 MiB, 81559 MiB, 29, 113.10 W
[GPU Processes]
399, 752 MiB, VLLM::EngineCore
[CPU]
 15:35:59 up 22 days, 14:39,  0 users,  load average: 7.43, 7.06, 7.03
[Memory]
Mem:           1.8Ti        58Gi       367Gi       2.5Gi       1.4Ti       1.7Ti
Swap:             0B          0B          0B
[Disk]
/dev/md127      5.9T  908G  5.0T  16% /home/ben
  Task dir: 64K

--- 2026-09-04 15:36:59 UTC ---
[GPU]
0, 0 %, 0 %, 54659 MiB, 81559 MiB, 32, 120.00 W
[GPU Processes]
399, 54650 MiB, VLLM::EngineCore
[CPU]
 15:36:59 up 22 days, 14:40,  0 users,  load average: 7.37, 7.12, 7.06
[Memory]
Mem:           1.8Ti        49Gi       368Gi       1.8Gi       1.4Ti       1.7Ti
Swap:             0B          0B          0B
[Disk]
/dev/md127      5.9T  908G  5.0T  16% /home/ben
  Task dir: 64K

--- 2026-09-04 15:37:59 UTC ---
[GPU]
0, 83 %, 51 %, 65707 MiB, 81559 MiB, 39, 322.56 W
[GPU Processes]
399, 65698 MiB, VLLM::EngineCore
[CPU]
 15:37:59 up 22 days, 14:41,  0 users,  load average: 7.51, 7.26, 7.11
[Memory]
Mem:           1.8Ti        54Gi       361Gi       2.4Gi       1.4Ti       1.7Ti
Swap:             0B          0B          0B
[Disk]
/dev/md127      5.9T  908G  5.0T  16% /home/ben
  Task dir: 72K

--- 2026-09-04 15:38:59 UTC ---
[GPU]
0, 83 %, 52 %, 65707 MiB, 81559 MiB, 39, 322.82 W
[GPU Processes]
399, 65698 MiB, VLLM::EngineCore
[CPU]
 15:38:59 up 22 days, 14:42,  0 users,  load average: 7.19, 7.22, 7.10
[Memory]
Mem:           1.8Ti        59Gi       356Gi       2.7Gi       1.4Ti       1.7Ti
Swap:             0B          0B          0B
[Disk]
/dev/md127      5.9T  908G  5.0T  16% /home/ben
  Task dir: 72K

--- 2026-09-04 15:39:59 UTC ---
[GPU]
0, 84 %, 52 %, 65707 MiB, 81559 MiB, 40, 326.35 W
[GPU Processes]
399, 65698 MiB, VLLM::EngineCore
[CPU]
 15:39:59 up 22 days, 14:43,  0 users,  load average: 7.01, 7.17, 7.09
[Memory]
Mem:           1.8Ti        52Gi       364Gi       1.8Gi       1.4Ti       1.7Ti
Swap:             0B          0B          0B
[Disk]
/dev/md127      5.9T  908G  5.0T  16% /home/ben
  Task dir: 1.2M

--- 2026-09-04 15:41:00 UTC ---
[GPU]
0, 0 %, 0 %, 0 MiB, 81559 MiB, 35, 121.99 W
[GPU Processes]
[CPU]
 15:41:00 up 22 days, 14:44,  0 users,  load average: 6.52, 7.00, 7.04
[Memory]
Mem:           1.8Ti        47Gi       369Gi       1.2Gi       1.4Ti       1.7Ti
Swap:             0B          0B          0B
[Disk]
/dev/md127      5.9T  908G  5.0T  16% /home/ben
  Task dir: 4.5M

--- 2026-09-04 15:42:00 UTC ---
[GPU]
0, 0 %, 0 %, 0 MiB, 81559 MiB, 28, 66.65 W
[GPU Processes]
[CPU]
 15:42:00 up 22 days, 14:45,  0 users,  load average: 6.04, 6.78, 6.96
[Memory]
Mem:           1.8Ti        50Gi       366Gi       1.8Gi       1.4Ti       1.7Ti
Swap:             0B          0B          0B
[Disk]
/dev/md127      5.9T  908G  5.0T  16% /home/ben
  Task dir: 4.5M

--- 2026-09-04 15:43:00 UTC ---
[GPU]
0, 0 %, 0 %, 0 MiB, 81559 MiB, 28, 66.73 W
[GPU Processes]
[CPU]
 15:43:00 up 22 days, 14:46,  0 users,  load average: 5.29, 6.44, 6.83
[Memory]
Mem:           1.8Ti        44Gi       373Gi       1.0Gi       1.4Ti       1.7Ti
Swap:             0B          0B          0B
[Disk]
/dev/md127      5.9T  908G  5.0T  16% /home/ben
  Task dir: 4.5M

--- 2026-09-04 15:44:00 UTC ---
[GPU]
0, 0 %, 0 %, 0 MiB, 81559 MiB, 27, 66.73 W
[GPU Processes]
[CPU]
 15:44:00 up 22 days, 14:47,  0 users,  load average: 5.16, 6.16, 6.70
[Memory]
Mem:           1.8Ti        46Gi       370Gi       1.2Gi       1.4Ti       1.7Ti
Swap:             0B          0B          0B
[Disk]
/dev/md127      5.9T  908G  5.0T  16% /home/ben
  Task dir: 133M

--- 2026-09-04 15:45:00 UTC ---
[GPU]
0, 0 %, 0 %, 0 MiB, 81559 MiB, 27, 66.68 W
[GPU Processes]
[CPU]
 15:45:00 up 22 days, 14:48,  0 users,  load average: 5.16, 5.98, 6.61
[Memory]
Mem:           1.8Ti        42Gi       356Gi       654Mi       1.4Ti       1.7Ti
Swap:             0B          0B          0B
[Disk]
/dev/md127      5.9T  927G  5.0T  16% /home/ben
  Task dir: 133M

--- 2026-09-04 15:46:00 UTC ---
[GPU]
0, 100 %, 55 %, 80467 MiB, 81559 MiB, 46, 552.33 W
[GPU Processes]
2113, 80458 MiB, python
[CPU]
 15:46:00 up 22 days, 14:49,  0 users,  load average: 5.06, 5.78, 6.50
[Memory]
Mem:           1.8Ti        45Gi       361Gi       982Mi       1.4Ti       1.7Ti
Swap:             0B          0B          0B
[Disk]
/dev/md127      5.9T  923G  5.0T  16% /home/ben
  Task dir: 133M

--- 2026-09-04 15:47:00 UTC ---
[GPU]
0, 0 %, 0 %, 4 MiB, 81559 MiB, 29, 66.75 W
[GPU Processes]
[CPU]
 15:47:00 up 22 days, 14:50,  0 users,  load average: 6.12, 5.91, 6.49
[Memory]
Mem:           1.8Ti        46Gi       460Gi       846Mi       1.3Ti       1.7Ti
Swap:             0B          0B          0B
[Disk]
/dev/md127      5.9T  626G  5.2T  11% /home/ben
  Task dir: 133M

--- 2026-09-04 15:48:01 UTC ---
[GPU]
0, 100 %, 70 %, 74817 MiB, 81559 MiB, 55, 610.10 W
[GPU Processes]
2233, 74808 MiB, python
[CPU]
 15:48:01 up 22 days, 14:51,  0 users,  load average: 6.07, 5.94, 6.46
[Memory]
Mem:           1.8Ti        45Gi       460Gi       1.2Gi       1.3Ti       1.7Ti
Swap:             0B          0B          0B
[Disk]
/dev/md127      5.9T  626G  5.2T  11% /home/ben
  Task dir: 133M

--- 2026-09-04 15:49:01 UTC ---
[GPU]
0, 100 %, 63 %, 74819 MiB, 81559 MiB, 56, 603.68 W
[GPU Processes]
2233, 74810 MiB, python
[CPU]
 15:49:01 up 22 days, 14:52,  0 users,  load average: 5.58, 5.80, 6.38
[Memory]
Mem:           1.8Ti        47Gi       467Gi       1.2Gi       1.3Ti       1.7Ti
Swap:             0B          0B          0B
[Disk]
/dev/md127      5.9T  618G  5.3T  11% /home/ben
  Task dir: 133M

--- 2026-09-04 15:50:01 UTC ---
[GPU]
0, 89 %, 70 %, 74819 MiB, 81559 MiB, 58, 617.41 W
[GPU Processes]
2233, 74810 MiB, python
[CPU]
 15:50:01 up 22 days, 14:53,  0 users,  load average: 5.64, 5.77, 6.33
[Memory]
Mem:           1.8Ti        51Gi       462Gi       1.3Gi       1.3Ti       1.7Ti
Swap:             0B          0B          0B
[Disk]
/dev/md127      5.9T  618G  5.3T  11% /home/ben
  Task dir: 133M

--- 2026-09-04 15:51:01 UTC ---
[GPU]
0, 0 %, 0 %, 0 MiB, 81559 MiB, 30, 67.16 W
[GPU Processes]
[CPU]
 15:51:01 up 22 days, 14:54,  0 users,  load average: 5.07, 5.59, 6.23
[Memory]
Mem:           1.8Ti        59Gi       447Gi       1.2Gi       1.3Ti       1.7Ti
Swap:             0B          0B          0B
[Disk]
/dev/md127      5.9T  626G  5.2T  11% /home/ben
  Task dir: 133M

--- 2026-09-04 15:52:01 UTC ---
[GPU]
0, 0 %, 0 %, 0 MiB, 81559 MiB, 28, 66.73 W
[GPU Processes]
[CPU]
 15:52:01 up 22 days, 14:55,  0 users,  load average: 4.97, 5.47, 6.15
[Memory]
Mem:           1.8Ti        56Gi       450Gi       614Mi       1.3Ti       1.7Ti
Swap:             0B          0B          0B
[Disk]
/dev/md127      5.9T  626G  5.2T  11% /home/ben
  Task dir: 265M

--- 2026-09-04 15:53:01 UTC ---
[GPU]
0, 0 %, 0 %, 0 MiB, 81559 MiB, 28, 66.56 W
[GPU Processes]
[CPU]
 15:53:01 up 22 days, 14:56,  0 users,  load average: 5.49, 5.52, 6.12
[Memory]
Mem:           1.8Ti        59Gi       446Gi       1.2Gi       1.3Ti       1.7Ti
Swap:             0B          0B          0B
[Disk]
/dev/md127      5.9T  626G  5.2T  11% /home/ben
  Task dir: 347M

--- 2026-09-04 15:54:01 UTC ---
[GPU]
0, 0 %, 0 %, 0 MiB, 81559 MiB, 33, 67.78 W
[GPU Processes]
[CPU]
 15:54:01 up 22 days, 14:57,  0 users,  load average: 5.64, 5.56, 6.09
[Memory]
Mem:           1.8Ti        44Gi       460Gi       1.3Gi       1.3Ti       1.7Ti
Swap:             0B          0B          0B
[Disk]
/dev/md127      5.9T  626G  5.2T  11% /home/ben
  Task dir: 347M

--- 2026-09-04 15:55:02 UTC ---
[GPU]
0, 2 %, 0 %, 9087 MiB, 81559 MiB, 30, 115.33 W
[GPU Processes]
2850, 9078 MiB, python
[CPU]
 15:55:02 up 22 days, 14:58,  0 users,  load average: 7.29, 6.07, 6.23
[Memory]
Mem:           1.8Ti        60Gi       452Gi       1.5Gi       1.3Ti       1.7Ti
Swap:             0B          0B          0B
[Disk]
/dev/md127      5.9T  644G  5.2T  11% /home/ben
  Task dir: 347M

--- 2026-09-04 15:56:02 UTC ---
[GPU]
0, 99 %, 72 %, 81087 MiB, 81559 MiB, 49, 489.87 W
[GPU Processes]
2850, 79752 MiB, python
[CPU]
 15:56:02 up 22 days, 14:59,  0 users,  load average: 8.24, 6.56, 6.39
[Memory]
Mem:           1.8Ti        74Gi       433Gi       1.7Gi       1.3Ti       1.7Ti
Swap:             0B          0B          0B
[Disk]
/dev/md127      5.9T  687G  5.2T  12% /home/ben
  Task dir: 347M

--- 2026-09-04 15:57:02 UTC ---
[GPU]
0, 91 %, 64 %, 81087 MiB, 81559 MiB, 52, 634.46 W
[GPU Processes]
2850, 79912 MiB, python
[CPU]
 15:57:02 up 22 days, 15:00,  0 users,  load average: 8.10, 6.84, 6.50
[Memory]
Mem:           1.8Ti        69Gi       418Gi       1.9Gi       1.3Ti       1.7Ti
Swap:             0B          0B          0B
[Disk]
/dev/md127      5.9T  707G  5.2T  12% /home/ben
  Task dir: 347M

--- 2026-09-04 15:58:02 UTC ---
[GPU]
0, 0 %, 0 %, 4 MiB, 81559 MiB, 30, 67.10 W
[GPU Processes]
[CPU]
 15:58:02 up 22 days, 15:01,  0 users,  load average: 8.30, 7.09, 6.61
[Memory]
Mem:           1.8Ti        55Gi       433Gi       1.9Gi       1.3Ti       1.7Ti
Swap:             0B          0B          0B
[Disk]
/dev/md127      5.9T  707G  5.2T  12% /home/ben
  Task dir: 347M

--- 2026-09-04 15:59:02 UTC ---
[GPU]
0, 98 %, 66 %, 58865 MiB, 81559 MiB, 55, 622.52 W
[GPU Processes]
3086, 47590 MiB, python
[CPU]
 15:59:02 up 22 days, 15:02,  0 users,  load average: 7.64, 7.12, 6.65
[Memory]
Mem:           1.8Ti        57Gi       431Gi       1.9Gi       1.3Ti       1.7Ti
Swap:             0B          0B          0B
[Disk]
/dev/md127      5.9T  707G  5.2T  12% /home/ben
  Task dir: 347M

--- 2026-09-04 16:00:02 UTC ---
[GPU]
0, 92 %, 61 %, 61945 MiB, 81559 MiB, 56, 584.49 W
[GPU Processes]
3086, 50670 MiB, python
[CPU]
 16:00:02 up 22 days, 15:03,  0 users,  load average: 7.39, 7.15, 6.70
[Memory]
Mem:           1.8Ti        57Gi       431Gi       1.9Gi       1.3Ti       1.7Ti
Swap:             0B          0B          0B
[Disk]
/dev/md127      5.9T  707G  5.2T  12% /home/ben
  Task dir: 347M

--- 2026-09-04 16:01:02 UTC ---
[GPU]
0, 99 %, 83 %, 61945 MiB, 81559 MiB, 54, 607.14 W
[GPU Processes]
3086, 50670 MiB, python
[CPU]
 16:01:03 up 22 days, 15:04,  0 users,  load average: 7.69, 7.26, 6.77
[Memory]
Mem:           1.8Ti        57Gi       431Gi       1.9Gi       1.3Ti       1.7Ti
Swap:             0B          0B          0B
[Disk]
/dev/md127      5.9T  707G  5.2T  12% /home/ben
  Task dir: 347M

--- 2026-09-04 16:02:03 UTC ---
[GPU]
0, 98 %, 66 %, 61945 MiB, 81559 MiB, 58, 613.17 W
[GPU Processes]
3086, 50670 MiB, python
[CPU]
 16:02:03 up 22 days, 15:05,  0 users,  load average: 7.48, 7.26, 6.80
[Memory]
Mem:           1.8Ti        56Gi       431Gi       1.9Gi       1.3Ti       1.7Ti
Swap:             0B          0B          0B
[Disk]
/dev/md127      5.9T  707G  5.2T  12% /home/ben
  Task dir: 347M

--- 2026-09-04 16:03:03 UTC ---
[GPU]
0, 98 %, 67 %, 61945 MiB, 81559 MiB, 54, 622.90 W
[GPU Processes]
3086, 50670 MiB, python
[CPU]
 16:03:03 up 22 days, 15:06,  0 users,  load average: 7.28, 7.25, 6.83
[Memory]
Mem:           1.8Ti        57Gi       431Gi       1.9Gi       1.3Ti       1.7Ti
Swap:             0B          0B          0B
[Disk]
/dev/md127      5.9T  707G  5.2T  12% /home/ben
  Task dir: 347M

--- 2026-09-04 16:04:03 UTC ---
[GPU]
0, 97 %, 66 %, 61945 MiB, 81559 MiB, 57, 613.73 W
[GPU Processes]
3086, 50670 MiB, python
[CPU]
 16:04:03 up 22 days, 15:07,  0 users,  load average: 6.69, 7.10, 6.80
[Memory]
Mem:           1.8Ti        52Gi       436Gi       1.3Gi       1.3Ti       1.7Ti
Swap:             0B          0B          0B
[Disk]
/dev/md127      5.9T  707G  5.2T  12% /home/ben
  Task dir: 347M

--- 2026-09-04 16:05:03 UTC ---
[GPU]
0, 97 %, 63 %, 61945 MiB, 81559 MiB, 59, 571.66 W
[GPU Processes]
3086, 50670 MiB, python
[CPU]
 16:05:03 up 22 days, 15:08,  0 users,  load average: 7.24, 7.15, 6.84
[Memory]
Mem:           1.8Ti        53Gi       427Gi       1.2Gi       1.3Ti       1.7Ti
Swap:             0B          0B          0B
[Disk]
/dev/md127      5.9T  715G  5.2T  13% /home/ben
  Task dir: 347M

--- 2026-09-04 16:06:03 UTC ---
[GPU]
0, 98 %, 66 %, 61945 MiB, 81559 MiB, 60, 557.16 W
[GPU Processes]
3086, 50670 MiB, python
[CPU]
 16:06:03 up 22 days, 15:09,  0 users,  load average: 6.07, 6.83, 6.75
[Memory]
Mem:           1.8Ti        51Gi       428Gi       1.2Gi       1.3Ti       1.7Ti
Swap:             0B          0B          0B
[Disk]
/dev/md127      5.9T  715G  5.2T  13% /home/ben
  Task dir: 347M

--- 2026-09-04 16:07:03 UTC ---
[GPU]
0, 98 %, 65 %, 61947 MiB, 81559 MiB, 62, 607.71 W
[GPU Processes]
3086, 50672 MiB, python
[CPU]
 16:07:03 up 22 days, 15:10,  0 users,  load average: 5.87, 6.61, 6.67
[Memory]
Mem:           1.8Ti        53Gi       427Gi       1.3Gi       1.3Ti       1.7Ti
Swap:             0B          0B          0B
[Disk]
/dev/md127      5.9T  715G  5.2T  13% /home/ben
  Task dir: 347M

--- 2026-09-04 16:08:04 UTC ---
[GPU]
0, 98 %, 66 %, 61947 MiB, 81559 MiB, 62, 612.68 W
[GPU Processes]
3086, 50672 MiB, python
[CPU]
 16:08:04 up 22 days, 15:11,  0 users,  load average: 6.10, 6.54, 6.64
[Memory]
Mem:           1.8Ti        53Gi       426Gi       1.3Gi       1.3Ti       1.7Ti
Swap:             0B          0B          0B
[Disk]
/dev/md127      5.9T  715G  5.2T  13% /home/ben
  Task dir: 347M

--- 2026-09-04 16:09:04 UTC ---
[GPU]
0, 98 %, 67 %, 61947 MiB, 81559 MiB, 61, 612.76 W
[GPU Processes]
3086, 50672 MiB, python
[CPU]
 16:09:04 up 22 days, 15:12,  0 users,  load average: 6.08, 6.45, 6.60
[Memory]
Mem:           1.8Ti        53Gi       426Gi       1.3Gi       1.3Ti       1.7Ti
Swap:             0B          0B          0B
[Disk]
/dev/md127      5.9T  715G  5.2T  13% /home/ben
  Task dir: 347M

--- 2026-09-04 16:10:04 UTC ---
[GPU]
0, 94 %, 69 %, 61947 MiB, 81559 MiB, 60, 423.50 W
[GPU Processes]
3086, 50672 MiB, python
[CPU]
 16:10:04 up 22 days, 15:13,  0 users,  load average: 6.07, 6.38, 6.57
[Memory]
Mem:           1.8Ti        48Gi       439Gi       630Mi       1.3Ti       1.7Ti
Swap:             0B          0B          0B
[Disk]
/dev/md127      5.9T  712G  5.2T  12% /home/ben
  Task dir: 347M

--- 2026-09-04 16:11:04 UTC ---
[GPU]
0, 97 %, 61 %, 61947 MiB, 81559 MiB, 61, 607.84 W
[GPU Processes]
3086, 50672 MiB, python
[CPU]
 16:11:04 up 22 days, 15:14,  0 users,  load average: 5.74, 6.24, 6.51
[Memory]
Mem:           1.8Ti        48Gi       437Gi       630Mi       1.3Ti       1.7Ti
Swap:             0B          0B          0B
[Disk]
/dev/md127      5.9T  712G  5.2T  12% /home/ben
  Task dir: 347M

--- 2026-09-04 16:12:04 UTC ---
[GPU]
0, 97 %, 65 %, 61947 MiB, 81559 MiB, 62, 564.99 W
[GPU Processes]
3086, 50672 MiB, python
[CPU]
 16:12:04 up 22 days, 15:15,  0 users,  load average: 5.61, 6.09, 6.44
[Memory]
Mem:           1.8Ti        48Gi       437Gi       648Mi       1.3Ti       1.7Ti
Swap:             0B          0B          0B
[Disk]
/dev/md127      5.9T  712G  5.2T  12% /home/ben
  Task dir: 347M

--- 2026-09-04 16:13:04 UTC ---
[GPU]
0, 99 %, 67 %, 61947 MiB, 81559 MiB, 64, 617.72 W
[GPU Processes]
3086, 50672 MiB, python
[CPU]
 16:13:04 up 22 days, 15:16,  0 users,  load average: 5.59, 6.01, 6.39
[Memory]
Mem:           1.8Ti        48Gi       436Gi       694Mi       1.3Ti       1.7Ti
Swap:             0B          0B          0B
[Disk]
/dev/md127      5.9T  712G  5.2T  12% /home/ben
  Task dir: 347M

--- 2026-09-04 16:14:04 UTC ---
[GPU]
0, 97 %, 62 %, 61947 MiB, 81559 MiB, 61, 619.76 W
[GPU Processes]
3086, 50672 MiB, python
[CPU]
 16:14:05 up 22 days, 15:17,  0 users,  load average: 5.31, 5.85, 6.31
[Memory]
Mem:           1.8Ti        48Gi       436Gi       694Mi       1.3Ti       1.7Ti
Swap:             0B          0B          0B
[Disk]
/dev/md127      5.9T  712G  5.2T  12% /home/ben
  Task dir: 347M

--- 2026-09-04 16:15:05 UTC ---
[GPU]
0, 90 %, 54 %, 61947 MiB, 81559 MiB, 61, 562.13 W
[GPU Processes]
3086, 50672 MiB, python
[CPU]
 16:15:05 up 22 days, 15:18,  0 users,  load average: 5.20, 5.73, 6.24
[Memory]
Mem:           1.8Ti        48Gi       436Gi       694Mi       1.3Ti       1.7Ti
Swap:             0B          0B          0B
[Disk]
/dev/md127      5.9T  712G  5.2T  12% /home/ben
  Task dir: 347M

--- 2026-09-04 16:16:05 UTC ---
[GPU]
0, 98 %, 68 %, 62427 MiB, 81559 MiB, 62, 609.06 W
[GPU Processes]
3086, 51152 MiB, python
[CPU]
 16:16:05 up 22 days, 15:19,  0 users,  load average: 5.12, 5.61, 6.16
[Memory]
Mem:           1.8Ti        48Gi       436Gi       694Mi       1.3Ti       1.7Ti
Swap:             0B          0B          0B
[Disk]
/dev/md127      5.9T  712G  5.2T  12% /home/ben
  Task dir: 347M

--- 2026-09-04 16:17:05 UTC ---
[GPU]
0, 98 %, 67 %, 62427 MiB, 81559 MiB, 61, 623.04 W
[GPU Processes]
3086, 51152 MiB, python
[CPU]
 16:17:05 up 22 days, 15:20,  0 users,  load average: 5.88, 5.72, 6.16
[Memory]
Mem:           1.8Ti        50Gi       434Gi       694Mi       1.3Ti       1.7Ti
Swap:             0B          0B          0B
[Disk]
/dev/md127      5.9T  712G  5.2T  12% /home/ben
  Task dir: 347M

--- 2026-09-04 16:18:05 UTC ---
[GPU]
0, 98 %, 71 %, 62427 MiB, 81559 MiB, 62, 612.27 W
[GPU Processes]
3086, 51152 MiB, python
[CPU]
 16:18:05 up 22 days, 15:21,  0 users,  load average: 6.11, 5.83, 6.17
[Memory]
Mem:           1.8Ti        56Gi       439Gi       731Mi       1.3Ti       1.7Ti
Swap:             0B          0B          0B
[Disk]
/dev/md127      5.9T  712G  5.2T  12% /home/ben
  Task dir: 347M

--- 2026-09-04 16:19:05 UTC ---
[GPU]
0, 97 %, 63 %, 62427 MiB, 81559 MiB, 60, 615.64 W
[GPU Processes]
3086, 51152 MiB, python
[CPU]
 16:19:05 up 22 days, 15:22,  0 users,  load average: 7.05, 6.17, 6.27
[Memory]
Mem:           1.8Ti        56Gi       439Gi       732Mi       1.3Ti       1.7Ti
Swap:             0B          0B          0B
[Disk]
/dev/md127      5.9T  712G  5.2T  12% /home/ben
  Task dir: 347M

--- 2026-09-04 16:20:05 UTC ---
[GPU]
0, 98 %, 66 %, 62427 MiB, 81559 MiB, 59, 615.99 W
[GPU Processes]
3086, 51152 MiB, python
[CPU]
 16:20:05 up 22 days, 15:23,  0 users,  load average: 6.83, 6.25, 6.29
[Memory]
Mem:           1.8Ti        56Gi       438Gi       731Mi       1.3Ti       1.7Ti
Swap:             0B          0B          0B
[Disk]
/dev/md127      5.9T  712G  5.2T  12% /home/ben
  Task dir: 347M

--- 2026-09-04 16:21:06 UTC ---
[GPU]
0, 97 %, 63 %, 62427 MiB, 81559 MiB, 60, 596.49 W
[GPU Processes]
3086, 51152 MiB, python
[CPU]
 16:21:06 up 22 days, 15:24,  0 users,  load average: 6.34, 6.22, 6.27
[Memory]
Mem:           1.8Ti        56Gi       439Gi       732Mi       1.3Ti       1.7Ti
Swap:             0B          0B          0B
[Disk]
/dev/md127      5.9T  712G  5.2T  12% /home/ben
  Task dir: 347M

--- 2026-09-04 16:22:06 UTC ---
[GPU]
0, 92 %, 60 %, 62427 MiB, 81559 MiB, 60, 556.64 W
[GPU Processes]
3086, 51152 MiB, python
[CPU]
 16:22:06 up 22 days, 15:25,  0 users,  load average: 6.94, 6.38, 6.33
[Memory]
Mem:           1.8Ti        62Gi       415Gi       765Mi       1.3Ti       1.7Ti
Swap:             0B          0B          0B
[Disk]
/dev/md127      5.9T  720G  5.2T  13% /home/ben
  Task dir: 347M

--- 2026-09-04 16:23:06 UTC ---
[GPU]
0, 98 %, 68 %, 62427 MiB, 81559 MiB, 61, 623.85 W
[GPU Processes]
3086, 51152 MiB, python
[CPU]
 16:23:06 up 22 days, 15:26,  0 users,  load average: 7.38, 6.59, 6.40
[Memory]
Mem:           1.8Ti        61Gi       408Gi       1.1Gi       1.3Ti       1.7Ti
Swap:             0B          0B          0B
[Disk]
/dev/md127      5.9T  728G  5.1T  13% /home/ben
  Task dir: 347M

--- 2026-09-04 16:24:06 UTC ---
[GPU]
0, 94 %, 64 %, 62427 MiB, 81559 MiB, 60, 605.05 W
[GPU Processes]
3086, 51152 MiB, python
[CPU]
 16:24:06 up 22 days, 15:27,  0 users,  load average: 8.23, 6.95, 6.54
[Memory]
Mem:           1.8Ti        63Gi       406Gi       1.3Gi       1.3Ti       1.7Ti
Swap:             0B          0B          0B
[Disk]
/dev/md127      5.9T  728G  5.1T  13% /home/ben
  Task dir: 347M

--- 2026-09-04 16:25:06 UTC ---
[GPU]
0, 0 %, 0 %, 62427 MiB, 81559 MiB, 49, 429.74 W
[GPU Processes]
3086, 51152 MiB, python
[CPU]
 16:25:06 up 22 days, 15:28,  0 users,  load average: 7.67, 7.02, 6.59
[Memory]
Mem:           1.8Ti        62Gi       407Gi       1.3Gi       1.3Ti       1.7Ti
Swap:             0B          0B          0B
[Disk]
/dev/md127      5.9T  728G  5.1T  13% /home/ben
  Task dir: 347M

--- 2026-09-04 16:26:06 UTC ---
[GPU]
0, 90 %, 57 %, 62427 MiB, 81559 MiB, 58, 609.70 W
[GPU Processes]
3086, 51152 MiB, python
[CPU]
 16:26:06 up 22 days, 15:29,  0 users,  load average: 7.98, 7.22, 6.69
[Memory]
Mem:           1.8Ti        66Gi       392Gi       1.7Gi       1.4Ti       1.7Ti
Swap:             0B          0B          0B
[Disk]
/dev/md127      5.9T  737G  5.1T  13% /home/ben
  Task dir: 347M

--- 2026-09-04 16:27:06 UTC ---
[GPU]
0, 98 %, 72 %, 62427 MiB, 81559 MiB, 58, 557.57 W
[GPU Processes]
3086, 51152 MiB, python
[CPU]
 16:27:07 up 22 days, 15:30,  0 users,  load average: 8.09, 7.39, 6.78
[Memory]
Mem:           1.8Ti        62Gi       388Gi       1.3Gi       1.4Ti       1.7Ti
Swap:             0B          0B          0B
[Disk]
/dev/md127      5.9T  750G  5.1T  13% /home/ben
  Task dir: 347M

--- 2026-09-04 16:28:07 UTC ---
[GPU]
0, 98 %, 70 %, 63627 MiB, 81559 MiB, 59, 610.52 W
[GPU Processes]
3086, 52352 MiB, python
[CPU]
 16:28:07 up 22 days, 15:31,  0 users,  load average: 8.28, 7.57, 6.88
[Memory]
Mem:           1.8Ti        66Gi       383Gi       1.9Gi       1.4Ti       1.7Ti
Swap:             0B          0B          0B
[Disk]
/dev/md127      5.9T  750G  5.1T  13% /home/ben
  Task dir: 347M

--- 2026-09-04 16:29:07 UTC ---
[GPU]
0, 96 %, 58 %, 63627 MiB, 81559 MiB, 59, 606.63 W
[GPU Processes]
3086, 52352 MiB, python
[CPU]
 16:29:07 up 22 days, 15:32,  0 users,  load average: 8.23, 7.69, 6.97
[Memory]
Mem:           1.8Ti        66Gi       383Gi       1.9Gi       1.4Ti       1.7Ti
Swap:             0B          0B          0B
[Disk]
/dev/md127      5.9T  750G  5.1T  13% /home/ben
  Task dir: 347M

--- 2026-09-04 16:30:07 UTC ---
[GPU]
0, 99 %, 67 %, 63627 MiB, 81559 MiB, 61, 603.98 W
[GPU Processes]
3086, 52352 MiB, python
[CPU]
 16:30:07 up 22 days, 15:33,  0 users,  load average: 7.66, 7.65, 7.00
[Memory]
Mem:           1.8Ti        64Gi       382Gi       1.3Gi       1.4Ti       1.7Ti
Swap:             0B          0B          0B
[Disk]
/dev/md127      5.9T  778G  5.1T  14% /home/ben
  Task dir: 347M

--- 2026-09-04 16:31:07 UTC ---
[GPU]
0, 95 %, 66 %, 63627 MiB, 81559 MiB, 59, 619.71 W
[GPU Processes]
3086, 52352 MiB, python
[CPU]
 16:31:07 up 22 days, 15:34,  0 users,  load average: 7.41, 7.59, 7.02
[Memory]
Mem:           1.8Ti        64Gi       382Gi       1.3Gi       1.4Ti       1.7Ti
Swap:             0B          0B          0B
[Disk]
/dev/md127      5.9T  778G  5.1T  14% /home/ben
  Task dir: 347M

--- 2026-09-04 16:32:07 UTC ---
[GPU]
0, 75 %, 11 %, 63629 MiB, 81559 MiB, 56, 601.13 W
[GPU Processes]
3086, 52354 MiB, python
[CPU]
 16:32:07 up 22 days, 15:35,  0 users,  load average: 7.89, 7.70, 7.09
[Memory]
Mem:           1.8Ti        65Gi       372Gi       1.3Gi       1.4Ti       1.7Ti
Swap:             0B          0B          0B
[Disk]
/dev/md127      5.9T  786G  5.1T  14% /home/ben
  Task dir: 347M

--- 2026-09-04 16:33:07 UTC ---
[GPU]
0, 97 %, 70 %, 63629 MiB, 81559 MiB, 57, 605.09 W
[GPU Processes]
3086, 52354 MiB, python
[CPU]
 16:33:08 up 22 days, 15:36,  0 users,  load average: 8.06, 7.78, 7.16
[Memory]
Mem:           1.8Ti        66Gi       370Gi       1.9Gi       1.4Ti       1.7Ti
Swap:             0B          0B          0B
[Disk]
/dev/md127      5.9T  786G  5.1T  14% /home/ben
  Task dir: 347M

--- 2026-09-04 16:34:08 UTC ---
[GPU]
0, 94 %, 65 %, 63629 MiB, 81559 MiB, 59, 606.47 W
[GPU Processes]
3086, 52354 MiB, python
[CPU]
 16:34:08 up 22 days, 15:37,  0 users,  load average: 8.04, 7.83, 7.22
[Memory]
Mem:           1.8Ti        67Gi       370Gi       1.9Gi       1.4Ti       1.7Ti
Swap:             0B          0B          0B
[Disk]
/dev/md127      5.9T  786G  5.1T  14% /home/ben
  Task dir: 347M

--- 2026-09-04 16:35:08 UTC ---
[GPU]
0, 99 %, 67 %, 63629 MiB, 81559 MiB, 60, 629.37 W
[GPU Processes]
3086, 52354 MiB, python
[CPU]
 16:35:08 up 22 days, 15:38,  0 users,  load average: 8.02, 7.87, 7.28
[Memory]
Mem:           1.8Ti        66Gi       371Gi       1.4Gi       1.4Ti       1.7Ti
Swap:             0B          0B          0B
[Disk]
/dev/md127      5.9T  786G  5.1T  14% /home/ben
  Task dir: 347M

--- 2026-09-04 16:36:08 UTC ---
[GPU]
0, 77 %, 30 %, 63629 MiB, 81559 MiB, 58, 581.84 W
[GPU Processes]
3086, 52354 MiB, python
[CPU]
 16:36:08 up 22 days, 15:39,  0 users,  load average: 7.93, 7.90, 7.33
[Memory]
Mem:           1.8Ti        67Gi       370Gi       1.9Gi       1.4Ti       1.7Ti
Swap:             0B          0B          0B
[Disk]
/dev/md127      5.9T  786G  5.1T  14% /home/ben
  Task dir: 347M

--- 2026-09-04 16:37:08 UTC ---
[GPU]
0, 93 %, 60 %, 63629 MiB, 81559 MiB, 60, 620.58 W
[GPU Processes]
3086, 52354 MiB, python
[CPU]
 16:37:08 up 22 days, 15:40,  0 users,  load average: 8.79, 8.13, 7.44
[Memory]
Mem:           1.8Ti        67Gi       370Gi       1.9Gi       1.4Ti       1.7Ti
Swap:             0B          0B          0B
[Disk]
/dev/md127      5.9T  786G  5.1T  14% /home/ben
  Task dir: 347M

--- 2026-09-04 16:38:08 UTC ---
[GPU]
0, 78 %, 37 %, 63629 MiB, 81559 MiB, 58, 609.96 W
[GPU Processes]
3086, 52354 MiB, python
[CPU]
 16:38:08 up 22 days, 15:41,  0 users,  load average: 8.65, 8.20, 7.51
[Memory]
Mem:           1.8Ti        69Gi       368Gi       1.9Gi       1.4Ti       1.7Ti
Swap:             0B          0B          0B
[Disk]
/dev/md127      5.9T  786G  5.1T  14% /home/ben
  Task dir: 347M

--- 2026-09-04 16:39:08 UTC ---
[GPU]
0, 79 %, 30 %, 63629 MiB, 81559 MiB, 58, 563.88 W
[GPU Processes]
3086, 52354 MiB, python
[CPU]
 16:39:08 up 22 days, 15:42,  0 users,  load average: 8.52, 8.24, 7.57
[Memory]
Mem:           1.8Ti        69Gi       368Gi       1.9Gi       1.4Ti       1.7Ti
Swap:             0B          0B          0B
[Disk]
/dev/md127      5.9T  786G  5.1T  14% /home/ben
  Task dir: 347M

--- 2026-09-04 16:40:09 UTC ---
[GPU]
0, 98 %, 66 %, 63629 MiB, 81559 MiB, 59, 607.38 W
[GPU Processes]
3086, 52354 MiB, python
[CPU]
 16:40:09 up 22 days, 15:43,  0 users,  load average: 8.24, 8.21, 7.60
[Memory]
Mem:           1.8Ti        69Gi       368Gi       1.9Gi       1.4Ti       1.7Ti
Swap:             0B          0B          0B
[Disk]
/dev/md127      5.9T  786G  5.1T  14% /home/ben
  Task dir: 347M

--- 2026-09-04 16:41:09 UTC ---
[GPU]
0, 98 %, 65 %, 63629 MiB, 81559 MiB, 59, 615.62 W
[GPU Processes]
3086, 52354 MiB, python
[CPU]
 16:41:09 up 22 days, 15:44,  0 users,  load average: 8.08, 8.17, 7.63
[Memory]
Mem:           1.8Ti        65Gi       373Gi       1.4Gi       1.4Ti       1.7Ti
Swap:             0B          0B          0B
[Disk]
/dev/md127      5.9T  786G  5.1T  14% /home/ben
  Task dir: 347M

--- 2026-09-04 16:42:09 UTC ---
[GPU]
0, 99 %, 72 %, 63629 MiB, 81559 MiB, 59, 618.41 W
[GPU Processes]
3086, 52354 MiB, python
[CPU]
 16:42:09 up 22 days, 15:45,  0 users,  load average: 7.58, 8.02, 7.62
[Memory]
Mem:           1.8Ti        65Gi       358Gi       1.4Gi       1.4Ti       1.7Ti
Swap:             0B          0B          0B
[Disk]
/dev/md127      5.9T  827G  5.1T  14% /home/ben
  Task dir: 347M

--- 2026-09-04 16:43:09 UTC ---
[GPU]
0, 94 %, 62 %, 63629 MiB, 81559 MiB, 59, 636.28 W
[GPU Processes]
3086, 52354 MiB, python
[CPU]
 16:43:09 up 22 days, 15:46,  0 users,  load average: 7.37, 7.89, 7.60
[Memory]
Mem:           1.8Ti        62Gi       329Gi       1.3Gi       1.4Ti       1.7Ti
Swap:             0B          0B          0B
[Disk]
/dev/md127      5.9T  859G  5.0T  15% /home/ben
  Task dir: 347M

--- 2026-09-04 16:44:09 UTC ---
[GPU]
0, 98 %, 66 %, 63629 MiB, 81559 MiB, 58, 606.13 W
[GPU Processes]
3086, 52354 MiB, python
[CPU]
 16:44:09 up 22 days, 15:47,  0 users,  load average: 7.06, 7.69, 7.54
[Memory]
Mem:           1.8Ti        62Gi       406Gi       1.4Gi       1.3Ti       1.7Ti
Swap:             0B          0B          0B
[Disk]
/dev/md127      5.9T  783G  5.1T  14% /home/ben
  Task dir: 347M

--- 2026-09-04 16:45:09 UTC ---
[GPU]
0, 98 %, 67 %, 63629 MiB, 81559 MiB, 59, 615.73 W
[GPU Processes]
3086, 52354 MiB, python
[CPU]
 16:45:09 up 22 days, 15:48,  0 users,  load average: 8.06, 7.88, 7.62
[Memory]
Mem:           1.8Ti        65Gi       403Gi       1.7Gi       1.3Ti       1.7Ti
Swap:             0B          0B          0B
[Disk]
/dev/md127      5.9T  783G  5.1T  14% /home/ben
  Task dir: 347M

--- 2026-09-04 16:46:09 UTC ---
[GPU]
0, 98 %, 64 %, 63629 MiB, 81559 MiB, 57, 576.89 W
[GPU Processes]
3086, 52354 MiB, python
[CPU]
 16:46:10 up 22 days, 15:49,  0 users,  load average: 7.57, 7.78, 7.60
[Memory]
Mem:           1.8Ti        61Gi       408Gi       1.3Gi       1.3Ti       1.7Ti
Swap:             0B          0B          0B
[Disk]
/dev/md127      5.9T  805G  5.1T  14% /home/ben
  Task dir: 347M

--- 2026-09-04 16:47:10 UTC ---
[GPU]
0, 98 %, 65 %, 63629 MiB, 81559 MiB, 59, 620.60 W
[GPU Processes]
3086, 52354 MiB, python
[CPU]
 16:47:10 up 22 days, 15:50,  0 users,  load average: 7.65, 7.72, 7.59
[Memory]
Mem:           1.8Ti        62Gi       406Gi       2.0Gi       1.3Ti       1.7Ti
Swap:             0B          0B          0B
[Disk]
/dev/md127      5.9T  805G  5.1T  14% /home/ben
  Task dir: 347M

--- 2026-09-04 16:48:10 UTC ---
[GPU]
0, 90 %, 61 %, 63629 MiB, 81559 MiB, 59, 607.28 W
[GPU Processes]
3086, 52354 MiB, python
[CPU]
 16:48:10 up 22 days, 15:51,  0 users,  load average: 7.75, 7.72, 7.60
[Memory]
Mem:           1.8Ti        64Gi       404Gi       2.0Gi       1.3Ti       1.7Ti
Swap:             0B          0B          0B
[Disk]
/dev/md127      5.9T  805G  5.1T  14% /home/ben
  Task dir: 347M

--- 2026-09-04 16:49:10 UTC ---
[GPU]
0, 98 %, 68 %, 63629 MiB, 81559 MiB, 59, 626.06 W
[GPU Processes]
3086, 52354 MiB, python
[CPU]
 16:49:10 up 22 days, 15:52,  0 users,  load average: 10.11, 8.50, 7.88
[Memory]
Mem:           1.8Ti        67Gi       402Gi       2.0Gi       1.3Ti       1.7Ti
Swap:             0B          0B          0B
[Disk]
/dev/md127      5.9T  805G  5.1T  14% /home/ben
  Task dir: 347M

--- 2026-09-04 16:50:10 UTC ---
[GPU]
0, 76 %, 29 %, 63629 MiB, 81559 MiB, 57, 572.59 W
[GPU Processes]
3086, 52354 MiB, python
[CPU]
 16:50:10 up 22 days, 15:53,  0 users,  load average: 8.86, 8.44, 7.91
[Memory]
Mem:           1.8Ti        67Gi       402Gi       2.0Gi       1.3Ti       1.7Ti
Swap:             0B          0B          0B
[Disk]
/dev/md127      5.9T  805G  5.1T  14% /home/ben
  Task dir: 347M

--- 2026-09-04 16:51:10 UTC ---
[GPU]
0, 98 %, 66 %, 63629 MiB, 81559 MiB, 57, 568.34 W
[GPU Processes]
3086, 52354 MiB, python
[CPU]
 16:51:10 up 22 days, 15:54,  0 users,  load average: 8.36, 8.37, 7.92
[Memory]
Mem:           1.8Ti        67Gi       402Gi       2.0Gi       1.3Ti       1.7Ti
Swap:             0B          0B          0B
[Disk]
/dev/md127      5.9T  805G  5.1T  14% /home/ben
  Task dir: 347M

--- 2026-09-04 16:52:10 UTC ---
[GPU]
0, 98 %, 68 %, 63629 MiB, 81559 MiB, 58, 611.63 W
[GPU Processes]
3086, 52354 MiB, python
[CPU]
 16:52:11 up 22 days, 15:55,  0 users,  load average: 8.26, 8.35, 7.94
[Memory]
Mem:           1.8Ti        67Gi       401Gi       2.0Gi       1.3Ti       1.7Ti
Swap:             0B          0B          0B
[Disk]
/dev/md127      5.9T  805G  5.1T  14% /home/ben
  Task dir: 347M

--- 2026-09-04 16:53:11 UTC ---
[GPU]
0, 97 %, 64 %, 63629 MiB, 81559 MiB, 58, 571.78 W
[GPU Processes]
3086, 52354 MiB, python
[CPU]
 16:53:11 up 22 days, 15:56,  0 users,  load average: 8.43, 8.39, 7.98
[Memory]
Mem:           1.8Ti        67Gi       401Gi       2.0Gi       1.3Ti       1.7Ti
Swap:             0B          0B          0B
[Disk]
/dev/md127      5.9T  805G  5.1T  14% /home/ben
  Task dir: 347M

--- 2026-09-04 16:54:11 UTC ---
[GPU]
0, 98 %, 68 %, 63629 MiB, 81559 MiB, 55, 602.69 W
[GPU Processes]
3086, 52354 MiB, python
[CPU]
 16:54:11 up 22 days, 15:57,  0 users,  load average: 8.53, 8.42, 8.02
[Memory]
Mem:           1.8Ti        72Gi       397Gi       2.0Gi       1.3Ti       1.7Ti
Swap:             0B          0B          0B
[Disk]
/dev/md127      5.9T  832G  5.0T  14% /home/ben
  Task dir: 347M

--- 2026-09-04 16:55:11 UTC ---
[GPU]
0, 98 %, 79 %, 63629 MiB, 81559 MiB, 55, 318.76 W
[GPU Processes]
3086, 52354 MiB, python
[CPU]
 16:55:11 up 22 days, 15:58,  0 users,  load average: 8.36, 8.39, 8.03
[Memory]
Mem:           1.8Ti        67Gi       401Gi       2.0Gi       1.3Ti       1.7Ti
Swap:             0B          0B          0B
[Disk]
/dev/md127      5.9T  832G  5.0T  14% /home/ben
  Task dir: 347M

--- 2026-09-04 16:56:11 UTC ---
[GPU]
0, 98 %, 67 %, 63629 MiB, 81559 MiB, 59, 613.82 W
[GPU Processes]
3086, 52354 MiB, python
[CPU]
 16:56:11 up 22 days, 15:59,  0 users,  load average: 8.24, 8.35, 8.04
[Memory]
Mem:           1.8Ti        68Gi       397Gi       2.0Gi       1.3Ti       1.7Ti
Swap:             0B          0B          0B
[Disk]
/dev/md127      5.9T  859G  5.0T  15% /home/ben
  Task dir: 347M

--- 2026-09-04 16:57:11 UTC ---
[GPU]
0, 97 %, 62 %, 63629 MiB, 81559 MiB, 58, 579.90 W
[GPU Processes]
3086, 52354 MiB, python
[CPU]
 16:57:11 up 22 days, 16:00,  0 users,  load average: 8.04, 8.29, 8.04
[Memory]
Mem:           1.8Ti        57Gi       406Gi       2.0Gi       1.3Ti       1.7Ti
Swap:             0B          0B          0B
[Disk]
/dev/md127      5.9T  840G  5.0T  15% /home/ben
  Task dir: 347M

--- 2026-09-04 16:58:11 UTC ---
[GPU]
0, 97 %, 69 %, 63629 MiB, 81559 MiB, 58, 568.88 W
[GPU Processes]
3086, 52354 MiB, python
[CPU]
 16:58:11 up 22 days, 16:01,  0 users,  load average: 7.49, 8.09, 7.98
[Memory]
Mem:           1.8Ti        57Gi       406Gi       2.0Gi       1.3Ti       1.7Ti
Swap:             0B          0B          0B
[Disk]
/dev/md127      5.9T  840G  5.0T  15% /home/ben
  Task dir: 347M

--- 2026-09-04 16:59:12 UTC ---
[GPU]
0, 87 %, 58 %, 63629 MiB, 81559 MiB, 57, 613.11 W
[GPU Processes]
3086, 52354 MiB, python
[CPU]
 16:59:12 up 22 days, 16:02,  0 users,  load average: 7.31, 7.93, 7.94
[Memory]
Mem:           1.8Ti        57Gi       405Gi       2.0Gi       1.3Ti       1.7Ti
Swap:             0B          0B          0B
[Disk]
/dev/md127      5.9T  840G  5.0T  15% /home/ben
  Task dir: 347M

--- 2026-09-04 17:00:12 UTC ---
[GPU]
0, 97 %, 68 %, 63629 MiB, 81559 MiB, 57, 601.32 W
[GPU Processes]
3086, 52354 MiB, python
[CPU]
 17:00:12 up 22 days, 16:03,  0 users,  load average: 7.16, 7.77, 7.88
[Memory]
Mem:           1.8Ti        57Gi       405Gi       2.0Gi       1.3Ti       1.7Ti
Swap:             0B          0B          0B
[Disk]
/dev/md127      5.9T  840G  5.0T  15% /home/ben
  Task dir: 347M

--- 2026-09-04 17:01:12 UTC ---
[GPU]
0, 97 %, 67 %, 63629 MiB, 81559 MiB, 58, 608.29 W
[GPU Processes]
3086, 52354 MiB, python
[CPU]
 17:01:12 up 22 days, 16:04,  0 users,  load average: 7.16, 7.66, 7.83
[Memory]
Mem:           1.8Ti        57Gi       405Gi       2.0Gi       1.3Ti       1.7Ti
Swap:             0B          0B          0B
[Disk]
/dev/md127      5.9T  840G  5.0T  15% /home/ben
  Task dir: 347M

--- 2026-09-04 17:02:12 UTC ---
[GPU]
0, 97 %, 63 %, 63629 MiB, 81559 MiB, 58, 609.11 W
[GPU Processes]
3086, 52354 MiB, python
[CPU]
 17:02:12 up 22 days, 16:05,  0 users,  load average: 7.18, 7.58, 7.80
[Memory]
Mem:           1.8Ti        57Gi       405Gi       2.0Gi       1.3Ti       1.7Ti
Swap:             0B          0B          0B
[Disk]
/dev/md127      5.9T  840G  5.0T  15% /home/ben
  Task dir: 347M

--- 2026-09-04 17:03:12 UTC ---
[GPU]
0, 93 %, 59 %, 63629 MiB, 81559 MiB, 61, 599.30 W
[GPU Processes]
3086, 52354 MiB, python
[CPU]
 17:03:12 up 22 days, 16:06,  0 users,  load average: 7.26, 7.52, 7.76
[Memory]
Mem:           1.8Ti        58Gi       405Gi       2.0Gi       1.3Ti       1.7Ti
Swap:             0B          0B          0B
[Disk]
/dev/md127      5.9T  840G  5.0T  15% /home/ben
  Task dir: 347M

--- 2026-09-04 17:04:12 UTC ---
[GPU]
0, 98 %, 67 %, 63629 MiB, 81559 MiB, 58, 599.91 W
[GPU Processes]
3086, 52354 MiB, python
[CPU]
 17:04:12 up 22 days, 16:07,  0 users,  load average: 7.14, 7.44, 7.71
[Memory]
Mem:           1.8Ti        58Gi       405Gi       2.0Gi       1.3Ti       1.7Ti
Swap:             0B          0B          0B
[Disk]
/dev/md127      5.9T  840G  5.0T  15% /home/ben
  Task dir: 347M

--- 2026-09-04 17:05:13 UTC ---
[GPU]
0, 95 %, 59 %, 63629 MiB, 81559 MiB, 57, 581.77 W
[GPU Processes]
3086, 52354 MiB, python
[CPU]
 17:05:13 up 22 days, 16:08,  0 users,  load average: 7.25, 7.42, 7.69
[Memory]
Mem:           1.8Ti        58Gi       405Gi       2.0Gi       1.3Ti       1.7Ti
Swap:             0B          0B          0B
[Disk]
/dev/md127      5.9T  840G  5.0T  15% /home/ben
  Task dir: 347M

--- 2026-09-04 17:06:13 UTC ---
[GPU]
0, 98 %, 66 %, 63629 MiB, 81559 MiB, 56, 618.11 W
[GPU Processes]
3086, 52354 MiB, python
[CPU]
 17:06:13 up 22 days, 16:09,  0 users,  load average: 8.06, 7.62, 7.74
[Memory]
Mem:           1.8Ti        59Gi       406Gi       2.3Gi       1.3Ti       1.7Ti
Swap:             0B          0B          0B
[Disk]
/dev/md127      5.9T  871G  5.0T  15% /home/ben
  Task dir: 347M

--- 2026-09-04 17:07:13 UTC ---
[GPU]
0, 97 %, 63 %, 63629 MiB, 81559 MiB, 58, 611.19 W
[GPU Processes]
3086, 52354 MiB, python
[CPU]
 17:07:13 up 22 days, 16:10,  0 users,  load average: 7.42, 7.52, 7.70
[Memory]
Mem:           1.8Ti        60Gi       404Gi       2.5Gi       1.3Ti       1.7Ti
Swap:             0B          0B          0B
[Disk]
/dev/md127      5.9T  871G  5.0T  15% /home/ben
  Task dir: 347M

--- 2026-09-04 17:08:13 UTC ---
[GPU]
0, 93 %, 62 %, 63629 MiB, 81559 MiB, 55, 611.23 W
[GPU Processes]
3086, 52354 MiB, python
[CPU]
 17:08:13 up 22 days, 16:11,  0 users,  load average: 7.59, 7.55, 7.70
[Memory]
Mem:           1.8Ti        59Gi       398Gi       2.3Gi       1.4Ti       1.7Ti
Swap:             0B          0B          0B
[Disk]
/dev/md127      5.9T  871G  5.0T  15% /home/ben
  Task dir: 347M

--- 2026-09-04 17:09:13 UTC ---
[GPU]
0, 98 %, 68 %, 63629 MiB, 81559 MiB, 59, 575.21 W
[GPU Processes]
3086, 52354 MiB, python
[CPU]
 17:09:13 up 22 days, 16:12,  0 users,  load average: 7.58, 7.54, 7.69
[Memory]
Mem:           1.8Ti        64Gi       382Gi       2.5Gi       1.4Ti       1.7Ti
Swap:             0B          0B          0B
[Disk]
/dev/md127      5.9T  881G  5.0T  15% /home/ben
  Task dir: 347M

--- 2026-09-04 17:10:13 UTC ---
[GPU]
0, 89 %, 58 %, 63629 MiB, 81559 MiB, 61, 572.77 W
[GPU Processes]
3086, 52354 MiB, python
[CPU]
 17:10:13 up 22 days, 16:13,  0 users,  load average: 7.63, 7.55, 7.68
[Memory]
Mem:           1.8Ti        61Gi       379Gi       2.9Gi       1.4Ti       1.7Ti
Swap:             0B          0B          0B
[Disk]
/dev/md127      5.9T  887G  5.0T  15% /home/ben
  Task dir: 347M

--- 2026-09-04 17:11:13 UTC ---
[GPU]
0, 97 %, 64 %, 63629 MiB, 81559 MiB, 57, 600.60 W
[GPU Processes]
3086, 52354 MiB, python
[CPU]
 17:11:14 up 22 days, 16:14,  0 users,  load average: 7.91, 7.66, 7.71
[Memory]
Mem:           1.8Ti        61Gi       379Gi       2.9Gi       1.4Ti       1.7Ti
Swap:             0B          0B          0B
[Disk]
/dev/md127      5.9T  887G  5.0T  15% /home/ben
  Task dir: 347M

--- 2026-09-04 17:12:14 UTC ---
[GPU]
0, 98 %, 69 %, 63629 MiB, 81559 MiB, 59, 350.65 W
[GPU Processes]
3086, 52354 MiB, python
[CPU]
 17:12:14 up 22 days, 16:15,  0 users,  load average: 7.53, 7.59, 7.68
[Memory]
Mem:           1.8Ti        65Gi       374Gi       3.1Gi       1.4Ti       1.7Ti
Swap:             0B          0B          0B
[Disk]
/dev/md127      5.9T  887G  5.0T  15% /home/ben
  Task dir: 347M

--- 2026-09-04 17:13:14 UTC ---
[GPU]
0, 98 %, 64 %, 63629 MiB, 81559 MiB, 61, 612.03 W
[GPU Processes]
3086, 52354 MiB, python
[CPU]
 17:13:14 up 22 days, 16:16,  0 users,  load average: 6.46, 7.32, 7.59
[Memory]
Mem:           1.8Ti        50Gi       382Gi       1.8Gi       1.4Ti       1.7Ti
Swap:             0B          0B          0B
[Disk]
/dev/md127      5.9T  895G  5.0T  16% /home/ben
  Task dir: 347M

--- 2026-09-04 17:14:14 UTC ---
[GPU]
0, 0 %, 0 %, 0 MiB, 81559 MiB, 37, 69.90 W
[GPU Processes]
[CPU]
 17:14:14 up 22 days, 16:17,  0 users,  load average: 5.96, 6.98, 7.45
[Memory]
Mem:           1.8Ti        51Gi       373Gi       2.2Gi       1.4Ti       1.7Ti
Swap:             0B          0B          0B
[Disk]
/dev/md127      5.9T  903G  5.0T  16% /home/ben
  Task dir: 8.4G

--- 2026-09-04 17:15:14 UTC ---
[GPU]
0, 0 %, 0 %, 0 MiB, 81559 MiB, 30, 67.34 W
[GPU Processes]
[CPU]
 17:15:14 up 22 days, 16:18,  0 users,  load average: 5.85, 6.75, 7.34
[Memory]
Mem:           1.8Ti        51Gi       373Gi       2.2Gi       1.4Ti       1.7Ti
Swap:             0B          0B          0B
[Disk]
/dev/md127      5.9T  903G  5.0T  16% /home/ben
  Task dir: 8.4G

--- 2026-09-04 17:16:14 UTC ---
[GPU]
0, 0 %, 0 %, 0 MiB, 81559 MiB, 29, 67.01 W
[GPU Processes]
[CPU]
 17:16:14 up 22 days, 16:19,  0 users,  load average: 5.25, 6.44, 7.20
[Memory]
Mem:           1.8Ti        47Gi       369Gi       1.8Gi       1.4Ti       1.7Ti
Swap:             0B          0B          0B
[Disk]
/dev/md127      5.9T  911G  5.0T  16% /home/ben
  Task dir: 8.4G

--- 2026-09-04 17:17:14 UTC ---
[GPU]
0, 0 %, 0 %, 15209 MiB, 81559 MiB, 31, 113.71 W
[GPU Processes]
5284, 15200 MiB, VLLM::EngineCore
[CPU]
 17:17:14 up 22 days, 16:20,  0 users,  load average: 6.19, 6.48, 7.16
[Memory]
Mem:           1.8Ti        53Gi       363Gi       2.2Gi       1.4Ti       1.7Ti
Swap:             0B          0B          0B
[Disk]
/dev/md127      5.9T  911G  5.0T  16% /home/ben
  Task dir: 8.4G

--- 2026-09-04 17:18:15 UTC ---
[GPU]
0, 0 %, 0 %, 0 MiB, 81559 MiB, 30, 67.06 W
[GPU Processes]
[CPU]
 17:18:15 up 22 days, 16:21,  0 users,  load average: 5.80, 6.30, 7.05
[Memory]
Mem:           1.8Ti        50Gi       360Gi       1.9Gi       1.4Ti       1.7Ti
Swap:             0B          0B          0B
[Disk]
/dev/md127      5.9T  916G  5.0T  16% /home/ben
  Task dir: 14G

--- 2026-09-04 17:19:15 UTC ---
[GPU]
0, 0 %, 0 %, 0 MiB, 81559 MiB, 28, 66.73 W
[GPU Processes]
[CPU]
 17:19:15 up 22 days, 16:22,  0 users,  load average: 5.01, 6.00, 6.90
[Memory]
Mem:           1.8Ti        48Gi       360Gi       1.3Gi       1.4Ti       1.7Ti
Swap:             0B          0B          0B
[Disk]
/dev/md127      5.9T  920G  5.0T  16% /home/ben
  Task dir: 17G

--- 2026-09-04 17:20:15 UTC ---
[GPU]
0, 0 %, 0 %, 4 MiB, 81559 MiB, 28, 66.65 W
[GPU Processes]
[CPU]
 17:20:15 up 22 days, 16:23,  0 users,  load average: 4.80, 5.74, 6.75
[Memory]
Mem:           1.8Ti        49Gi       358Gi       1.3Gi       1.4Ti       1.7Ti
Swap:             0B          0B          0B
[Disk]
/dev/md127      5.9T  920G  5.0T  16% /home/ben
  Task dir: 17G

--- 2026-09-04 17:21:15 UTC ---
[GPU]
0, 68 %, 23 %, 61945 MiB, 81559 MiB, 51, 569.21 W
[GPU Processes]
6080, 50670 MiB, python
[CPU]
 17:21:15 up 22 days, 16:24,  0 users,  load average: 5.04, 5.63, 6.65
[Memory]
Mem:           1.8Ti        51Gi       356Gi       1.3Gi       1.4Ti       1.7Ti
Swap:             0B          0B          0B
[Disk]
/dev/md127      5.9T  920G  5.0T  16% /home/ben
  Task dir: 17G

--- 2026-09-04 17:22:15 UTC ---
[GPU]
0, 94 %, 65 %, 61945 MiB, 81559 MiB, 56, 602.60 W
[GPU Processes]
6080, 50670 MiB, python
[CPU]
 17:22:15 up 22 days, 16:25,  0 users,  load average: 5.28, 5.58, 6.56
[Memory]
Mem:           1.8Ti        52Gi       356Gi       1.3Gi       1.4Ti       1.7Ti
Swap:             0B          0B          0B
[Disk]
/dev/md127      5.9T  920G  5.0T  16% /home/ben
  Task dir: 17G

--- 2026-09-04 17:23:15 UTC ---
[GPU]
0, 86 %, 51 %, 61945 MiB, 81559 MiB, 57, 567.71 W
[GPU Processes]
6080, 50670 MiB, python
[CPU]
 17:23:15 up 22 days, 16:26,  0 users,  load average: 5.48, 5.57, 6.49
[Memory]
Mem:           1.8Ti        51Gi       356Gi       1.3Gi       1.4Ti       1.7Ti
Swap:             0B          0B          0B
[Disk]
/dev/md127      5.9T  920G  5.0T  16% /home/ben
  Task dir: 17G

--- 2026-09-04 17:24:15 UTC ---
[GPU]
0, 99 %, 67 %, 61945 MiB, 81559 MiB, 58, 625.01 W
[GPU Processes]
6080, 50670 MiB, python
[CPU]
 17:24:15 up 22 days, 16:27,  0 users,  load average: 5.69, 5.60, 6.45
[Memory]
Mem:           1.8Ti        52Gi       355Gi       1.3Gi       1.4Ti       1.7Ti
Swap:             0B          0B          0B
[Disk]
/dev/md127      5.9T  920G  5.0T  16% /home/ben
  Task dir: 17G

--- 2026-09-04 17:25:16 UTC ---
[GPU]
0, 72 %, 10 %, 61945 MiB, 81559 MiB, 55, 598.51 W
[GPU Processes]
6080, 50670 MiB, python
[CPU]
 17:25:16 up 22 days, 16:28,  0 users,  load average: 7.10, 5.97, 6.52
[Memory]
Mem:           1.8Ti        51Gi       357Gi       1.3Gi       1.4Ti       1.7Ti
Swap:             0B          0B          0B
[Disk]
/dev/md127      5.9T  920G  5.0T  16% /home/ben
  Task dir: 17G

--- 2026-09-04 17:26:16 UTC ---
[GPU]
0, 95 %, 65 %, 61945 MiB, 81559 MiB, 56, 587.76 W
[GPU Processes]
6080, 50670 MiB, python
[CPU]
 17:26:16 up 22 days, 16:29,  0 users,  load average: 5.85, 5.82, 6.43
[Memory]
Mem:           1.8Ti        51Gi       356Gi       1.3Gi       1.4Ti       1.7Ti
Swap:             0B          0B          0B
[Disk]
/dev/md127      5.9T  920G  5.0T  16% /home/ben
  Task dir: 17G

--- 2026-09-04 17:27:16 UTC ---
[GPU]
0, 98 %, 65 %, 61945 MiB, 81559 MiB, 56, 363.32 W
[GPU Processes]
6080, 50670 MiB, python
[CPU]
 17:27:16 up 22 days, 16:30,  0 users,  load average: 5.58, 5.76, 6.37
[Memory]
Mem:           1.8Ti        51Gi       356Gi       1.3Gi       1.4Ti       1.7Ti
Swap:             0B          0B          0B
[Disk]
/dev/md127      5.9T  920G  5.0T  16% /home/ben
  Task dir: 17G

--- 2026-09-04 17:28:16 UTC ---
[GPU]
0, 90 %, 62 %, 61945 MiB, 81559 MiB, 57, 606.03 W
[GPU Processes]
6080, 50670 MiB, python
[CPU]
 17:28:16 up 22 days, 16:31,  0 users,  load average: 6.17, 5.88, 6.37
[Memory]
Mem:           1.8Ti        51Gi       352Gi       1.3Gi       1.4Ti       1.7Ti
Swap:             0B          0B          0B
[Disk]
/dev/md127      5.9T  920G  5.0T  16% /home/ben
  Task dir: 17G

--- 2026-09-04 17:29:16 UTC ---
[GPU]
0, 88 %, 58 %, 61947 MiB, 81559 MiB, 57, 578.35 W
[GPU Processes]
6080, 50672 MiB, python
[CPU]
 17:29:16 up 22 days, 16:32,  0 users,  load average: 5.76, 5.81, 6.31
[Memory]
Mem:           1.8Ti        53Gi       351Gi       1.3Gi       1.4Ti       1.7Ti
Swap:             0B          0B          0B
[Disk]
/dev/md127      5.9T  920G  5.0T  16% /home/ben
  Task dir: 17G

--- 2026-09-04 17:30:16 UTC ---
[GPU]
0, 97 %, 64 %, 61947 MiB, 81559 MiB, 58, 609.17 W
[GPU Processes]
6080, 50672 MiB, python
[CPU]
 17:30:16 up 22 days, 16:33,  0 users,  load average: 6.08, 5.89, 6.31
[Memory]
Mem:           1.8Ti        55Gi       351Gi       1.7Gi       1.4Ti       1.7Ti
Swap:             0B          0B          0B
[Disk]
/dev/md127      5.9T  920G  5.0T  16% /home/ben
  Task dir: 17G

--- 2026-09-04 17:31:17 UTC ---
[GPU]
0, 98 %, 65 %, 61947 MiB, 81559 MiB, 57, 624.61 W
[GPU Processes]
6080, 50672 MiB, python
[CPU]
 17:31:17 up 22 days, 16:34,  0 users,  load average: 6.11, 5.95, 6.30
[Memory]
Mem:           1.8Ti        51Gi       356Gi       1.3Gi       1.4Ti       1.7Ti
Swap:             0B          0B          0B
[Disk]
/dev/md127      5.9T  920G  5.0T  16% /home/ben
  Task dir: 17G

--- 2026-09-04 17:32:17 UTC ---
[GPU]
0, 99 %, 73 %, 61947 MiB, 81559 MiB, 58, 555.90 W
[GPU Processes]
6080, 50672 MiB, python
[CPU]
 17:32:17 up 22 days, 16:35,  0 users,  load average: 6.16, 6.00, 6.29
[Memory]
Mem:           1.8Ti        52Gi       356Gi       1.3Gi       1.4Ti       1.7Ti
Swap:             0B          0B          0B
[Disk]
/dev/md127      5.9T  920G  5.0T  16% /home/ben
  Task dir: 17G

--- 2026-09-04 17:33:17 UTC ---
[GPU]
0, 98 %, 68 %, 61947 MiB, 81559 MiB, 58, 611.52 W
[GPU Processes]
6080, 50672 MiB, python
[CPU]
 17:33:17 up 22 days, 16:36,  0 users,  load average: 5.58, 5.86, 6.22
[Memory]
Mem:           1.8Ti        52Gi       355Gi       1.3Gi       1.4Ti       1.7Ti
Swap:             0B          0B          0B
[Disk]
/dev/md127      5.9T  920G  5.0T  16% /home/ben
  Task dir: 17G

--- 2026-09-04 17:34:17 UTC ---
[GPU]
0, 98 %, 64 %, 61947 MiB, 81559 MiB, 55, 368.41 W
[GPU Processes]
6080, 50672 MiB, python
[CPU]
 17:34:17 up 22 days, 16:37,  0 users,  load average: 5.90, 5.92, 6.22
[Memory]
Mem:           1.8Ti        53Gi       355Gi       1.3Gi       1.4Ti       1.7Ti
Swap:             0B          0B          0B
[Disk]
/dev/md127      5.9T  920G  5.0T  16% /home/ben
  Task dir: 17G

--- 2026-09-04 17:35:17 UTC ---
[GPU]
0, 97 %, 66 %, 61947 MiB, 81559 MiB, 57, 612.54 W
[GPU Processes]
6080, 50672 MiB, python
[CPU]
 17:35:17 up 22 days, 16:38,  0 users,  load average: 6.66, 6.12, 6.27
[Memory]
Mem:           1.8Ti        53Gi       390Gi       1.2Gi       1.4Ti       1.7Ti
Swap:             0B          0B          0B
[Disk]
/dev/md127      5.9T  774G  5.1T  13% /home/ben
  Task dir: 17G

--- 2026-09-04 17:36:17 UTC ---
[GPU]
0, 98 %, 66 %, 61947 MiB, 81559 MiB, 58, 611.36 W
[GPU Processes]
6080, 50672 MiB, python
[CPU]
 17:36:17 up 22 days, 16:39,  0 users,  load average: 6.51, 6.20, 6.28
[Memory]
Mem:           1.8Ti        53Gi       465Gi       1.2Gi       1.3Ti       1.7Ti
Swap:             0B          0B          0B
[Disk]
/dev/md127      5.9T  512G  5.4T   9% /home/ben
  Task dir: 17G

--- 2026-09-04 17:37:17 UTC ---
[GPU]
0, 94 %, 62 %, 61947 MiB, 81559 MiB, 55, 616.77 W
[GPU Processes]
6080, 50672 MiB, python
[CPU]
 17:37:18 up 22 days, 16:40,  0 users,  load average: 5.90, 6.09, 6.24
[Memory]
Mem:           1.8Ti        46Gi       472Gi       576Mi       1.3Ti       1.7Ti
Swap:             0B          0B          0B
[Disk]
/dev/md127      5.9T  512G  5.4T   9% /home/ben
  Task dir: 17G

--- 2026-09-04 17:38:18 UTC ---
[GPU]
0, 86 %, 42 %, 62427 MiB, 81559 MiB, 55, 602.73 W
[GPU Processes]
6080, 51152 MiB, python
[CPU]
 17:38:18 up 22 days, 16:41,  0 users,  load average: 6.60, 6.22, 6.28
[Memory]
Mem:           1.8Ti        48Gi       469Gi       598Mi       1.3Ti       1.7Ti
Swap:             0B          0B          0B
[Disk]
/dev/md127      5.9T  513G  5.4T   9% /home/ben
  Task dir: 17G

--- 2026-09-04 17:39:18 UTC ---
[GPU]
0, 98 %, 65 %, 62427 MiB, 81559 MiB, 58, 607.76 W
[GPU Processes]
6080, 51152 MiB, python
[CPU]
 17:39:18 up 22 days, 16:42,  0 users,  load average: 6.30, 6.21, 6.27
[Memory]
Mem:           1.8Ti        48Gi       469Gi       599Mi       1.3Ti       1.7Ti
Swap:             0B          0B          0B
[Disk]
/dev/md127      5.9T  513G  5.4T   9% /home/ben
  Task dir: 17G

--- 2026-09-04 17:40:18 UTC ---
[GPU]
0, 93 %, 61 %, 62427 MiB, 81559 MiB, 58, 614.32 W
[GPU Processes]
6080, 51152 MiB, python
[CPU]
 17:40:18 up 22 days, 16:43,  0 users,  load average: 6.44, 6.25, 6.28
[Memory]
Mem:           1.8Ti        49Gi       469Gi       599Mi       1.3Ti       1.7Ti
Swap:             0B          0B          0B
[Disk]
/dev/md127      5.9T  513G  5.4T   9% /home/ben
  Task dir: 17G

--- 2026-09-04 17:41:18 UTC ---
[GPU]
0, 78 %, 11 %, 62427 MiB, 81559 MiB, 54, 588.40 W
[GPU Processes]
6080, 51152 MiB, python
[CPU]
 17:41:18 up 22 days, 16:44,  0 users,  load average: 6.24, 6.23, 6.27
[Memory]
Mem:           1.8Ti        49Gi       469Gi       602Mi       1.3Ti       1.7Ti
Swap:             0B          0B          0B
[Disk]
/dev/md127      5.9T  513G  5.4T   9% /home/ben
  Task dir: 17G

--- 2026-09-04 17:42:18 UTC ---
[GPU]
0, 98 %, 66 %, 62427 MiB, 81559 MiB, 57, 565.66 W
[GPU Processes]
6080, 51152 MiB, python
[CPU]
 17:42:18 up 22 days, 16:45,  0 users,  load average: 6.26, 6.23, 6.27
[Memory]
Mem:           1.8Ti        48Gi       469Gi       602Mi       1.3Ti       1.7Ti
Swap:             0B          0B          0B
[Disk]
/dev/md127      5.9T  513G  5.4T   9% /home/ben
  Task dir: 17G

--- 2026-09-04 17:43:18 UTC ---
[GPU]
0, 98 %, 66 %, 62427 MiB, 81559 MiB, 58, 613.01 W
[GPU Processes]
6080, 51152 MiB, python
[CPU]
 17:43:18 up 22 days, 16:46,  0 users,  load average: 7.45, 6.59, 6.39
[Memory]
Mem:           1.8Ti        54Gi       462Gi       795Mi       1.3Ti       1.7Ti
Swap:             0B          0B          0B
[Disk]
/dev/md127      5.9T  513G  5.4T   9% /home/ben
  Task dir: 17G

--- 2026-09-04 17:44:19 UTC ---
[GPU]
0, 98 %, 69 %, 62427 MiB, 81559 MiB, 59, 580.00 W
[GPU Processes]
6080, 51152 MiB, python
[CPU]
 17:44:19 up 22 days, 16:47,  0 users,  load average: 7.84, 6.86, 6.50
[Memory]
Mem:           1.8Ti        54Gi       461Gi       1.0Gi       1.3Ti       1.7Ti
Swap:             0B          0B          0B
[Disk]
/dev/md127      5.9T  513G  5.4T   9% /home/ben
  Task dir: 17G

--- 2026-09-04 17:45:19 UTC ---
[GPU]
0, 99 %, 92 %, 62427 MiB, 81559 MiB, 56, 499.11 W
[GPU Processes]
6080, 51152 MiB, python
[CPU]
 17:45:19 up 22 days, 16:48,  0 users,  load average: 8.43, 7.20, 6.64
[Memory]
Mem:           1.8Ti        56Gi       458Gi       1.3Gi       1.3Ti       1.7Ti
Swap:             0B          0B          0B
[Disk]
/dev/md127      5.9T  513G  5.4T   9% /home/ben
  Task dir: 17G

--- 2026-09-04 17:46:19 UTC ---
[GPU]
0, 98 %, 66 %, 62427 MiB, 81559 MiB, 58, 607.94 W
[GPU Processes]
6080, 51152 MiB, python
[CPU]
 17:46:19 up 22 days, 16:49,  0 users,  load average: 7.93, 7.31, 6.71
[Memory]
Mem:           1.8Ti        54Gi       460Gi       1.2Gi       1.3Ti       1.7Ti
Swap:             0B          0B          0B
[Disk]
/dev/md127      5.9T  513G  5.4T   9% /home/ben
  Task dir: 17G

--- 2026-09-04 17:47:19 UTC ---
[GPU]
0, 98 %, 66 %, 62427 MiB, 81559 MiB, 57, 562.05 W
[GPU Processes]
6080, 51152 MiB, python
[CPU]
 17:47:19 up 22 days, 16:50,  0 users,  load average: 7.52, 7.31, 6.75
[Memory]
Mem:           1.8Ti        54Gi       460Gi       1.2Gi       1.3Ti       1.7Ti
Swap:             0B          0B          0B
[Disk]
/dev/md127      5.9T  513G  5.4T   9% /home/ben
  Task dir: 17G

--- 2026-09-04 17:48:19 UTC ---
[GPU]
0, 98 %, 66 %, 62427 MiB, 81559 MiB, 54, 604.51 W
[GPU Processes]
6080, 51152 MiB, python
[CPU]
 17:48:19 up 22 days, 16:51,  0 users,  load average: 7.15, 7.25, 6.77
[Memory]
Mem:           1.8Ti        54Gi       460Gi       1.2Gi       1.3Ti       1.7Ti
Swap:             0B          0B          0B
[Disk]
/dev/md127      5.9T  513G  5.4T   9% /home/ben
  Task dir: 17G

--- 2026-09-04 17:49:19 UTC ---
[GPU]
0, 99 %, 81 %, 62427 MiB, 81559 MiB, 52, 358.64 W
[GPU Processes]
6080, 51152 MiB, python
[CPU]
 17:49:19 up 22 days, 16:52,  0 users,  load average: 7.23, 7.26, 6.81
[Memory]
Mem:           1.8Ti        54Gi       460Gi       1.2Gi       1.3Ti       1.7Ti
Swap:             0B          0B          0B
[Disk]
/dev/md127      5.9T  513G  5.4T   9% /home/ben
  Task dir: 17G

--- 2026-09-04 17:50:19 UTC ---
[GPU]
0, 98 %, 67 %, 63627 MiB, 81559 MiB, 58, 602.21 W
[GPU Processes]
6080, 52352 MiB, python
[CPU]
 17:50:20 up 22 days, 16:53,  0 users,  load average: 7.19, 7.24, 6.83
[Memory]
Mem:           1.8Ti        54Gi       460Gi       1.2Gi       1.3Ti       1.7Ti
Swap:             0B          0B          0B
[Disk]
/dev/md127      5.9T  513G  5.4T   9% /home/ben
  Task dir: 17G

--- 2026-09-04 17:51:20 UTC ---
[GPU]
0, 98 %, 66 %, 63627 MiB, 81559 MiB, 58, 620.87 W
[GPU Processes]
6080, 52352 MiB, python
[CPU]
 17:51:20 up 22 days, 16:54,  0 users,  load average: 7.66, 7.35, 6.90
[Memory]
Mem:           1.8Ti        61Gi       458Gi       1.3Gi       1.3Ti       1.7Ti
Swap:             0B          0B          0B
[Disk]
/dev/md127      5.9T  515G  5.4T   9% /home/ben
  Task dir: 17G

--- 2026-09-04 17:52:20 UTC ---
[GPU]
0, 98 %, 67 %, 63627 MiB, 81559 MiB, 53, 590.73 W
[GPU Processes]
6080, 52352 MiB, python
[CPU]
 17:52:20 up 22 days, 16:55,  0 users,  load average: 7.67, 7.44, 6.96
[Memory]
Mem:           1.8Ti        55Gi       493Gi       1.2Gi       1.3Ti       1.7Ti
Swap:             0B          0B          0B
[Disk]
/dev/md127      5.9T  513G  5.4T   9% /home/ben
  Task dir: 17G

--- 2026-09-04 17:53:20 UTC ---
[GPU]
0, 91 %, 57 %, 63627 MiB, 81559 MiB, 61, 605.14 W
[GPU Processes]
6080, 52352 MiB, python
[CPU]
 17:53:20 up 22 days, 16:56,  0 users,  load average: 7.96, 7.55, 7.03
[Memory]
Mem:           1.8Ti        57Gi       492Gi       1.3Gi       1.3Ti       1.7Ti
Swap:             0B          0B          0B
[Disk]
/dev/md127      5.9T  513G  5.4T   9% /home/ben
  Task dir: 17G

--- 2026-09-04 17:54:20 UTC ---
[GPU]
0, 74 %, 28 %, 63629 MiB, 81559 MiB, 56, 559.69 W
[GPU Processes]
6080, 52354 MiB, python
[CPU]
 17:54:20 up 22 days, 16:57,  0 users,  load average: 8.05, 7.65, 7.10
[Memory]
Mem:           1.8Ti        57Gi       492Gi       1.2Gi       1.3Ti       1.7Ti
Swap:             0B          0B          0B
[Disk]
/dev/md127      5.9T  513G  5.4T   9% /home/ben
  Task dir: 17G

--- 2026-09-04 17:55:20 UTC ---
[GPU]
0, 99 %, 68 %, 63629 MiB, 81559 MiB, 58, 610.90 W
[GPU Processes]
6080, 52354 MiB, python
[CPU]
 17:55:20 up 22 days, 16:58,  0 users,  load average: 8.27, 7.81, 7.19
[Memory]
Mem:           1.8Ti        56Gi       492Gi       1.3Gi       1.3Ti       1.7Ti
Swap:             0B          0B          0B
[Disk]
/dev/md127      5.9T  513G  5.4T   9% /home/ben
  Task dir: 17G

--- 2026-09-04 17:56:20 UTC ---
[GPU]
0, 96 %, 65 %, 63629 MiB, 81559 MiB, 58, 563.88 W
[GPU Processes]
6080, 52354 MiB, python
[CPU]
 17:56:20 up 22 days, 16:59,  0 users,  load average: 8.26, 7.89, 7.26
[Memory]
Mem:           1.8Ti        57Gi       474Gi       1.3Gi       1.3Ti       1.7Ti
Swap:             0B          0B          0B
[Disk]
/dev/md127      5.9T  530G  5.3T   9% /home/ben
  Task dir: 17G

--- 2026-09-04 17:57:21 UTC ---
[GPU]
0, 99 %, 67 %, 63629 MiB, 81559 MiB, 57, 581.79 W
[GPU Processes]
6080, 52354 MiB, python
[CPU]
 17:57:21 up 22 days, 17:00,  0 users,  load average: 8.20, 7.94, 7.32
[Memory]
Mem:           1.8Ti        51Gi       480Gi       625Mi       1.3Ti       1.7Ti
Swap:             0B          0B          0B
[Disk]
/dev/md127      5.9T  529G  5.3T   9% /home/ben
  Task dir: 17G

--- 2026-09-04 17:58:21 UTC ---
[GPU]
0, 97 %, 62 %, 63629 MiB, 81559 MiB, 57, 611.55 W
[GPU Processes]
6080, 52354 MiB, python
[CPU]
 17:58:21 up 22 days, 17:01,  0 users,  load average: 7.87, 7.93, 7.36
[Memory]
Mem:           1.8Ti        51Gi       478Gi       625Mi       1.3Ti       1.7Ti
Swap:             0B          0B          0B
[Disk]
/dev/md127      5.9T  529G  5.3T   9% /home/ben
  Task dir: 17G

--- 2026-09-04 17:59:21 UTC ---
[GPU]
0, 98 %, 66 %, 63629 MiB, 81559 MiB, 57, 612.31 W
[GPU Processes]
6080, 52354 MiB, python
[CPU]
 17:59:21 up 22 days, 17:02,  0 users,  load average: 7.53, 7.83, 7.36
[Memory]
Mem:           1.8Ti        52Gi       477Gi       689Mi       1.3Ti       1.7Ti
Swap:             0B          0B          0B
[Disk]
/dev/md127      5.9T  529G  5.3T   9% /home/ben
  Task dir: 17G

--- 2026-09-04 18:00:21 UTC ---
[GPU]
0, 54 %, 40 %, 63629 MiB, 81559 MiB, 54, 293.33 W
[GPU Processes]
6080, 52354 MiB, python
[CPU]
 18:00:21 up 22 days, 17:03,  0 users,  load average: 7.52, 7.78, 7.37
[Memory]
Mem:           1.8Ti        53Gi       458Gi       689Mi       1.3Ti       1.7Ti
Swap:             0B          0B          0B
[Disk]
/dev/md127      5.9T  559G  5.3T  10% /home/ben
  Task dir: 17G

--- 2026-09-04 18:01:21 UTC ---
[GPU]
0, 98 %, 67 %, 63629 MiB, 81559 MiB, 58, 607.46 W
[GPU Processes]
6080, 52354 MiB, python
[CPU]
 18:01:21 up 22 days, 17:04,  0 users,  load average: 7.40, 7.70, 7.37
[Memory]
Mem:           1.8Ti        53Gi       458Gi       689Mi       1.3Ti       1.7Ti
Swap:             0B          0B          0B
[Disk]
/dev/md127      5.9T  559G  5.3T  10% /home/ben
  Task dir: 17G

--- 2026-09-04 18:02:21 UTC ---
[GPU]
0, 92 %, 60 %, 63629 MiB, 81559 MiB, 58, 561.52 W
[GPU Processes]
6080, 52354 MiB, python
[CPU]
 18:02:21 up 22 days, 17:05,  0 users,  load average: 7.74, 7.74, 7.40
[Memory]
Mem:           1.8Ti        53Gi       458Gi       689Mi       1.3Ti       1.7Ti
Swap:             0B          0B          0B
[Disk]
/dev/md127      5.9T  559G  5.3T  10% /home/ben
  Task dir: 17G

--- 2026-09-04 18:03:21 UTC ---
[GPU]
0, 97 %, 76 %, 63629 MiB, 81559 MiB, 58, 625.78 W
[GPU Processes]
6080, 52354 MiB, python
[CPU]
 18:03:22 up 22 days, 17:06,  0 users,  load average: 7.46, 7.66, 7.39
[Memory]
Mem:           1.8Ti        52Gi       462Gi       689Mi       1.3Ti       1.7Ti
Swap:             0B          0B          0B
[Disk]
/dev/md127      5.9T  564G  5.3T  10% /home/ben
  Task dir: 17G

--- 2026-09-04 18:04:22 UTC ---
[GPU]
0, 97 %, 63 %, 63629 MiB, 81559 MiB, 57, 572.87 W
[GPU Processes]
6080, 52354 MiB, python
[CPU]
 18:04:22 up 22 days, 17:07,  0 users,  load average: 7.56, 7.64, 7.40
[Memory]
Mem:           1.8Ti        52Gi       458Gi       689Mi       1.3Ti       1.7Ti
Swap:             0B          0B          0B
[Disk]
/dev/md127      5.9T  582G  5.3T  10% /home/ben
  Task dir: 17G

--- 2026-09-04 18:05:22 UTC ---
[GPU]
0, 91 %, 62 %, 63629 MiB, 81559 MiB, 58, 621.79 W
[GPU Processes]
6080, 52354 MiB, python
[CPU]
 18:05:22 up 22 days, 17:08,  0 users,  load average: 7.34, 7.56, 7.39
[Memory]
Mem:           1.8Ti        52Gi       458Gi       689Mi       1.3Ti       1.7Ti
Swap:             0B          0B          0B
[Disk]
/dev/md127      5.9T  582G  5.3T  10% /home/ben
  Task dir: 17G

--- 2026-09-04 18:06:22 UTC ---
[GPU]
0, 98 %, 65 %, 63629 MiB, 81559 MiB, 59, 609.80 W
[GPU Processes]
6080, 52354 MiB, python
[CPU]
 18:06:22 up 22 days, 17:09,  0 users,  load average: 7.75, 7.64, 7.42
[Memory]
Mem:           1.8Ti        52Gi       457Gi       689Mi       1.3Ti       1.7Ti
Swap:             0B          0B          0B
[Disk]
/dev/md127      5.9T  582G  5.3T  10% /home/ben
  Task dir: 17G

--- 2026-09-04 18:07:22 UTC ---
[GPU]
0, 87 %, 55 %, 63629 MiB, 81559 MiB, 57, 608.75 W
[GPU Processes]
6080, 52354 MiB, python
[CPU]
 18:07:22 up 22 days, 17:10,  0 users,  load average: 7.85, 7.69, 7.46
[Memory]
Mem:           1.8Ti        53Gi       455Gi       689Mi       1.3Ti       1.7Ti
Swap:             0B          0B          0B
[Disk]
/dev/md127      5.9T  604G  5.3T  11% /home/ben
  Task dir: 17G

--- 2026-09-04 18:08:22 UTC ---
[GPU]
0, 99 %, 67 %, 63629 MiB, 81559 MiB, 57, 572.64 W
[GPU Processes]
6080, 52354 MiB, python
[CPU]
 18:08:22 up 22 days, 17:11,  0 users,  load average: 7.73, 7.69, 7.47
[Memory]
Mem:           1.8Ti        53Gi       439Gi       689Mi       1.3Ti       1.7Ti
Swap:             0B          0B          0B
[Disk]
/dev/md127      5.9T  612G  5.3T  11% /home/ben
  Task dir: 17G

--- 2026-09-04 18:09:22 UTC ---
[GPU]
0, 98 %, 66 %, 63629 MiB, 81559 MiB, 58, 600.92 W
[GPU Processes]
6080, 52354 MiB, python
[CPU]
 18:09:22 up 22 days, 17:12,  0 users,  load average: 7.46, 7.63, 7.46
[Memory]
Mem:           1.8Ti        52Gi       440Gi       689Mi       1.3Ti       1.7Ti
Swap:             0B          0B          0B
[Disk]
/dev/md127      5.9T  612G  5.3T  11% /home/ben
  Task dir: 17G

--- 2026-09-04 18:10:23 UTC ---
[GPU]
0, 98 %, 65 %, 63629 MiB, 81559 MiB, 58, 612.48 W
[GPU Processes]
6080, 52354 MiB, python
[CPU]
 18:10:23 up 22 days, 17:13,  0 users,  load average: 7.16, 7.52, 7.43
[Memory]
Mem:           1.8Ti        52Gi       440Gi       689Mi       1.3Ti       1.7Ti
Swap:             0B          0B          0B
[Disk]
/dev/md127      5.9T  612G  5.3T  11% /home/ben
  Task dir: 17G

--- 2026-09-04 18:11:23 UTC ---
[GPU]
0, 96 %, 60 %, 63629 MiB, 81559 MiB, 57, 606.14 W
[GPU Processes]
6080, 52354 MiB, python
[CPU]
 18:11:23 up 22 days, 17:14,  0 users,  load average: 7.22, 7.47, 7.42
[Memory]
Mem:           1.8Ti        52Gi       441Gi       688Mi       1.3Ti       1.7Ti
Swap:             0B          0B          0B
[Disk]
/dev/md127      5.9T  635G  5.2T  11% /home/ben
  Task dir: 17G

--- 2026-09-04 18:12:23 UTC ---
[GPU]
0, 90 %, 59 %, 63629 MiB, 81559 MiB, 57, 603.24 W
[GPU Processes]
6080, 52354 MiB, python
[CPU]
 18:12:23 up 22 days, 17:15,  0 users,  load average: 7.67, 7.56, 7.46
[Memory]
Mem:           1.8Ti        52Gi       441Gi       689Mi       1.3Ti       1.7Ti
Swap:             0B          0B          0B
[Disk]
/dev/md127      5.9T  635G  5.2T  11% /home/ben
  Task dir: 17G

--- 2026-09-04 18:13:23 UTC ---
[GPU]
0, 89 %, 59 %, 63629 MiB, 81559 MiB, 58, 613.56 W
[GPU Processes]
6080, 52354 MiB, python
[CPU]
 18:13:23 up 22 days, 17:16,  0 users,  load average: 7.36, 7.49, 7.44
[Memory]
Mem:           1.8Ti        52Gi       441Gi       688Mi       1.3Ti       1.7Ti
Swap:             0B          0B          0B
[Disk]
/dev/md127      5.9T  635G  5.2T  11% /home/ben
  Task dir: 17G

--- 2026-09-04 18:14:23 UTC ---
[GPU]
0, 89 %, 55 %, 63629 MiB, 81559 MiB, 54, 577.79 W
[GPU Processes]
6080, 52354 MiB, python
[CPU]
 18:14:23 up 22 days, 17:17,  0 users,  load average: 7.25, 7.43, 7.42
[Memory]
Mem:           1.8Ti        54Gi       439Gi       689Mi       1.3Ti       1.7Ti
Swap:             0B          0B          0B
[Disk]
/dev/md127      5.9T  648G  5.2T  11% /home/ben
  Task dir: 17G

--- 2026-09-04 18:15:23 UTC ---
[GPU]
0, 97 %, 61 %, 63629 MiB, 81559 MiB, 59, 604.54 W
[GPU Processes]
6080, 52354 MiB, python
[CPU]
 18:15:23 up 22 days, 17:18,  0 users,  load average: 7.84, 7.58, 7.48
[Memory]
Mem:           1.8Ti        52Gi       449Gi       688Mi       1.3Ti       1.7Ti
Swap:             0B          0B          0B
[Disk]
/dev/md127      5.9T  649G  5.2T  11% /home/ben
  Task dir: 17G

--- 2026-09-04 18:16:23 UTC ---
[GPU]
0, 94 %, 63 %, 63629 MiB, 81559 MiB, 58, 577.62 W
[GPU Processes]
6080, 52354 MiB, python
[CPU]
 18:16:24 up 22 days, 17:19,  0 users,  load average: 8.54, 7.91, 7.60
[Memory]
Mem:           1.8Ti        54Gi       448Gi       689Mi       1.3Ti       1.7Ti
Swap:             0B          0B          0B
[Disk]
/dev/md127      5.9T  649G  5.2T  11% /home/ben
  Task dir: 17G

--- 2026-09-04 18:17:24 UTC ---
[GPU]
0, 97 %, 65 %, 63629 MiB, 81559 MiB, 58, 599.12 W
[GPU Processes]
6080, 52354 MiB, python
[CPU]
 18:17:24 up 22 days, 17:20,  0 users,  load average: 8.79, 8.10, 7.69
[Memory]
Mem:           1.8Ti        56Gi       437Gi       713Mi       1.3Ti       1.7Ti
Swap:             0B          0B          0B
[Disk]
/dev/md127      5.9T  657G  5.2T  12% /home/ben
  Task dir: 17G

--- 2026-09-04 18:18:24 UTC ---
[GPU]
0, 0 %, 0 %, 63629 MiB, 81559 MiB, 51, 361.95 W
[GPU Processes]
6080, 52354 MiB, python
[CPU]
 18:18:24 up 22 days, 17:21,  0 users,  load average: 8.53, 8.13, 7.73
[Memory]
Mem:           1.8Ti        54Gi       427Gi       689Mi       1.3Ti       1.7Ti
Swap:             0B          0B          0B
[Disk]
/dev/md127      5.9T  691G  5.2T  12% /home/ben
  Task dir: 17G

--- 2026-09-04 18:19:24 UTC ---
[GPU]
0, 97 %, 64 %, 63629 MiB, 81559 MiB, 57, 567.85 W
[GPU Processes]
6080, 52354 MiB, python
[CPU]
 18:19:24 up 22 days, 17:22,  0 users,  load average: 8.26, 8.14, 7.75
[Memory]
Mem:           1.8Ti        52Gi       432Gi       668Mi       1.3Ti       1.7Ti
Swap:             0B          0B          0B
[Disk]
/dev/md127      5.9T  721G  5.2T  13% /home/ben
  Task dir: 17G

--- 2026-09-04 18:20:24 UTC ---
[GPU]
0, 98 %, 70 %, 63629 MiB, 81559 MiB, 58, 560.30 W
[GPU Processes]
6080, 52354 MiB, python
[CPU]
 18:20:24 up 22 days, 17:23,  0 users,  load average: 8.54, 8.20, 7.80
[Memory]
Mem:           1.8Ti        56Gi       426Gi       1.0Gi       1.3Ti       1.7Ti
Swap:             0B          0B          0B
[Disk]
/dev/md127      5.9T  721G  5.2T  13% /home/ben
  Task dir: 17G

--- 2026-09-04 18:21:24 UTC ---
[GPU]
0, 97 %, 63 %, 63629 MiB, 81559 MiB, 58, 599.86 W
[GPU Processes]
6080, 52354 MiB, python
[CPU]
 18:21:24 up 22 days, 17:25,  0 users,  load average: 8.04, 8.15, 7.81
[Memory]
Mem:           1.8Ti        52Gi       421Gi       1.0Gi       1.3Ti       1.7Ti
Swap:             0B          0B          0B
[Disk]
/dev/md127      5.9T  729G  5.1T  13% /home/ben
  Task dir: 17G

--- 2026-09-04 18:22:24 UTC ---
[GPU]
0, 97 %, 67 %, 63629 MiB, 81559 MiB, 58, 524.65 W
[GPU Processes]
6080, 52354 MiB, python
[CPU]
 18:22:24 up 22 days, 17:26,  0 users,  load average: 7.74, 8.02, 7.79
[Memory]
Mem:           1.8Ti        58Gi       415Gi       1.8Gi       1.3Ti       1.7Ti
Swap:             0B          0B          0B
[Disk]
/dev/md127      5.9T  729G  5.1T  13% /home/ben
  Task dir: 17G

--- 2026-09-04 18:23:25 UTC ---
[GPU]
0, 98 %, 67 %, 63629 MiB, 81559 MiB, 57, 600.60 W
[GPU Processes]
6080, 52354 MiB, python
[CPU]
 18:23:25 up 22 days, 17:27,  0 users,  load average: 7.85, 8.01, 7.80
[Memory]
Mem:           1.8Ti        56Gi       416Gi       1.6Gi       1.3Ti       1.7Ti
Swap:             0B          0B          0B
[Disk]
/dev/md127      5.9T  730G  5.1T  13% /home/ben
  Task dir: 17G

--- 2026-09-04 18:24:25 UTC ---
[GPU]
0, 96 %, 67 %, 63629 MiB, 81559 MiB, 58, 589.82 W
[GPU Processes]
6080, 52354 MiB, python
[CPU]
 18:24:25 up 22 days, 17:28,  0 users,  load average: 7.95, 8.00, 7.81
[Memory]
Mem:           1.8Ti        61Gi       412Gi       2.2Gi       1.3Ti       1.7Ti
Swap:             0B          0B          0B
[Disk]
/dev/md127      5.9T  730G  5.1T  13% /home/ben
  Task dir: 17G

--- 2026-09-04 18:25:25 UTC ---
[GPU]
0, 98 %, 65 %, 63629 MiB, 81559 MiB, 57, 603.17 W
[GPU Processes]
6080, 52354 MiB, python
[CPU]
 18:25:25 up 22 days, 17:29,  0 users,  load average: 8.29, 8.09, 7.86
[Memory]
Mem:           1.8Ti        59Gi       413Gi       1.2Gi       1.3Ti       1.7Ti
Swap:             0B          0B          0B
[Disk]
/dev/md127      5.9T  731G  5.1T  13% /home/ben
  Task dir: 17G

--- 2026-09-04 18:26:25 UTC ---
[GPU]
0, 76 %, 30 %, 63629 MiB, 81559 MiB, 60, 562.62 W
[GPU Processes]
6080, 52354 MiB, python
[CPU]
 18:26:25 up 22 days, 17:30,  0 users,  load average: 7.44, 7.90, 7.80
[Memory]
Mem:           1.8Ti        58Gi       405Gi       1.9Gi       1.3Ti       1.7Ti
Swap:             0B          0B          0B
[Disk]
/dev/md127      5.9T  738G  5.1T  13% /home/ben
  Task dir: 17G

--- 2026-09-04 18:27:25 UTC ---
[GPU]
0, 98 %, 66 %, 63629 MiB, 81559 MiB, 60, 555.91 W
[GPU Processes]
6080, 52354 MiB, python
[CPU]
 18:27:25 up 22 days, 17:31,  0 users,  load average: 7.75, 7.91, 7.82
[Memory]
Mem:           1.8Ti        60Gi       397Gi       1.9Gi       1.4Ti       1.7Ti
Swap:             0B          0B          0B
[Disk]
/dev/md127      5.9T  746G  5.1T  13% /home/ben
  Task dir: 17G

--- 2026-09-04 18:28:25 UTC ---
[GPU]
0, 92 %, 62 %, 63629 MiB, 81559 MiB, 60, 627.12 W
[GPU Processes]
6080, 52354 MiB, python
[CPU]
 18:28:25 up 22 days, 17:32,  0 users,  load average: 8.14, 8.01, 7.86
[Memory]
Mem:           1.8Ti        65Gi       390Gi       2.7Gi       1.4Ti       1.7Ti
Swap:             0B          0B          0B
[Disk]
/dev/md127      5.9T  746G  5.1T  13% /home/ben
  Task dir: 17G

--- 2026-09-04 18:29:25 UTC ---
[GPU]
0, 97 %, 64 %, 63629 MiB, 81559 MiB, 58, 614.33 W
[GPU Processes]
6080, 52354 MiB, python
[CPU]
 18:29:26 up 22 days, 17:33,  0 users,  load average: 7.66, 7.90, 7.83
[Memory]
Mem:           1.8Ti        61Gi       396Gi       2.4Gi       1.4Ti       1.7Ti
Swap:             0B          0B          0B
[Disk]
/dev/md127      5.9T  746G  5.1T  13% /home/ben
  Task dir: 17G

--- 2026-09-04 18:30:26 UTC ---
[GPU]
0, 99 %, 58 %, 63629 MiB, 81559 MiB, 60, 610.42 W
[GPU Processes]
6080, 52354 MiB, python
[CPU]
 18:30:26 up 22 days, 17:34,  0 users,  load average: 7.76, 7.87, 7.82
[Memory]
Mem:           1.8Ti        54Gi       407Gi       1.2Gi       1.3Ti       1.7Ti
Swap:             0B          0B          0B
[Disk]
/dev/md127      5.9T  746G  5.1T  13% /home/ben
  Task dir: 17G

--- 2026-09-04 18:31:26 UTC ---
[GPU]
0, 98 %, 67 %, 63629 MiB, 81559 MiB, 60, 361.71 W
[GPU Processes]
6080, 52354 MiB, python
[CPU]
 18:31:26 up 22 days, 17:35,  0 users,  load average: 6.83, 7.60, 7.73
[Memory]
Mem:           1.8Ti        55Gi       421Gi       1.7Gi       1.3Ti       1.7Ti
Swap:             0B          0B          0B
[Disk]
/dev/md127      5.9T  730G  5.1T  13% /home/ben
  Task dir: 17G

--- 2026-09-04 18:32:26 UTC ---
[GPU]
0, 98 %, 64 %, 63629 MiB, 81559 MiB, 61, 572.21 W
[GPU Processes]
6080, 52354 MiB, python
[CPU]
 18:32:26 up 22 days, 17:36,  0 users,  load average: 6.48, 7.34, 7.63
[Memory]
Mem:           1.8Ti        52Gi       426Gi       1.1Gi       1.3Ti       1.7Ti
Swap:             0B          0B          0B
[Disk]
/dev/md127      5.9T  730G  5.1T  13% /home/ben
  Task dir: 17G

--- 2026-09-04 18:33:26 UTC ---
[GPU]
0, 89 %, 52 %, 63629 MiB, 81559 MiB, 58, 604.58 W
[GPU Processes]
6080, 52354 MiB, python
[CPU]
 18:33:26 up 22 days, 17:37,  0 users,  load average: 6.35, 7.15, 7.55
[Memory]
Mem:           1.8Ti        55Gi       421Gi       1.5Gi       1.3Ti       1.7Ti
Swap:             0B          0B          0B
[Disk]
/dev/md127      5.9T  730G  5.1T  13% /home/ben
  Task dir: 17G

--- 2026-09-04 18:34:26 UTC ---
[GPU]
0, 99 %, 67 %, 63629 MiB, 81559 MiB, 62, 622.75 W
[GPU Processes]
6080, 52354 MiB, python
[CPU]
 18:34:26 up 22 days, 17:38,  0 users,  load average: 6.85, 7.13, 7.51
[Memory]
Mem:           1.8Ti        59Gi       414Gi       1.7Gi       1.3Ti       1.7Ti
Swap:             0B          0B          0B
[Disk]
/dev/md127      5.9T  734G  5.1T  13% /home/ben
  Task dir: 17G

--- 2026-09-04 18:35:26 UTC ---
[GPU]
0, 97 %, 61 %, 63629 MiB, 81559 MiB, 60, 563.97 W
[GPU Processes]
6080, 52354 MiB, python
[CPU]
 18:35:26 up 22 days, 17:39,  0 users,  load average: 7.44, 7.22, 7.52
[Memory]
Mem:           1.8Ti        57Gi       410Gi       1.5Gi       1.3Ti       1.7Ti
Swap:             0B          0B          0B
[Disk]
/dev/md127      5.9T  738G  5.1T  13% /home/ben
  Task dir: 17G

--- 2026-09-04 18:36:26 UTC ---
[GPU]
0, 97 %, 63 %, 63629 MiB, 81559 MiB, 61, 619.60 W
[GPU Processes]
6080, 52354 MiB, python
[CPU]
 18:36:27 up 22 days, 17:40,  0 users,  load average: 6.26, 6.90, 7.39
[Memory]
Mem:           1.8Ti        51Gi       418Gi       1.1Gi       1.3Ti       1.7Ti
Swap:             0B          0B          0B
[Disk]
/dev/md127      5.9T  738G  5.1T  13% /home/ben
  Task dir: 17G

--- 2026-09-04 18:37:27 UTC ---
[GPU]
0, 90 %, 60 %, 63629 MiB, 81559 MiB, 62, 616.02 W
[GPU Processes]
6080, 52354 MiB, python
[CPU]
 18:37:27 up 22 days, 17:41,  0 users,  load average: 7.07, 7.12, 7.44
[Memory]
Mem:           1.8Ti        51Gi       419Gi       692Mi       1.3Ti       1.7Ti
Swap:             0B          0B          0B
[Disk]
/dev/md127      5.9T  738G  5.1T  13% /home/ben
  Task dir: 17G

--- 2026-09-04 18:38:27 UTC ---
[GPU]
0, 94 %, 59 %, 63629 MiB, 81559 MiB, 59, 613.56 W
[GPU Processes]
6080, 52354 MiB, python
[CPU]
 18:38:27 up 22 days, 17:42,  0 users,  load average: 6.92, 7.04, 7.39
[Memory]
Mem:           1.8Ti        53Gi       415Gi       1.2Gi       1.3Ti       1.7Ti
Swap:             0B          0B          0B
[Disk]
/dev/md127      5.9T  738G  5.1T  13% /home/ben
  Task dir: 17G

--- 2026-09-04 18:39:27 UTC ---
[GPU]
0, 98 %, 65 %, 63629 MiB, 81559 MiB, 62, 617.52 W
[GPU Processes]
6080, 52354 MiB, python
[CPU]
 18:39:27 up 22 days, 17:43,  0 users,  load average: 7.55, 7.30, 7.46
[Memory]
Mem:           1.8Ti        51Gi       419Gi       764Mi       1.3Ti       1.7Ti
Swap:             0B          0B          0B
[Disk]
/dev/md127      5.9T  738G  5.1T  13% /home/ben
  Task dir: 17G

--- 2026-09-04 18:40:27 UTC ---
[GPU]
0, 98 %, 65 %, 63629 MiB, 81559 MiB, 61, 577.27 W
[GPU Processes]
6080, 52354 MiB, python
[CPU]
 18:40:27 up 22 days, 17:44,  0 users,  load average: 7.25, 7.23, 7.42
[Memory]
Mem:           1.8Ti        53Gi       414Gi       1.0Gi       1.3Ti       1.7Ti
Swap:             0B          0B          0B
[Disk]
/dev/md127      5.9T  738G  5.1T  13% /home/ben
  Task dir: 17G

--- 2026-09-04 18:41:27 UTC ---
[GPU]
0, 98 %, 64 %, 63629 MiB, 81559 MiB, 59, 614.79 W
[GPU Processes]
6080, 52354 MiB, python
[CPU]
 18:41:27 up 22 days, 17:45,  0 users,  load average: 7.80, 7.39, 7.47
[Memory]
Mem:           1.8Ti        52Gi       432Gi       979Mi       1.3Ti       1.7Ti
Swap:             0B          0B          0B
[Disk]
/dev/md127      5.9T  722G  5.2T  13% /home/ben
  Task dir: 17G

--- 2026-09-04 18:42:27 UTC ---
[GPU]
0, 97 %, 65 %, 63629 MiB, 81559 MiB, 56, 355.63 W
[GPU Processes]
6080, 52354 MiB, python
[CPU]
 18:42:27 up 22 days, 17:46,  0 users,  load average: 7.77, 7.47, 7.49
[Memory]
Mem:           1.8Ti        54Gi       422Gi       1.2Gi       1.3Ti       1.7Ti
Swap:             0B          0B          0B
[Disk]
/dev/md127      5.9T  730G  5.1T  13% /home/ben
  Task dir: 17G

--- 2026-09-04 18:43:28 UTC ---
[GPU]
0, 98 %, 66 %, 63629 MiB, 81559 MiB, 59, 612.35 W
[GPU Processes]
6080, 52354 MiB, python
[CPU]
 18:43:28 up 22 days, 17:47,  0 users,  load average: 7.57, 7.47, 7.49
[Memory]
Mem:           1.8Ti        54Gi       421Gi       1.2Gi       1.3Ti       1.7Ti
Swap:             0B          0B          0B
[Disk]
/dev/md127      5.9T  730G  5.1T  13% /home/ben
  Task dir: 17G

--- 2026-09-04 18:44:28 UTC ---
[GPU]
0, 99 %, 81 %, 63629 MiB, 81559 MiB, 57, 567.05 W
[GPU Processes]
6080, 52354 MiB, python
[CPU]
 18:44:28 up 22 days, 17:48,  0 users,  load average: 8.94, 7.81, 7.60
[Memory]
Mem:           1.8Ti        56Gi       419Gi       1.2Gi       1.3Ti       1.7Ti
Swap:             0B          0B          0B
[Disk]
/dev/md127      5.9T  730G  5.1T  13% /home/ben
  Task dir: 17G

--- 2026-09-04 18:45:28 UTC ---
[GPU]
0, 90 %, 60 %, 63629 MiB, 81559 MiB, 55, 481.99 W
[GPU Processes]
6080, 52354 MiB, python
[CPU]
 18:45:28 up 22 days, 17:49,  0 users,  load average: 8.78, 8.00, 7.68
[Memory]
Mem:           1.8Ti        57Gi       408Gi       1.6Gi       1.3Ti       1.7Ti
Swap:             0B          0B          0B
[Disk]
/dev/md127      5.9T  730G  5.1T  13% /home/ben
  Task dir: 17G

--- 2026-09-04 18:46:28 UTC ---
[GPU]
0, 98 %, 64 %, 63629 MiB, 81559 MiB, 59, 604.21 W
[GPU Processes]
6080, 52354 MiB, python
[CPU]
 18:46:28 up 22 days, 17:50,  0 users,  load average: 9.31, 8.30, 7.81
[Memory]
Mem:           1.8Ti        51Gi       415Gi       670Mi       1.3Ti       1.7Ti
Swap:             0B          0B          0B
[Disk]
/dev/md127      5.9T  730G  5.1T  13% /home/ben
  Task dir: 17G

--- 2026-09-04 18:47:28 UTC ---
[GPU]
0, 92 %, 61 %, 63629 MiB, 81559 MiB, 58, 601.44 W
[GPU Processes]
6080, 52354 MiB, python
[CPU]
 18:47:28 up 22 days, 17:51,  0 users,  load average: 8.23, 8.25, 7.83
[Memory]
Mem:           1.8Ti        51Gi       406Gi       1.2Gi       1.4Ti       1.7Ti
Swap:             0B          0B          0B
[Disk]
/dev/md127      5.9T  739G  5.1T  13% /home/ben
  Task dir: 17G

--- 2026-09-04 18:48:28 UTC ---
[GPU]
0, 97 %, 63 %, 63629 MiB, 81559 MiB, 58, 599.79 W
[GPU Processes]
6080, 52354 MiB, python
[CPU]
 18:48:28 up 22 days, 17:52,  0 users,  load average: 8.28, 8.30, 7.87
[Memory]
Mem:           1.8Ti        53Gi       403Gi       1.6Gi       1.4Ti       1.7Ti
Swap:             0B          0B          0B
[Disk]
/dev/md127      5.9T  739G  5.1T  13% /home/ben
  Task dir: 17G

--- 2026-09-04 18:49:28 UTC ---
[GPU]
0, 98 %, 67 %, 63629 MiB, 81559 MiB, 57, 603.79 W
[GPU Processes]
6080, 52354 MiB, python
[CPU]
 18:49:29 up 22 days, 17:53,  0 users,  load average: 7.73, 8.15, 7.85
[Memory]
Mem:           1.8Ti        49Gi       407Gi       1.2Gi       1.4Ti       1.7Ti
Swap:             0B          0B          0B
[Disk]
/dev/md127      5.9T  739G  5.1T  13% /home/ben
  Task dir: 17G

--- 2026-09-04 18:50:29 UTC ---
[GPU]
0, 80 %, 23 %, 63629 MiB, 81559 MiB, 55, 589.21 W
[GPU Processes]
6080, 52354 MiB, python
[CPU]
 18:50:29 up 22 days, 17:54,  0 users,  load average: 7.54, 7.99, 7.81
[Memory]
Mem:           1.8Ti        50Gi       407Gi       1.2Gi       1.4Ti       1.7Ti
Swap:             0B          0B          0B
[Disk]
/dev/md127      5.9T  739G  5.1T  13% /home/ben
  Task dir: 17G

--- 2026-09-04 18:51:29 UTC ---
[GPU]
0, 97 %, 68 %, 63629 MiB, 81559 MiB, 58, 601.82 W
[GPU Processes]
6080, 52354 MiB, python
[CPU]
 18:51:29 up 22 days, 17:55,  0 users,  load average: 8.28, 8.04, 7.83
[Memory]
Mem:           1.8Ti        50Gi       408Gi       755Mi       1.4Ti       1.7Ti
Swap:             0B          0B          0B
[Disk]
/dev/md127      5.9T  739G  5.1T  13% /home/ben
  Task dir: 17G

--- 2026-09-04 18:52:29 UTC ---
[GPU]
0, 98 %, 66 %, 63629 MiB, 81559 MiB, 58, 610.00 W
[GPU Processes]
6080, 52354 MiB, python
[CPU]
 18:52:29 up 22 days, 17:56,  0 users,  load average: 7.59, 7.88, 7.79
[Memory]
Mem:           1.8Ti        54Gi       403Gi       1.2Gi       1.4Ti       1.7Ti
Swap:             0B          0B          0B
[Disk]
/dev/md127      5.9T  739G  5.1T  13% /home/ben
  Task dir: 17G

--- 2026-09-04 18:53:29 UTC ---
[GPU]
0, 99 %, 74 %, 63629 MiB, 81559 MiB, 58, 575.14 W
[GPU Processes]
6080, 52354 MiB, python
[CPU]
 18:53:29 up 22 days, 17:57,  0 users,  load average: 7.54, 7.81, 7.77
[Memory]
Mem:           1.8Ti        55Gi       402Gi       1.2Gi       1.4Ti       1.7Ti
Swap:             0B          0B          0B
[Disk]
/dev/md127      5.9T  739G  5.1T  13% /home/ben
  Task dir: 17G

--- 2026-09-04 18:54:29 UTC ---
[GPU]
0, 97 %, 69 %, 63629 MiB, 81559 MiB, 55, 559.45 W
[GPU Processes]
6080, 52354 MiB, python
[CPU]
 18:54:29 up 22 days, 17:58,  0 users,  load average: 8.35, 8.09, 7.88
[Memory]
Mem:           1.8Ti        54Gi       400Gi       1.2Gi       1.4Ti       1.7Ti
Swap:             0B          0B          0B
[Disk]
/dev/md127      5.9T  741G  5.1T  13% /home/ben
  Task dir: 17G

--- 2026-09-04 18:55:29 UTC ---
[GPU]
0, 93 %, 59 %, 63629 MiB, 81559 MiB, 59, 560.01 W
[GPU Processes]
6080, 52354 MiB, python
[CPU]
 18:55:29 up 22 days, 17:59,  0 users,  load average: 9.00, 8.38, 8.00
[Memory]
Mem:           1.8Ti        53Gi       404Gi       693Mi       1.4Ti       1.7Ti
Swap:             0B          0B          0B
[Disk]
/dev/md127      5.9T  739G  5.1T  13% /home/ben
  Task dir: 17G

--- 2026-09-04 18:56:30 UTC ---
[GPU]
0, 96 %, 66 %, 63629 MiB, 81559 MiB, 58, 597.22 W
[GPU Processes]
6080, 52354 MiB, python
[CPU]
 18:56:30 up 22 days, 18:00,  0 users,  load average: 8.47, 8.34, 8.01
[Memory]
Mem:           1.8Ti        57Gi       400Gi       1.3Gi       1.4Ti       1.7Ti
Swap:             0B          0B          0B
[Disk]
/dev/md127      5.9T  739G  5.1T  13% /home/ben
  Task dir: 17G

--- 2026-09-04 18:57:30 UTC ---
[GPU]
0, 80 %, 49 %, 63629 MiB, 81559 MiB, 57, 567.43 W
[GPU Processes]
6080, 52354 MiB, python
[CPU]
 18:57:30 up 22 days, 18:01,  0 users,  load average: 8.44, 8.37, 8.04
[Memory]
Mem:           1.8Ti        61Gi       394Gi       1.3Gi       1.4Ti       1.7Ti
Swap:             0B          0B          0B
[Disk]
/dev/md127      5.9T  740G  5.1T  13% /home/ben
  Task dir: 17G

--- 2026-09-04 18:58:30 UTC ---
[GPU]
0, 96 %, 68 %, 63629 MiB, 81559 MiB, 59, 615.42 W
[GPU Processes]
6080, 52354 MiB, python
[CPU]
 18:58:30 up 22 days, 18:02,  0 users,  load average: 8.37, 8.36, 8.06
[Memory]
Mem:           1.8Ti        58Gi       379Gi       1.3Gi       1.4Ti       1.7Ti
Swap:             0B          0B          0B
[Disk]
/dev/md127      5.9T  758G  5.1T  13% /home/ben
  Task dir: 17G

--- 2026-09-04 18:59:30 UTC ---
[GPU]
0, 99 %, 65 %, 63629 MiB, 81559 MiB, 58, 616.20 W
[GPU Processes]
6080, 52354 MiB, python
[CPU]
 18:59:30 up 22 days, 18:03,  0 users,  load average: 8.63, 8.45, 8.11
[Memory]
Mem:           1.8Ti        57Gi       379Gi       1.3Gi       1.4Ti       1.7Ti
Swap:             0B          0B          0B
[Disk]
/dev/md127      5.9T  758G  5.1T  13% /home/ben
  Task dir: 17G

--- 2026-09-04 19:00:30 UTC ---
[GPU]
0, 98 %, 67 %, 63629 MiB, 81559 MiB, 58, 616.35 W
[GPU Processes]
6080, 52354 MiB, python
[CPU]
 19:00:30 up 22 days, 18:04,  0 users,  load average: 7.82, 8.27, 8.06
[Memory]
Mem:           1.8Ti        52Gi       385Gi       693Mi       1.4Ti       1.7Ti
Swap:             0B          0B          0B
[Disk]
/dev/md127      5.9T  758G  5.1T  13% /home/ben
  Task dir: 17G

--- 2026-09-04 19:01:30 UTC ---
[GPU]
0, 97 %, 64 %, 63629 MiB, 81559 MiB, 59, 572.00 W
[GPU Processes]
6080, 52354 MiB, python
[CPU]
 19:01:30 up 22 days, 18:05,  0 users,  load average: 7.49, 8.09, 8.02
[Memory]
Mem:           1.8Ti        52Gi       385Gi       693Mi       1.4Ti       1.7Ti
Swap:             0B          0B          0B
[Disk]
/dev/md127      5.9T  758G  5.1T  13% /home/ben
  Task dir: 17G

--- 2026-09-04 19:02:30 UTC ---
[GPU]
0, 89 %, 55 %, 63629 MiB, 81559 MiB, 56, 561.99 W
[GPU Processes]
6080, 52354 MiB, python
[CPU]
 19:02:31 up 22 days, 18:06,  0 users,  load average: 7.26, 7.92, 7.96
[Memory]
Mem:           1.8Ti        52Gi       385Gi       693Mi       1.4Ti       1.7Ti
Swap:             0B          0B          0B
[Disk]
/dev/md127      5.9T  758G  5.1T  13% /home/ben
  Task dir: 17G

--- 2026-09-04 19:03:31 UTC ---
[GPU]
0, 96 %, 62 %, 63629 MiB, 81559 MiB, 58, 594.34 W
[GPU Processes]
6080, 52354 MiB, python
[CPU]
 19:03:31 up 22 days, 18:07,  0 users,  load average: 7.19, 7.78, 7.91
[Memory]
Mem:           1.8Ti        52Gi       385Gi       692Mi       1.4Ti       1.7Ti
Swap:             0B          0B          0B
[Disk]
/dev/md127      5.9T  758G  5.1T  13% /home/ben
  Task dir: 17G

--- 2026-09-04 19:04:31 UTC ---
[GPU]
0, 97 %, 63 %, 63629 MiB, 81559 MiB, 58, 571.57 W
[GPU Processes]
6080, 52354 MiB, python
[CPU]
 19:04:31 up 22 days, 18:08,  0 users,  load average: 7.06, 7.62, 7.84
[Memory]
Mem:           1.8Ti        52Gi       385Gi       689Mi       1.4Ti       1.7Ti
Swap:             0B          0B          0B
[Disk]
/dev/md127      5.9T  758G  5.1T  13% /home/ben
  Task dir: 17G

--- 2026-09-04 19:05:31 UTC ---
[GPU]
0, 99 %, 78 %, 63629 MiB, 81559 MiB, 55, 601.95 W
[GPU Processes]
6080, 52354 MiB, python
[CPU]
 19:05:31 up 22 days, 18:09,  0 users,  load average: 7.17, 7.55, 7.80
[Memory]
Mem:           1.8Ti        52Gi       385Gi       692Mi       1.4Ti       1.7Ti
Swap:             0B          0B          0B
[Disk]
/dev/md127      5.9T  758G  5.1T  13% /home/ben
  Task dir: 17G

--- 2026-09-04 19:06:31 UTC ---
[GPU]
0, 97 %, 62 %, 63629 MiB, 81559 MiB, 58, 567.41 W
[GPU Processes]
6080, 52354 MiB, python
[CPU]
 19:06:31 up 22 days, 18:10,  0 users,  load average: 7.06, 7.45, 7.75
[Memory]
Mem:           1.8Ti        52Gi       385Gi       692Mi       1.4Ti       1.7Ti
Swap:             0B          0B          0B
[Disk]
/dev/md127      5.9T  758G  5.1T  13% /home/ben
  Task dir: 17G

--- 2026-09-04 19:07:31 UTC ---
[GPU]
0, 89 %, 60 %, 63629 MiB, 81559 MiB, 58, 600.48 W
[GPU Processes]
6080, 52354 MiB, python
[CPU]
 19:07:31 up 22 days, 18:11,  0 users,  load average: 7.19, 7.41, 7.72
[Memory]
Mem:           1.8Ti        52Gi       385Gi       693Mi       1.4Ti       1.7Ti
Swap:             0B          0B          0B
[Disk]
/dev/md127      5.9T  758G  5.1T  13% /home/ben
  Task dir: 17G

--- 2026-09-04 19:08:31 UTC ---
[GPU]
0, 97 %, 62 %, 63629 MiB, 81559 MiB, 58, 606.72 W
[GPU Processes]
6080, 52354 MiB, python
[CPU]
 19:08:31 up 22 days, 18:12,  0 users,  load average: 7.34, 7.40, 7.69
[Memory]
Mem:           1.8Ti        52Gi       385Gi       692Mi       1.4Ti       1.7Ti
Swap:             0B          0B          0B
[Disk]
/dev/md127      5.9T  758G  5.1T  13% /home/ben
  Task dir: 17G

--- 2026-09-04 19:09:32 UTC ---
[GPU]
0, 99 %, 75 %, 63629 MiB, 81559 MiB, 58, 567.73 W
[GPU Processes]
6080, 52354 MiB, python
[CPU]
 19:09:32 up 22 days, 18:13,  0 users,  load average: 7.13, 7.33, 7.65
[Memory]
Mem:           1.8Ti        52Gi       385Gi       693Mi       1.4Ti       1.7Ti
Swap:             0B          0B          0B
[Disk]
/dev/md127      5.9T  758G  5.1T  13% /home/ben
  Task dir: 17G

--- 2026-09-04 19:10:32 UTC ---
[GPU]
0, 99 %, 68 %, 63629 MiB, 81559 MiB, 58, 610.05 W
[GPU Processes]
6080, 52354 MiB, python
[CPU]
 19:10:32 up 22 days, 18:14,  0 users,  load average: 12.59, 8.67, 8.08
[Memory]
Mem:           1.8Ti        52Gi       383Gi       693Mi       1.4Ti       1.7Ti
Swap:             0B          0B          0B
[Disk]
/dev/md127      5.9T  758G  5.1T  13% /home/ben
  Task dir: 17G

--- 2026-09-04 19:11:32 UTC ---
[GPU]
0, 0 %, 0 %, 63629 MiB, 81559 MiB, 50, 532.66 W
[GPU Processes]
6080, 52354 MiB, python
[CPU]
 19:11:32 up 22 days, 18:15,  0 users,  load average: 16.87, 10.62, 8.79
[Memory]
Mem:           1.8Ti        52Gi       383Gi       693Mi       1.4Ti       1.7Ti
Swap:             0B          0B          0B
[Disk]
/dev/md127      5.9T  758G  5.1T  13% /home/ben
  Task dir: 17G

--- 2026-09-04 19:12:32 UTC ---
[GPU]
0, 98 %, 64 %, 63629 MiB, 81559 MiB, 58, 609.98 W
[GPU Processes]
6080, 52354 MiB, python
[CPU]
 19:12:32 up 22 days, 18:16,  0 users,  load average: 18.22, 12.15, 9.43
[Memory]
Mem:           1.8Ti        52Gi       383Gi       693Mi       1.4Ti       1.7Ti
Swap:             0B          0B          0B
[Disk]
/dev/md127      5.9T  758G  5.1T  13% /home/ben
  Task dir: 17G

--- 2026-09-04 19:13:32 UTC ---
[GPU]
0, 96 %, 59 %, 63629 MiB, 81559 MiB, 56, 616.56 W
[GPU Processes]
6080, 52354 MiB, python
[CPU]
 19:13:32 up 22 days, 18:17,  0 users,  load average: 19.15, 13.52, 10.07
[Memory]
Mem:           1.8Ti        53Gi       382Gi       693Mi       1.4Ti       1.7Ti
Swap:             0B          0B          0B
[Disk]
/dev/md127      5.9T  758G  5.1T  13% /home/ben
  Task dir: 17G

--- 2026-09-04 19:14:32 UTC ---
[GPU]
0, 95 %, 57 %, 63629 MiB, 81559 MiB, 54, 567.92 W
[GPU Processes]
6080, 52354 MiB, python
[CPU]
 19:14:32 up 22 days, 18:18,  0 users,  load average: 19.12, 14.55, 10.65
[Memory]
Mem:           1.8Ti        53Gi       383Gi       693Mi       1.4Ti       1.7Ti
Swap:             0B          0B          0B
[Disk]
/dev/md127      5.9T  758G  5.1T  13% /home/ben
  Task dir: 17G

--- 2026-09-04 19:15:32 UTC ---
[GPU]
0, 97 %, 61 %, 63629 MiB, 81559 MiB, 58, 591.10 W
[GPU Processes]
6080, 52354 MiB, python
[CPU]
 19:15:33 up 22 days, 18:19,  0 users,  load average: 19.46, 15.46, 11.20
[Memory]
Mem:           1.8Ti        53Gi       382Gi       693Mi       1.4Ti       1.7Ti
Swap:             0B          0B          0B
[Disk]
/dev/md127      5.9T  758G  5.1T  13% /home/ben
  Task dir: 17G

--- 2026-09-04 19:16:33 UTC ---
[GPU]
0, 93 %, 64 %, 63629 MiB, 81559 MiB, 59, 615.92 W
[GPU Processes]
6080, 52354 MiB, python
[CPU]
 19:16:33 up 22 days, 18:20,  0 users,  load average: 19.94, 16.33, 11.77
[Memory]
Mem:           1.8Ti        55Gi       381Gi       713Mi       1.4Ti       1.7Ti
Swap:             0B          0B          0B
[Disk]
/dev/md127      5.9T  758G  5.1T  13% /home/ben
  Task dir: 17G

--- 2026-09-04 19:17:33 UTC ---
[GPU]
0, 99 %, 78 %, 63629 MiB, 81559 MiB, 58, 570.31 W
[GPU Processes]
6080, 52354 MiB, python
[CPU]
 19:17:33 up 22 days, 18:21,  0 users,  load average: 20.22, 17.07, 12.31
[Memory]
Mem:           1.8Ti        55Gi       381Gi       713Mi       1.4Ti       1.7Ti
Swap:             0B          0B          0B
[Disk]
/dev/md127      5.9T  758G  5.1T  13% /home/ben
  Task dir: 17G

--- 2026-09-04 19:18:33 UTC ---
[GPU]
0, 98 %, 69 %, 63629 MiB, 81559 MiB, 57, 556.25 W
[GPU Processes]
6080, 52354 MiB, python
[CPU]
 19:18:33 up 22 days, 18:22,  0 users,  load average: 20.12, 17.62, 12.80
[Memory]
Mem:           1.8Ti        55Gi       381Gi       713Mi       1.4Ti       1.7Ti
Swap:             0B          0B          0B
[Disk]
/dev/md127      5.9T  758G  5.1T  13% /home/ben
  Task dir: 17G

--- 2026-09-04 19:19:33 UTC ---
[GPU]
0, 97 %, 62 %, 63629 MiB, 81559 MiB, 58, 566.54 W
[GPU Processes]
6080, 52354 MiB, python
[CPU]
 19:19:33 up 22 days, 18:23,  0 users,  load average: 20.31, 18.12, 13.28
[Memory]
Mem:           1.8Ti        55Gi       381Gi       714Mi       1.4Ti       1.7Ti
Swap:             0B          0B          0B
[Disk]
/dev/md127      5.9T  758G  5.1T  13% /home/ben
  Task dir: 17G

--- 2026-09-04 19:20:33 UTC ---
[GPU]
0, 97 %, 64 %, 63629 MiB, 81559 MiB, 58, 571.86 W
[GPU Processes]
6080, 52354 MiB, python
[CPU]
 19:20:33 up 22 days, 18:24,  0 users,  load average: 20.39, 18.53, 13.72
[Memory]
Mem:           1.8Ti        55Gi       381Gi       713Mi       1.4Ti       1.7Ti
Swap:             0B          0B          0B
[Disk]
/dev/md127      5.9T  758G  5.1T  13% /home/ben
  Task dir: 17G

--- 2026-09-04 19:21:33 UTC ---
[GPU]
0, 98 %, 66 %, 63629 MiB, 81559 MiB, 58, 562.58 W
[GPU Processes]
6080, 52354 MiB, python
[CPU]
 19:21:34 up 22 days, 18:25,  0 users,  load average: 20.28, 18.85, 14.14
[Memory]
Mem:           1.8Ti        55Gi       381Gi       713Mi       1.4Ti       1.7Ti
Swap:             0B          0B          0B
[Disk]
/dev/md127      5.9T  758G  5.1T  13% /home/ben
  Task dir: 17G

--- 2026-09-04 19:22:34 UTC ---
[GPU]
0, 90 %, 60 %, 63629 MiB, 81559 MiB, 57, 569.15 W
[GPU Processes]
6080, 52354 MiB, python
[CPU]
 19:22:34 up 22 days, 18:26,  0 users,  load average: 20.10, 19.07, 14.51
[Memory]
Mem:           1.8Ti        55Gi       380Gi       713Mi       1.4Ti       1.7Ti
Swap:             0B          0B          0B
[Disk]
/dev/md127      5.9T  758G  5.1T  13% /home/ben
  Task dir: 17G

--- 2026-09-04 19:23:34 UTC ---
[GPU]
0, 98 %, 65 %, 63629 MiB, 81559 MiB, 57, 615.86 W
[GPU Processes]
6080, 52354 MiB, python
[CPU]
 19:23:34 up 22 days, 18:27,  0 users,  load average: 20.14, 19.27, 14.86
[Memory]
Mem:           1.8Ti        55Gi       380Gi       713Mi       1.4Ti       1.7Ti
Swap:             0B          0B          0B
[Disk]
/dev/md127      5.9T  758G  5.1T  13% /home/ben
  Task dir: 17G

--- 2026-09-04 19:24:34 UTC ---
[GPU]
0, 98 %, 67 %, 63629 MiB, 81559 MiB, 58, 620.82 W
[GPU Processes]
6080, 52354 MiB, python
[CPU]
 19:24:34 up 22 days, 18:28,  0 users,  load average: 20.21, 19.45, 15.20
[Memory]
Mem:           1.8Ti        55Gi       380Gi       714Mi       1.4Ti       1.7Ti
Swap:             0B          0B          0B
[Disk]
/dev/md127      5.9T  758G  5.1T  13% /home/ben
  Task dir: 17G

--- 2026-09-04 19:25:34 UTC ---
[GPU]
0, 92 %, 58 %, 63629 MiB, 81559 MiB, 57, 557.25 W
[GPU Processes]
6080, 52354 MiB, python
[CPU]
 19:25:34 up 22 days, 18:29,  0 users,  load average: 21.44, 19.88, 15.62
[Memory]
Mem:           1.8Ti        55Gi       364Gi       691Mi       1.4Ti       1.7Ti
Swap:             0B          0B          0B
[Disk]
/dev/md127      5.9T  775G  5.1T  14% /home/ben
  Task dir: 17G

--- 2026-09-04 19:26:34 UTC ---
[GPU]
0, 97 %, 62 %, 63629 MiB, 81559 MiB, 61, 610.40 W
[GPU Processes]
6080, 52354 MiB, python
[CPU]
 19:26:34 up 22 days, 18:30,  0 users,  load average: 20.75, 19.98, 15.92
[Memory]
Mem:           1.8Ti        57Gi       362Gi       1.0Gi       1.4Ti       1.7Ti
Swap:             0B          0B          0B
[Disk]
/dev/md127      5.9T  775G  5.1T  14% /home/ben
  Task dir: 17G

--- 2026-09-04 19:27:34 UTC ---
[GPU]
0, 95 %, 65 %, 63629 MiB, 81559 MiB, 56, 551.83 W
[GPU Processes]
6080, 52354 MiB, python
[CPU]
 19:27:35 up 22 days, 18:31,  0 users,  load average: 20.50, 20.06, 16.20
[Memory]
Mem:           1.8Ti        58Gi       360Gi       1.3Gi       1.4Ti       1.7Ti
Swap:             0B          0B          0B
[Disk]
/dev/md127      5.9T  775G  5.1T  14% /home/ben
  Task dir: 17G

--- 2026-09-04 19:28:35 UTC ---
[GPU]
0, 0 %, 0 %, 63629 MiB, 81559 MiB, 53, 333.93 W
[GPU Processes]
6080, 52354 MiB, python
[CPU]
 19:28:35 up 22 days, 18:32,  0 users,  load average: 20.30, 20.09, 16.46
[Memory]
Mem:           1.8Ti        59Gi       360Gi       1.3Gi       1.4Ti       1.7Ti
Swap:             0B          0B          0B
[Disk]
/dev/md127      5.9T  775G  5.1T  14% /home/ben
  Task dir: 17G

--- 2026-09-04 19:29:35 UTC ---
[GPU]
0, 98 %, 66 %, 63629 MiB, 81559 MiB, 60, 566.46 W
[GPU Processes]
6080, 52354 MiB, python
[CPU]
 19:29:35 up 22 days, 18:33,  0 users,  load average: 20.38, 20.15, 16.71
[Memory]
Mem:           1.8Ti        56Gi       364Gi       691Mi       1.4Ti       1.7Ti
Swap:             0B          0B          0B
[Disk]
/dev/md127      5.9T  797G  5.1T  14% /home/ben
  Task dir: 17G

--- 2026-09-04 19:30:35 UTC ---
[GPU]
0, 96 %, 71 %, 63629 MiB, 81559 MiB, 60, 599.28 W
[GPU Processes]
6080, 52354 MiB, python
[CPU]
 19:30:35 up 22 days, 18:34,  0 users,  load average: 20.14, 20.12, 16.92
[Memory]
Mem:           1.8Ti        59Gi       360Gi       1.0Gi       1.4Ti       1.7Ti
Swap:             0B          0B          0B
[Disk]
/dev/md127      5.9T  797G  5.1T  14% /home/ben
  Task dir: 17G

--- 2026-09-04 19:31:35 UTC ---
[GPU]
0, 68 %, 14 %, 63629 MiB, 81559 MiB, 58, 583.72 W
[GPU Processes]
6080, 52354 MiB, python
[CPU]
 19:31:35 up 22 days, 18:35,  0 users,  load average: 20.47, 20.20, 17.15
[Memory]
Mem:           1.8Ti        60Gi       359Gi       1.3Gi       1.4Ti       1.7Ti
Swap:             0B          0B          0B
[Disk]
/dev/md127      5.9T  797G  5.1T  14% /home/ben
  Task dir: 17G

--- 2026-09-04 19:32:35 UTC ---
[GPU]
0, 89 %, 57 %, 63629 MiB, 81559 MiB, 60, 624.95 W
[GPU Processes]
6080, 52354 MiB, python
[CPU]
 19:32:35 up 22 days, 18:36,  0 users,  load average: 20.31, 20.22, 17.35
[Memory]
Mem:           1.8Ti        59Gi       359Gi       1.3Gi       1.4Ti       1.7Ti
Swap:             0B          0B          0B
[Disk]
/dev/md127      5.9T  797G  5.1T  14% /home/ben
  Task dir: 17G

--- 2026-09-04 19:33:35 UTC ---
[GPU]
0, 97 %, 67 %, 63629 MiB, 81559 MiB, 59, 565.99 W
[GPU Processes]
6080, 52354 MiB, python
[CPU]
 19:33:35 up 22 days, 18:37,  0 users,  load average: 20.16, 20.19, 17.53
[Memory]
Mem:           1.8Ti        58Gi       360Gi       1.0Gi       1.4Ti       1.7Ti
Swap:             0B          0B          0B
[Disk]
/dev/md127      5.9T  797G  5.1T  14% /home/ben
  Task dir: 17G

--- 2026-09-04 19:34:36 UTC ---
[GPU]
0, 0 %, 0 %, 63629 MiB, 81559 MiB, 49, 395.40 W
[GPU Processes]
6080, 52354 MiB, python
[CPU]
 19:34:36 up 22 days, 18:38,  0 users,  load average: 20.11, 20.17, 17.69
[Memory]
Mem:           1.8Ti        60Gi       358Gi       1.3Gi       1.4Ti       1.7Ti
Swap:             0B          0B          0B
[Disk]
/dev/md127      5.9T  798G  5.1T  14% /home/ben
  Task dir: 17G

--- 2026-09-04 19:35:36 UTC ---
[GPU]
0, 97 %, 64 %, 63629 MiB, 81559 MiB, 59, 609.11 W
[GPU Processes]
6080, 52354 MiB, python
[CPU]
 19:35:36 up 22 days, 18:39,  0 users,  load average: 20.67, 20.28, 17.88
[Memory]
Mem:           1.8Ti        59Gi       358Gi       1.3Gi       1.4Ti       1.7Ti
Swap:             0B          0B          0B
[Disk]
/dev/md127      5.9T  798G  5.1T  14% /home/ben
  Task dir: 17G

--- 2026-09-04 19:36:36 UTC ---
[GPU]
0, 98 %, 66 %, 63629 MiB, 81559 MiB, 59, 615.30 W
[GPU Processes]
6080, 52354 MiB, python
[CPU]
 19:36:36 up 22 days, 18:40,  0 users,  load average: 20.46, 20.29, 18.04
[Memory]
Mem:           1.8Ti        56Gi       362Gi       691Mi       1.4Ti       1.7Ti
Swap:             0B          0B          0B
[Disk]
/dev/md127      5.9T  798G  5.1T  14% /home/ben
  Task dir: 17G

--- 2026-09-04 19:37:36 UTC ---
[GPU]
0, 90 %, 57 %, 63629 MiB, 81559 MiB, 58, 557.06 W
[GPU Processes]
6080, 52354 MiB, python
[CPU]
 19:37:36 up 22 days, 18:41,  0 users,  load average: 20.35, 20.29, 18.18
[Memory]
Mem:           1.8Ti        62Gi       338Gi       1.0Gi       1.4Ti       1.7Ti
Swap:             0B          0B          0B
[Disk]
/dev/md127      5.9T  816G  5.1T  14% /home/ben
  Task dir: 17G

--- 2026-09-04 19:38:36 UTC ---
[GPU]
0, 97 %, 66 %, 63629 MiB, 81559 MiB, 62, 611.96 W
[GPU Processes]
6080, 52354 MiB, python
[CPU]
 19:38:36 up 22 days, 18:42,  0 users,  load average: 20.30, 20.27, 18.32
[Memory]
Mem:           1.8Ti        62Gi       309Gi       1.3Gi       1.4Ti       1.7Ti
Swap:             0B          0B          0B
[Disk]
/dev/md127      5.9T  843G  5.0T  15% /home/ben
  Task dir: 17G

--- 2026-09-04 19:39:36 UTC ---
[GPU]
0, 89 %, 57 %, 63629 MiB, 81559 MiB, 62, 615.30 W
[GPU Processes]
6080, 52354 MiB, python
[CPU]
 19:39:36 up 22 days, 18:43,  0 users,  load average: 19.74, 20.12, 18.39
[Memory]
Mem:           1.8Ti        57Gi       392Gi       1.2Gi       1.4Ti       1.7Ti
Swap:             0B          0B          0B
[Disk]
/dev/md127      5.9T  768G  5.1T  13% /home/ben
  Task dir: 17G

--- 2026-09-04 19:40:37 UTC ---
[GPU]
0, 97 %, 61 %, 63629 MiB, 81559 MiB, 62, 614.23 W
[GPU Processes]
6080, 52354 MiB, python
[CPU]
 19:40:37 up 22 days, 18:44,  0 users,  load average: 19.46, 19.97, 18.46
[Memory]
Mem:           1.8Ti        55Gi       393Gi       1.0Gi       1.4Ti       1.7Ti
Swap:             0B          0B          0B
[Disk]
/dev/md127      5.9T  768G  5.1T  13% /home/ben
  Task dir: 17G

--- 2026-09-04 19:41:37 UTC ---
[GPU]
0, 98 %, 62 %, 63629 MiB, 81559 MiB, 63, 623.61 W
[GPU Processes]
6080, 52354 MiB, python
[CPU]
 19:41:37 up 22 days, 18:45,  0 users,  load average: 19.37, 19.84, 18.51
[Memory]
Mem:           1.8Ti        57Gi       390Gi       1.2Gi       1.4Ti       1.7Ti
Swap:             0B          0B          0B
[Disk]
/dev/md127      5.9T  770G  5.1T  13% /home/ben
  Task dir: 17G

--- 2026-09-04 19:42:37 UTC ---
[GPU]
0, 87 %, 57 %, 63629 MiB, 81559 MiB, 63, 618.98 W
[GPU Processes]
6080, 52354 MiB, python
[CPU]
 19:42:37 up 22 days, 18:46,  0 users,  load average: 18.82, 19.58, 18.50
[Memory]
Mem:           1.8Ti        52Gi       388Gi       664Mi       1.4Ti       1.7Ti
Swap:             0B          0B          0B
[Disk]
/dev/md127      5.9T  800G  5.1T  14% /home/ben
  Task dir: 17G

--- 2026-09-04 19:43:37 UTC ---
[GPU]
0, 99 %, 70 %, 63629 MiB, 81559 MiB, 61, 592.28 W
[GPU Processes]
6080, 52354 MiB, python
[CPU]
 19:43:37 up 22 days, 18:47,  0 users,  load average: 19.14, 19.51, 18.55
[Memory]
Mem:           1.8Ti        54Gi       385Gi       687Mi       1.4Ti       1.7Ti
Swap:             0B          0B          0B
[Disk]
/dev/md127      5.9T  801G  5.1T  14% /home/ben
  Task dir: 17G

--- 2026-09-04 19:44:37 UTC ---
[GPU]
0, 99 %, 75 %, 63629 MiB, 81559 MiB, 60, 614.69 W
[GPU Processes]
6080, 52354 MiB, python
[CPU]
 19:44:37 up 22 days, 18:48,  0 users,  load average: 19.28, 19.48, 18.60
[Memory]
Mem:           1.8Ti        54Gi       385Gi       689Mi       1.4Ti       1.7Ti
Swap:             0B          0B          0B
[Disk]
/dev/md127      5.9T  801G  5.1T  14% /home/ben
  Task dir: 17G

--- 2026-09-04 19:45:37 UTC ---
[GPU]
0, 98 %, 66 %, 63629 MiB, 81559 MiB, 60, 577.19 W
[GPU Processes]
6080, 52354 MiB, python
[CPU]
 19:45:37 up 22 days, 18:49,  0 users,  load average: 20.21, 19.65, 18.71
[Memory]
Mem:           1.8Ti        58Gi       381Gi       689Mi       1.4Ti       1.7Ti
Swap:             0B          0B          0B
[Disk]
/dev/md127      5.9T  801G  5.1T  14% /home/ben
  Task dir: 17G

--- 2026-09-04 19:46:37 UTC ---
[GPU]
0, 69 %, 29 %, 63629 MiB, 81559 MiB, 57, 569.92 W
[GPU Processes]
6080, 52354 MiB, python
[CPU]
 19:46:38 up 22 days, 18:50,  0 users,  load average: 20.14, 19.73, 18.80
[Memory]
Mem:           1.8Ti        55Gi       383Gi       709Mi       1.4Ti       1.7Ti
Swap:             0B          0B          0B
[Disk]
/dev/md127      5.9T  801G  5.1T  14% /home/ben
  Task dir: 17G

--- 2026-09-04 19:47:38 UTC ---
[GPU]
0, 98 %, 70 %, 63629 MiB, 81559 MiB, 58, 606.81 W
[GPU Processes]
6080, 52354 MiB, python
[CPU]
 19:47:38 up 22 days, 18:51,  0 users,  load average: 20.09, 19.80, 18.88
[Memory]
Mem:           1.8Ti        55Gi       383Gi       709Mi       1.4Ti       1.7Ti
Swap:             0B          0B          0B
[Disk]
/dev/md127      5.9T  801G  5.1T  14% /home/ben
  Task dir: 17G

--- 2026-09-04 19:48:38 UTC ---
[GPU]
0, 96 %, 62 %, 63629 MiB, 81559 MiB, 59, 610.40 W
[GPU Processes]
6080, 52354 MiB, python
[CPU]
 19:48:38 up 22 days, 18:52,  0 users,  load average: 20.11, 19.87, 18.97
[Memory]
Mem:           1.8Ti        55Gi       383Gi       710Mi       1.4Ti       1.7Ti
Swap:             0B          0B          0B
[Disk]
/dev/md127      5.9T  801G  5.1T  14% /home/ben
  Task dir: 17G

--- 2026-09-04 19:49:38 UTC ---
[GPU]
0, 97 %, 67 %, 63629 MiB, 81559 MiB, 57, 559.00 W
[GPU Processes]
6080, 52354 MiB, python
[CPU]
 19:49:38 up 22 days, 18:53,  0 users,  load average: 20.12, 19.92, 19.04
[Memory]
Mem:           1.8Ti        55Gi       383Gi       710Mi       1.4Ti       1.7Ti
Swap:             0B          0B          0B
[Disk]
/dev/md127      5.9T  801G  5.1T  14% /home/ben
  Task dir: 17G

--- 2026-09-04 19:50:38 UTC ---
[GPU]
0, 93 %, 63 %, 63629 MiB, 81559 MiB, 58, 607.30 W
[GPU Processes]
6080, 52354 MiB, python
[CPU]
 19:50:38 up 22 days, 18:54,  0 users,  load average: 20.15, 19.97, 19.12
[Memory]
Mem:           1.8Ti        56Gi       383Gi       709Mi       1.4Ti       1.7Ti
Swap:             0B          0B          0B
[Disk]
/dev/md127      5.9T  801G  5.1T  14% /home/ben
  Task dir: 17G

--- 2026-09-04 19:51:38 UTC ---
[GPU]
0, 98 %, 68 %, 63629 MiB, 81559 MiB, 59, 610.67 W
[GPU Processes]
6080, 52354 MiB, python
[CPU]
 19:51:38 up 22 days, 18:55,  0 users,  load average: 20.05, 19.98, 19.17
[Memory]
Mem:           1.8Ti        56Gi       383Gi       709Mi       1.4Ti       1.7Ti
Swap:             0B          0B          0B
[Disk]
/dev/md127      5.9T  801G  5.1T  14% /home/ben
  Task dir: 17G

--- 2026-09-04 19:52:38 UTC ---
[GPU]
0, 0 %, 0 %, 0 MiB, 81559 MiB, 32, 67.71 W
[GPU Processes]
[CPU]
 19:52:38 up 22 days, 18:56,  0 users,  load average: 19.87, 19.95, 19.22
[Memory]
Mem:           1.8Ti        52Gi       378Gi       685Mi       1.4Ti       1.7Ti
Swap:             0B          0B          0B
[Disk]
/dev/md127      5.9T  809G  5.1T  14% /home/ben
  Task dir: 25G

--- 2026-09-04 19:53:39 UTC ---
[GPU]
0, 0 %, 0 %, 15209 MiB, 81559 MiB, 32, 114.08 W
[GPU Processes]
9442, 15200 MiB, VLLM::EngineCore
[CPU]
 19:53:39 up 22 days, 18:57,  0 users,  load average: 20.09, 20.00, 19.28
[Memory]
Mem:           1.8Ti        55Gi       375Gi       1.0Gi       1.4Ti       1.7Ti
Swap:             0B          0B          0B
[Disk]
/dev/md127      5.9T  809G  5.1T  14% /home/ben
  Task dir: 25G

--- 2026-09-04 19:54:39 UTC ---
[GPU]
0, 0 %, 0 %, 0 MiB, 81559 MiB, 31, 67.12 W
[GPU Processes]
[CPU]
 19:54:39 up 22 days, 18:58,  0 users,  load average: 20.02, 20.01, 19.33
[Memory]
Mem:           1.8Ti        52Gi       379Gi       685Mi       1.4Ti       1.7Ti
Swap:             0B          0B          0B
[Disk]
/dev/md127      5.9T  809G  5.1T  14% /home/ben
  Task dir: 25G

--- 2026-09-04 19:55:39 UTC ---
[GPU]
0, 0 %, 0 %, 4 MiB, 81559 MiB, 29, 66.58 W
[GPU Processes]
[CPU]
 19:55:39 up 22 days, 18:59,  0 users,  load average: 19.89, 19.96, 19.36
[Memory]
Mem:           1.8Ti        52Gi       378Gi       685Mi       1.4Ti       1.7Ti
Swap:             0B          0B          0B
[Disk]
/dev/md127      5.9T  831G  5.0T  14% /home/ben
  Task dir: 25G

--- 2026-09-04 19:56:39 UTC ---
[GPU]
0, 93 %, 60 %, 57245 MiB, 81559 MiB, 51, 371.53 W
[GPU Processes]
10235, 45970 MiB, python
[CPU]
 19:56:39 up 22 days, 19:00,  0 users,  load average: 20.15, 20.02, 19.42
[Memory]
Mem:           1.8Ti        54Gi       376Gi       707Mi       1.4Ti       1.7Ti
Swap:             0B          0B          0B
[Disk]
/dev/md127      5.9T  831G  5.0T  14% /home/ben
  Task dir: 25G

--- 2026-09-04 19:57:39 UTC ---
[GPU]
0, 90 %, 58 %, 61525 MiB, 81559 MiB, 57, 610.27 W
[GPU Processes]
10235, 50250 MiB, python
[CPU]
 19:57:39 up 22 days, 19:01,  0 users,  load average: 20.17, 20.06, 19.47
[Memory]
Mem:           1.8Ti        54Gi       376Gi       709Mi       1.4Ti       1.7Ti
Swap:             0B          0B          0B
[Disk]
/dev/md127      5.9T  831G  5.0T  14% /home/ben
  Task dir: 25G

--- 2026-09-04 19:58:39 UTC ---
[GPU]
0, 98 %, 68 %, 61525 MiB, 81559 MiB, 57, 603.63 W
[GPU Processes]
10235, 50250 MiB, python
[CPU]
 19:58:39 up 22 days, 19:02,  0 users,  load average: 20.31, 20.13, 19.54
[Memory]
Mem:           1.8Ti        55Gi       376Gi       710Mi       1.4Ti       1.7Ti
Swap:             0B          0B          0B
[Disk]
/dev/md127      5.9T  831G  5.0T  14% /home/ben
  Task dir: 25G

--- 2026-09-04 19:59:40 UTC ---
[GPU]
0, 98 %, 67 %, 61525 MiB, 81559 MiB, 59, 569.19 W
[GPU Processes]
10235, 50250 MiB, python
[CPU]
 19:59:40 up 22 days, 19:03,  0 users,  load average: 20.27, 20.14, 19.58
[Memory]
Mem:           1.8Ti        55Gi       375Gi       709Mi       1.4Ti       1.7Ti
Swap:             0B          0B          0B
[Disk]
/dev/md127      5.9T  831G  5.0T  14% /home/ben
  Task dir: 25G

--- 2026-09-04 20:00:40 UTC ---
[GPU]
0, 98 %, 63 %, 62265 MiB, 81559 MiB, 59, 609.51 W
[GPU Processes]
10235, 50990 MiB, python
[CPU]
 20:00:40 up 22 days, 19:04,  0 users,  load average: 20.24, 20.16, 19.63
[Memory]
Mem:           1.8Ti        55Gi       375Gi       709Mi       1.4Ti       1.7Ti
Swap:             0B          0B          0B
[Disk]
/dev/md127      5.9T  831G  5.0T  14% /home/ben
  Task dir: 25G

--- 2026-09-04 20:01:40 UTC ---
[GPU]
0, 96 %, 62 %, 62265 MiB, 81559 MiB, 58, 600.39 W
[GPU Processes]
10235, 50990 MiB, python
[CPU]
 20:01:40 up 22 days, 19:05,  0 users,  load average: 20.08, 20.13, 19.65
[Memory]
Mem:           1.8Ti        55Gi       375Gi       711Mi       1.4Ti       1.7Ti
Swap:             0B          0B          0B
[Disk]
/dev/md127      5.9T  831G  5.0T  14% /home/ben
  Task dir: 25G

--- 2026-09-04 20:02:40 UTC ---
[GPU]
0, 98 %, 67 %, 62265 MiB, 81559 MiB, 59, 610.94 W
[GPU Processes]
10235, 50990 MiB, python
[CPU]
 20:02:40 up 22 days, 19:06,  0 users,  load average: 20.22, 20.16, 19.70
[Memory]
Mem:           1.8Ti        55Gi       375Gi       711Mi       1.4Ti       1.7Ti
Swap:             0B          0B          0B
[Disk]
/dev/md127      5.9T  831G  5.0T  14% /home/ben
  Task dir: 25G

--- 2026-09-04 20:03:40 UTC ---
[GPU]
0, 90 %, 60 %, 62267 MiB, 81559 MiB, 52, 542.25 W
[GPU Processes]
10235, 50992 MiB, python
[CPU]
 20:03:40 up 22 days, 19:07,  0 users,  load average: 20.15, 20.14, 19.73
[Memory]
Mem:           1.8Ti        55Gi       375Gi       711Mi       1.4Ti       1.7Ti
Swap:             0B          0B          0B
[Disk]
/dev/md127      5.9T  831G  5.0T  14% /home/ben
  Task dir: 25G

--- 2026-09-04 20:04:40 UTC ---
[GPU]
0, 98 %, 68 %, 62267 MiB, 81559 MiB, 58, 600.35 W
[GPU Processes]
10235, 50992 MiB, python
[CPU]
 20:04:40 up 22 days, 19:08,  0 users,  load average: 20.05, 20.12, 19.75
[Memory]
Mem:           1.8Ti        55Gi       375Gi       711Mi       1.4Ti       1.7Ti
Swap:             0B          0B          0B
[Disk]
/dev/md127      5.9T  831G  5.0T  14% /home/ben
  Task dir: 25G

--- 2026-09-04 20:05:41 UTC ---
[GPU]
0, 99 %, 73 %, 62267 MiB, 81559 MiB, 59, 620.29 W
[GPU Processes]
10235, 50992 MiB, python
[CPU]
 20:05:41 up 22 days, 19:09,  0 users,  load average: 20.21, 20.15, 19.78
[Memory]
Mem:           1.8Ti        55Gi       375Gi       711Mi       1.4Ti       1.7Ti
Swap:             0B          0B          0B
[Disk]
/dev/md127      5.9T  831G  5.0T  14% /home/ben
  Task dir: 25G

--- 2026-09-04 20:06:41 UTC ---
[GPU]
0, 98 %, 71 %, 62267 MiB, 81559 MiB, 57, 570.50 W
[GPU Processes]
10235, 50992 MiB, python
[CPU]
 20:06:41 up 22 days, 19:10,  0 users,  load average: 20.12, 20.14, 19.81
[Memory]
Mem:           1.8Ti        55Gi       375Gi       712Mi       1.4Ti       1.7Ti
Swap:             0B          0B          0B
[Disk]
/dev/md127      5.9T  831G  5.0T  14% /home/ben
  Task dir: 25G

--- 2026-09-04 20:07:41 UTC ---
[GPU]
0, 93 %, 60 %, 62267 MiB, 81559 MiB, 58, 603.47 W
[GPU Processes]
10235, 50992 MiB, python
[CPU]
 20:07:41 up 22 days, 19:11,  0 users,  load average: 20.08, 20.12, 19.83
[Memory]
Mem:           1.8Ti        55Gi       375Gi       711Mi       1.4Ti       1.7Ti
Swap:             0B          0B          0B
[Disk]
/dev/md127      5.9T  831G  5.0T  14% /home/ben
  Task dir: 25G

--- 2026-09-04 20:08:41 UTC ---
[GPU]
0, 97 %, 64 %, 62267 MiB, 81559 MiB, 58, 609.32 W
[GPU Processes]
10235, 50992 MiB, python
[CPU]
 20:08:41 up 22 days, 19:12,  0 users,  load average: 20.33, 20.18, 19.86
[Memory]
Mem:           1.8Ti        55Gi       373Gi       711Mi       1.4Ti       1.7Ti
Swap:             0B          0B          0B
[Disk]
/dev/md127      5.9T  854G  5.0T  15% /home/ben
  Task dir: 25G

--- 2026-09-04 20:09:41 UTC ---
[GPU]
0, 98 %, 64 %, 62267 MiB, 81559 MiB, 58, 611.91 W
[GPU Processes]
10235, 50992 MiB, python
[CPU]
 20:09:41 up 22 days, 19:13,  0 users,  load average: 20.24, 20.17, 19.89
[Memory]
Mem:           1.8Ti        55Gi       373Gi       711Mi       1.4Ti       1.7Ti
Swap:             0B          0B          0B
[Disk]
/dev/md127      5.9T  854G  5.0T  15% /home/ben
  Task dir: 25G

--- 2026-09-04 20:10:41 UTC ---
[GPU]
0, 93 %, 61 %, 62267 MiB, 81559 MiB, 58, 598.05 W
[GPU Processes]
10235, 50992 MiB, python
[CPU]
 20:10:41 up 22 days, 19:14,  0 users,  load average: 20.28, 20.20, 19.92
[Memory]
Mem:           1.8Ti        55Gi       373Gi       711Mi       1.4Ti       1.7Ti
Swap:             0B          0B          0B
[Disk]
/dev/md127      5.9T  854G  5.0T  15% /home/ben
  Task dir: 25G

