=== System Monitor Started (interval: 60s) ===
Start time: 2026-09-04 16:11:16 UTC

--- 2026-09-04 16:11:16 UTC ---
[GPU]
0, 2 %, 0 %, 0 MiB, 81559 MiB, 29, 98.55 W
[GPU Processes]
[CPU]
 16:11:16 up 22 days, 16:22,  0 users,  load average: 12.31, 12.34, 12.36
[Memory]
Mem:           1.8Ti       139Gi       230Gi        17Gi       1.4Ti       1.6Ti
Swap:             0B          0B          0B
[Disk]
/dev/md127      5.9T  877G  5.0T  15% /home/ben
  Task dir: 60K

--- 2026-09-04 16:12:16 UTC ---
[GPU]
0, 0 %, 0 %, 0 MiB, 81559 MiB, 28, 67.89 W
[GPU Processes]
[CPU]
 16:12:16 up 22 days, 16:23,  0 users,  load average: 11.08, 11.98, 12.23
[Memory]
Mem:           1.8Ti       139Gi       228Gi        18Gi       1.4Ti       1.6Ti
Swap:             0B          0B          0B
[Disk]
/dev/md127      5.9T  877G  5.0T  15% /home/ben
  Task dir: 136K

--- 2026-09-04 16:13:16 UTC ---
[GPU]
0, 0 %, 0 %, 0 MiB, 81559 MiB, 28, 67.84 W
[GPU Processes]
[CPU]
 16:13:16 up 22 days, 16:24,  0 users,  load average: 11.59, 11.94, 12.20
[Memory]
Mem:           1.8Ti       141Gi       226Gi        18Gi       1.4Ti       1.6Ti
Swap:             0B          0B          0B
[Disk]
/dev/md127      5.9T  877G  5.0T  15% /home/ben
  Task dir: 136K

--- 2026-09-04 16:14:16 UTC ---
[GPU]
0, 0 %, 0 %, 0 MiB, 81559 MiB, 28, 67.79 W
[GPU Processes]
[CPU]
 16:14:16 up 22 days, 16:25,  0 users,  load average: 11.46, 11.83, 12.14
[Memory]
Mem:           1.8Ti       141Gi       226Gi        18Gi       1.4Ti       1.6Ti
Swap:             0B          0B          0B
[Disk]
/dev/md127      5.9T  877G  5.0T  15% /home/ben
  Task dir: 136K

--- 2026-09-04 16:15:16 UTC ---
[GPU]
0, 0 %, 0 %, 0 MiB, 81559 MiB, 27, 67.71 W
[GPU Processes]
[CPU]
 16:15:16 up 22 days, 16:26,  0 users,  load average: 11.29, 11.71, 12.08
[Memory]
Mem:           1.8Ti       142Gi       225Gi        18Gi       1.4Ti       1.6Ti
Swap:             0B          0B          0B
[Disk]
/dev/md127      5.9T  877G  5.0T  15% /home/ben
  Task dir: 136K

--- 2026-09-04 16:16:16 UTC ---
[GPU]
0, 0 %, 0 %, 0 MiB, 81559 MiB, 27, 67.77 W
[GPU Processes]
[CPU]
 16:16:16 up 22 days, 16:27,  0 users,  load average: 11.23, 11.62, 12.02
[Memory]
Mem:           1.8Ti       138Gi       227Gi        17Gi       1.4Ti       1.6Ti
Swap:             0B          0B          0B
[Disk]
/dev/md127      5.9T  878G  5.0T  15% /home/ben
  Task dir: 136K

--- 2026-09-04 16:17:16 UTC ---
[GPU]
0, 0 %, 0 %, 0 MiB, 81559 MiB, 27, 67.64 W
[GPU Processes]
[CPU]
 16:17:17 up 22 days, 16:28,  0 users,  load average: 10.90, 11.43, 11.93
[Memory]
Mem:           1.8Ti       137Gi       227Gi        17Gi       1.4Ti       1.6Ti
Swap:             0B          0B          0B
[Disk]
/dev/md127      5.9T  878G  5.0T  15% /home/ben
  Task dir: 136K

--- 2026-09-04 16:18:17 UTC ---
[GPU]
0, 0 %, 0 %, 0 MiB, 81559 MiB, 27, 67.67 W
[GPU Processes]
[CPU]
 16:18:17 up 22 days, 16:29,  0 users,  load average: 10.90, 11.34, 11.87
[Memory]
Mem:           1.8Ti       137Gi       228Gi        17Gi       1.4Ti       1.6Ti
Swap:             0B          0B          0B
[Disk]
/dev/md127      5.9T  878G  5.0T  15% /home/ben
  Task dir: 136K

--- 2026-09-04 16:19:17 UTC ---
[GPU]
0, 0 %, 0 %, 4 MiB, 81559 MiB, 27, 67.78 W
[GPU Processes]
[CPU]
 16:19:17 up 22 days, 16:30,  0 users,  load average: 13.25, 11.82, 11.99
[Memory]
Mem:           1.8Ti       141Gi       224Gi        17Gi       1.4Ti       1.6Ti
Swap:             0B          0B          0B
[Disk]
/dev/md127      5.9T  878G  5.0T  15% /home/ben
  Task dir: 156K

--- 2026-09-04 16:20:17 UTC ---
[GPU]
0, 89 %, 80 %, 15213 MiB, 81559 MiB, 36, 325.50 W
[GPU Processes]
1027, 15204 MiB, VLLM::EngineCore
[CPU]
 16:20:17 up 22 days, 16:31,  0 users,  load average: 14.06, 12.28, 12.14
[Memory]
Mem:           1.8Ti       141Gi       214Gi        18Gi       1.5Ti       1.6Ti
Swap:             0B          0B          0B
[Disk]
/dev/md127      5.9T  878G  5.0T  15% /home/ben
  Task dir: 60M

--- 2026-09-04 16:21:17 UTC ---
[GPU]
0, 0 %, 0 %, 65709 MiB, 81559 MiB, 34, 116.67 W
[GPU Processes]
1027, 65700 MiB, [No data]
[CPU]
 16:21:17 up 22 days, 16:32,  0 users,  load average: 12.68, 12.18, 12.11
[Memory]
Mem:           1.8Ti       139Gi       216Gi        18Gi       1.5Ti       1.6Ti
Swap:             0B          0B          0B
[Disk]
/dev/md127      5.9T  878G  5.0T  15% /home/ben
  Task dir: 122M

--- 2026-09-04 16:22:17 UTC ---
[GPU]
0, 0 %, 0 %, 0 MiB, 81559 MiB, 28, 67.63 W
[GPU Processes]
[CPU]
 16:22:17 up 22 days, 16:33,  0 users,  load average: 11.62, 11.94, 12.03
[Memory]
Mem:           1.8Ti       137Gi       218Gi        17Gi       1.5Ti       1.6Ti
Swap:             0B          0B          0B
[Disk]
/dev/md127      5.9T  878G  5.0T  15% /home/ben
  Task dir: 122M

--- 2026-09-04 16:23:17 UTC ---
[GPU]
0, 0 %, 0 %, 0 MiB, 81559 MiB, 27, 67.71 W
[GPU Processes]
[CPU]
 16:23:17 up 22 days, 16:34,  0 users,  load average: 11.13, 11.76, 11.96
[Memory]
Mem:           1.8Ti       137Gi       218Gi        17Gi       1.5Ti       1.6Ti
Swap:             0B          0B          0B
[Disk]
/dev/md127      5.9T  879G  5.0T  15% /home/ben
  Task dir: 178M

--- 2026-09-04 16:24:17 UTC ---
[GPU]
0, 0 %, 0 %, 0 MiB, 81559 MiB, 27, 67.54 W
[GPU Processes]
[CPU]
 16:24:18 up 22 days, 16:35,  0 users,  load average: 10.68, 11.50, 11.85
[Memory]
Mem:           1.8Ti       138Gi       217Gi        17Gi       1.5Ti       1.6Ti
Swap:             0B          0B          0B
[Disk]
/dev/md127      5.9T  879G  5.0T  15% /home/ben
  Task dir: 178M

--- 2026-09-04 16:25:18 UTC ---
[GPU]
0, 0 %, 0 %, 0 MiB, 81559 MiB, 27, 67.74 W
[GPU Processes]
[CPU]
 16:25:18 up 22 days, 16:36,  0 users,  load average: 11.24, 11.50, 11.83
[Memory]
Mem:           1.8Ti       139Gi       192Gi        17Gi       1.5Ti       1.6Ti
Swap:             0B          0B          0B
[Disk]
/dev/md127      5.9T  903G  5.0T  16% /home/ben
  Task dir: 178M

--- 2026-09-04 16:26:18 UTC ---
[GPU]
0, 18 %, 0 %, 7089 MiB, 81559 MiB, 28, 112.57 W
[GPU Processes]
2100, 7260 MiB, python
[CPU]
 16:26:18 up 22 days, 16:37,  0 users,  load average: 12.24, 11.70, 11.87
[Memory]
Mem:           1.8Ti       144Gi       194Gi        18Gi       1.5Ti       1.6Ti
Swap:             0B          0B          0B
[Disk]
/dev/md127      5.9T  895G  5.0T  16% /home/ben
  Task dir: 178M

--- 2026-09-04 16:27:18 UTC ---
[GPU]
0, 100 %, 62 %, 63207 MiB, 81559 MiB, 56, 590.38 W
[GPU Processes]
2100, 63198 MiB, python
[CPU]
 16:27:18 up 22 days, 16:38,  0 users,  load average: 12.66, 11.93, 11.94
[Memory]
Mem:           1.8Ti       142Gi       190Gi        17Gi       1.5Ti       1.6Ti
Swap:             0B          0B          0B
[Disk]
/dev/md127      5.9T  903G  5.0T  16% /home/ben
  Task dir: 178M

--- 2026-09-04 16:28:18 UTC ---
[GPU]
0, 100 %, 65 %, 63209 MiB, 81559 MiB, 57, 575.99 W
[GPU Processes]
2100, 63200 MiB, python
[CPU]
 16:28:18 up 22 days, 16:39,  0 users,  load average: 13.05, 12.15, 12.02
[Memory]
Mem:           1.8Ti       145Gi       172Gi        18Gi       1.5Ti       1.6Ti
Swap:             0B          0B          0B
[Disk]
/dev/md127      5.9T  917G  5.0T  16% /home/ben
  Task dir: 178M

--- 2026-09-04 16:29:18 UTC ---
[GPU]
0, 94 %, 62 %, 63209 MiB, 81559 MiB, 57, 619.86 W
[GPU Processes]
2100, 63200 MiB, python
[CPU]
 16:29:18 up 22 days, 16:40,  0 users,  load average: 13.21, 12.35, 12.10
[Memory]
Mem:           1.8Ti       147Gi       172Gi        18Gi       1.5Ti       1.6Ti
Swap:             0B          0B          0B
[Disk]
/dev/md127      5.9T  917G  5.0T  16% /home/ben
  Task dir: 178M

--- 2026-09-04 16:30:18 UTC ---
[GPU]
0, 100 %, 64 %, 80349 MiB, 81559 MiB, 55, 535.97 W
[GPU Processes]
2100, 80340 MiB, python
[CPU]
 16:30:18 up 22 days, 16:41,  0 users,  load average: 12.73, 12.39, 12.13
[Memory]
Mem:           1.8Ti       141Gi       177Gi        17Gi       1.5Ti       1.6Ti
Swap:             0B          0B          0B
[Disk]
/dev/md127      5.9T  917G  5.0T  16% /home/ben
  Task dir: 178M

--- 2026-09-04 16:31:19 UTC ---
[GPU]
0, 100 %, 73 %, 80349 MiB, 81559 MiB, 56, 614.38 W
[GPU Processes]
2100, 80340 MiB, python
[CPU]
 16:31:19 up 22 days, 16:42,  0 users,  load average: 12.53, 12.38, 12.14
[Memory]
Mem:           1.8Ti       141Gi       178Gi        17Gi       1.5Ti       1.6Ti
Swap:             0B          0B          0B
[Disk]
/dev/md127      5.9T  917G  5.0T  16% /home/ben
  Task dir: 178M

--- 2026-09-04 16:32:19 UTC ---
[GPU]
0, 98 %, 71 %, 80349 MiB, 81559 MiB, 57, 618.47 W
[GPU Processes]
2100, 80340 MiB, python
[CPU]
 16:32:19 up 22 days, 16:43,  0 users,  load average: 12.50, 12.39, 12.16
[Memory]
Mem:           1.8Ti       141Gi       177Gi        17Gi       1.5Ti       1.6Ti
Swap:             0B          0B          0B
[Disk]
/dev/md127      5.9T  917G  5.0T  16% /home/ben
  Task dir: 178M

--- 2026-09-04 16:33:19 UTC ---
[GPU]
0, 100 %, 69 %, 80349 MiB, 81559 MiB, 57, 628.31 W
[GPU Processes]
2100, 80340 MiB, python
[CPU]
 16:33:19 up 22 days, 16:44,  0 users,  load average: 12.61, 12.41, 12.18
[Memory]
Mem:           1.8Ti       142Gi       172Gi        17Gi       1.5Ti       1.6Ti
Swap:             0B          0B          0B
[Disk]
/dev/md127      5.9T  917G  5.0T  16% /home/ben
  Task dir: 178M

--- 2026-09-04 16:34:19 UTC ---
[GPU]
0, 95 %, 59 %, 80349 MiB, 81559 MiB, 58, 614.09 W
[GPU Processes]
2100, 80340 MiB, python
[CPU]
 16:34:19 up 22 days, 16:45,  0 users,  load average: 12.38, 12.37, 12.18
[Memory]
Mem:           1.8Ti       141Gi       172Gi        17Gi       1.5Ti       1.6Ti
Swap:             0B          0B          0B
[Disk]
/dev/md127      5.9T  917G  5.0T  16% /home/ben
  Task dir: 178M

--- 2026-09-04 16:35:19 UTC ---
[GPU]
0, 0 %, 0 %, 0 MiB, 81559 MiB, 29, 68.10 W
[GPU Processes]
[CPU]
 16:35:19 up 22 days, 16:46,  0 users,  load average: 12.17, 12.32, 12.17
[Memory]
Mem:           1.8Ti       140Gi       174Gi        17Gi       1.5Ti       1.6Ti
Swap:             0B          0B          0B
[Disk]
/dev/md127      5.9T  917G  5.0T  16% /home/ben
  Task dir: 178M

--- 2026-09-04 16:36:19 UTC ---
[GPU]
0, 90 %, 61 %, 61431 MiB, 81559 MiB, 52, 585.75 W
[GPU Processes]
2575, 61422 MiB, python
[CPU]
 16:36:19 up 22 days, 16:47,  0 users,  load average: 12.37, 12.34, 12.19
[Memory]
Mem:           1.8Ti       142Gi       171Gi        17Gi       1.5Ti       1.6Ti
Swap:             0B          0B          0B
[Disk]
/dev/md127      5.9T  917G  5.0T  16% /home/ben
  Task dir: 178M

--- 2026-09-04 16:37:19 UTC ---
[GPU]
0, 100 %, 68 %, 63209 MiB, 81559 MiB, 58, 605.21 W
[GPU Processes]
2575, 63200 MiB, python
[CPU]
 16:37:20 up 22 days, 16:48,  0 users,  load average: 12.41, 12.35, 12.20
[Memory]
Mem:           1.8Ti       144Gi       162Gi        17Gi       1.5Ti       1.6Ti
Swap:             0B          0B          0B
[Disk]
/dev/md127      5.9T  925G  5.0T  16% /home/ben
  Task dir: 178M

--- 2026-09-04 16:38:20 UTC ---
[GPU]
0, 100 %, 71 %, 63209 MiB, 81559 MiB, 57, 596.70 W
[GPU Processes]
2575, 63200 MiB, python
[CPU]
 16:38:20 up 22 days, 16:49,  0 users,  load average: 13.98, 12.72, 12.33
[Memory]
Mem:           1.8Ti       145Gi       170Gi        17Gi       1.5Ti       1.6Ti
Swap:             0B          0B          0B
[Disk]
/dev/md127      5.9T  925G  5.0T  16% /home/ben
  Task dir: 178M

--- 2026-09-04 16:39:20 UTC ---
[GPU]
0, 100 %, 73 %, 80349 MiB, 81559 MiB, 57, 609.66 W
[GPU Processes]
2575, 80340 MiB, python
[CPU]
 16:39:20 up 22 days, 16:50,  0 users,  load average: 13.10, 12.70, 12.35
[Memory]
Mem:           1.8Ti       144Gi       171Gi        17Gi       1.5Ti       1.6Ti
Swap:             0B          0B          0B
[Disk]
/dev/md127      5.9T  925G  5.0T  16% /home/ben
  Task dir: 178M

--- 2026-09-04 16:40:20 UTC ---
[GPU]
0, 100 %, 66 %, 80349 MiB, 81559 MiB, 60, 590.62 W
[GPU Processes]
2575, 80340 MiB, python
[CPU]
 16:40:20 up 22 days, 16:51,  0 users,  load average: 12.55, 12.60, 12.34
[Memory]
Mem:           1.8Ti       145Gi       155Gi        17Gi       1.5Ti       1.6Ti
Swap:             0B          0B          0B
[Disk]
/dev/md127      5.9T  948G  4.9T  16% /home/ben
  Task dir: 178M

--- 2026-09-04 16:41:20 UTC ---
[GPU]
0, 100 %, 72 %, 80349 MiB, 81559 MiB, 56, 587.54 W
[GPU Processes]
2575, 80340 MiB, python
[CPU]
 16:41:20 up 22 days, 16:52,  0 users,  load average: 17.95, 14.12, 12.87
[Memory]
Mem:           1.8Ti       153Gi       144Gi        17Gi       1.5Ti       1.6Ti
Swap:             0B          0B          0B
[Disk]
/dev/md127      5.9T  952G  4.9T  16% /home/ben
  Task dir: 178M

--- 2026-09-04 16:42:20 UTC ---
[GPU]
0, 100 %, 64 %, 80349 MiB, 81559 MiB, 58, 597.36 W
[GPU Processes]
2575, 80340 MiB, python
[CPU]
 16:42:21 up 22 days, 16:53,  0 users,  load average: 18.22, 15.08, 13.30
[Memory]
Mem:           1.8Ti       147Gi       145Gi        17Gi       1.5Ti       1.6Ti
Swap:             0B          0B          0B
[Disk]
/dev/md127      5.9T  980G  4.9T  17% /home/ben
  Task dir: 178M

--- 2026-09-04 16:43:21 UTC ---
[GPU]
0, 100 %, 64 %, 80349 MiB, 81559 MiB, 57, 598.18 W
[GPU Processes]
2575, 80340 MiB, python
[CPU]
 16:43:21 up 22 days, 16:54,  0 users,  load average: 14.99, 14.72, 13.28
[Memory]
Mem:           1.8Ti       148Gi       144Gi        18Gi       1.5Ti       1.6Ti
Swap:             0B          0B          0B
[Disk]
/dev/md127      5.9T  980G  4.9T  17% /home/ben
  Task dir: 178M

--- 2026-09-04 16:44:21 UTC ---
[GPU]
0, 51 %, 34 %, 80349 MiB, 81559 MiB, 56, 548.28 W
[GPU Processes]
2575, 80340 MiB, python
[CPU]
 16:44:21 up 22 days, 16:55,  0 users,  load average: 14.95, 14.69, 13.36
[Memory]
Mem:           1.8Ti       147Gi       146Gi        18Gi       1.5Ti       1.6Ti
Swap:             0B          0B          0B
[Disk]
/dev/md127      5.9T  980G  4.9T  17% /home/ben
  Task dir: 178M

--- 2026-09-04 16:45:21 UTC ---
[GPU]
0, 94 %, 58 %, 80349 MiB, 81559 MiB, 58, 587.20 W
[GPU Processes]
2575, 80340 MiB, python
[CPU]
 16:45:21 up 22 days, 16:56,  0 users,  load average: 13.52, 14.33, 13.32
[Memory]
Mem:           1.8Ti       144Gi       144Gi        18Gi       1.5Ti       1.6Ti
Swap:             0B          0B          0B
[Disk]
/dev/md127      5.9T  996G  4.9T  17% /home/ben
  Task dir: 178M

--- 2026-09-04 16:46:21 UTC ---
[GPU]
0, 100 %, 68 %, 80349 MiB, 81559 MiB, 58, 618.81 W
[GPU Processes]
2575, 80340 MiB, python
[CPU]
 16:46:21 up 22 days, 16:57,  0 users,  load average: 12.09, 13.78, 13.19
[Memory]
Mem:           1.8Ti       141Gi       148Gi        17Gi       1.5Ti       1.6Ti
Swap:             0B          0B          0B
[Disk]
/dev/md127      5.9T  996G  4.9T  17% /home/ben
  Task dir: 178M

--- 2026-09-04 16:47:21 UTC ---
[GPU]
0, 100 %, 65 %, 80349 MiB, 81559 MiB, 56, 619.59 W
[GPU Processes]
2575, 80340 MiB, python
[CPU]
 16:47:21 up 22 days, 16:58,  0 users,  load average: 11.97, 13.41, 13.10
[Memory]
Mem:           1.8Ti       144Gi       153Gi        17Gi       1.5Ti       1.6Ti
Swap:             0B          0B          0B
[Disk]
/dev/md127      5.9T  988G  4.9T  17% /home/ben
  Task dir: 178M

--- 2026-09-04 16:48:22 UTC ---
[GPU]
0, 100 %, 64 %, 80349 MiB, 81559 MiB, 56, 579.84 W
[GPU Processes]
2575, 80340 MiB, python
[CPU]
 16:48:22 up 22 days, 16:59,  0 users,  load average: 12.33, 13.25, 13.06
[Memory]
Mem:           1.8Ti       145Gi       152Gi        18Gi       1.5Ti       1.6Ti
Swap:             0B          0B          0B
[Disk]
/dev/md127      5.9T  988G  4.9T  17% /home/ben
  Task dir: 178M

--- 2026-09-04 16:49:22 UTC ---
[GPU]
0, 94 %, 60 %, 80349 MiB, 81559 MiB, 57, 601.53 W
[GPU Processes]
2575, 80340 MiB, python
[CPU]
 16:49:22 up 22 days, 17:00,  0 users,  load average: 12.58, 13.15, 13.04
[Memory]
Mem:           1.8Ti       145Gi       152Gi        18Gi       1.5Ti       1.6Ti
Swap:             0B          0B          0B
[Disk]
/dev/md127      5.9T  988G  4.9T  17% /home/ben
  Task dir: 178M

--- 2026-09-04 16:50:22 UTC ---
[GPU]
0, 100 %, 71 %, 66129 MiB, 81559 MiB, 58, 614.55 W
[GPU Processes]
2575, 66120 MiB, python
[CPU]
 16:50:22 up 22 days, 17:01,  0 users,  load average: 12.32, 12.97, 12.98
[Memory]
Mem:           1.8Ti       145Gi       152Gi        18Gi       1.5Ti       1.6Ti
Swap:             0B          0B          0B
[Disk]
/dev/md127      5.9T  988G  4.9T  17% /home/ben
  Task dir: 178M

--- 2026-09-04 16:51:22 UTC ---
[GPU]
0, 100 %, 68 %, 66129 MiB, 81559 MiB, 56, 582.53 W
[GPU Processes]
2575, 66120 MiB, python
[CPU]
 16:51:22 up 22 days, 17:02,  0 users,  load average: 12.61, 12.91, 12.95
[Memory]
Mem:           1.8Ti       148Gi       149Gi        18Gi       1.5Ti       1.6Ti
Swap:             0B          0B          0B
[Disk]
/dev/md127      5.9T  988G  4.9T  17% /home/ben
  Task dir: 178M

--- 2026-09-04 16:52:22 UTC ---
[GPU]
0, 100 %, 65 %, 66129 MiB, 81559 MiB, 56, 596.47 W
[GPU Processes]
2575, 66120 MiB, python
[CPU]
 16:52:22 up 22 days, 17:03,  0 users,  load average: 13.06, 12.99, 12.98
[Memory]
Mem:           1.8Ti       149Gi       148Gi        18Gi       1.5Ti       1.6Ti
Swap:             0B          0B          0B
[Disk]
/dev/md127      5.9T  988G  4.9T  17% /home/ben
  Task dir: 178M

--- 2026-09-04 16:53:22 UTC ---
[GPU]
0, 100 %, 66 %, 66129 MiB, 81559 MiB, 56, 580.74 W
[GPU Processes]
2575, 66120 MiB, python
[CPU]
 16:53:22 up 22 days, 17:04,  0 users,  load average: 13.17, 13.02, 13.00
[Memory]
Mem:           1.8Ti       148Gi       153Gi        18Gi       1.5Ti       1.6Ti
Swap:             0B          0B          0B
[Disk]
/dev/md127      5.9T  994G  4.9T  17% /home/ben
  Task dir: 178M

--- 2026-09-04 16:54:22 UTC ---
[GPU]
0, 100 %, 77 %, 66129 MiB, 81559 MiB, 58, 600.11 W
[GPU Processes]
2575, 66120 MiB, python
[CPU]
 16:54:23 up 22 days, 17:05,  0 users,  load average: 12.35, 12.83, 12.94
[Memory]
Mem:           1.8Ti       142Gi       158Gi        18Gi       1.5Ti       1.6Ti
Swap:             0B          0B          0B
[Disk]
/dev/md127      5.9T 1018G  4.9T  18% /home/ben
  Task dir: 178M

--- 2026-09-04 16:55:23 UTC ---
[GPU]
0, 100 %, 68 %, 66129 MiB, 81559 MiB, 57, 613.06 W
[GPU Processes]
2575, 66120 MiB, python
[CPU]
 16:55:23 up 22 days, 17:06,  0 users,  load average: 11.66, 12.54, 12.83
[Memory]
Mem:           1.8Ti       142Gi       158Gi        18Gi       1.5Ti       1.6Ti
Swap:             0B          0B          0B
[Disk]
/dev/md127      5.9T 1018G  4.9T  18% /home/ben
  Task dir: 178M

--- 2026-09-04 16:56:23 UTC ---
[GPU]
0, 100 %, 78 %, 66129 MiB, 81559 MiB, 57, 610.96 W
[GPU Processes]
2575, 66120 MiB, python
[CPU]
 16:56:23 up 22 days, 17:07,  0 users,  load average: 11.32, 12.28, 12.72
[Memory]
Mem:           1.8Ti       142Gi       158Gi        18Gi       1.5Ti       1.6Ti
Swap:             0B          0B          0B
[Disk]
/dev/md127      5.9T 1018G  4.9T  18% /home/ben
  Task dir: 178M

--- 2026-09-04 16:57:23 UTC ---
[GPU]
0, 100 %, 67 %, 66131 MiB, 81559 MiB, 56, 571.03 W
[GPU Processes]
2575, 66122 MiB, python
[CPU]
 16:57:23 up 22 days, 17:08,  0 users,  load average: 11.19, 12.06, 12.61
[Memory]
Mem:           1.8Ti       143Gi       158Gi        18Gi       1.5Ti       1.6Ti
Swap:             0B          0B          0B
[Disk]
/dev/md127      5.9T 1018G  4.9T  18% /home/ben
  Task dir: 178M

--- 2026-09-04 16:58:23 UTC ---
[GPU]
0, 100 %, 63 %, 66131 MiB, 81559 MiB, 58, 605.89 W
[GPU Processes]
2575, 66122 MiB, python
[CPU]
 16:58:23 up 22 days, 17:09,  0 users,  load average: 11.49, 11.96, 12.54
[Memory]
Mem:           1.8Ti       143Gi       158Gi        18Gi       1.5Ti       1.6Ti
Swap:             0B          0B          0B
[Disk]
/dev/md127      5.9T 1018G  4.9T  18% /home/ben
  Task dir: 178M

--- 2026-09-04 16:59:23 UTC ---
[GPU]
0, 6 %, 0 %, 66131 MiB, 81559 MiB, 39, 117.99 W
[GPU Processes]
2575, 66122 MiB, python
[CPU]
 16:59:23 up 22 days, 17:10,  0 users,  load average: 12.21, 12.08, 12.54
[Memory]
Mem:           1.8Ti       146Gi       158Gi        18Gi       1.5Ti       1.6Ti
Swap:             0B          0B          0B
[Disk]
/dev/md127      5.9T 1016G  4.9T  18% /home/ben
  Task dir: 14G

--- 2026-09-04 17:00:23 UTC ---
[GPU]
0, 100 %, 70 %, 66133 MiB, 81559 MiB, 59, 617.79 W
[GPU Processes]
2575, 66124 MiB, python
[CPU]
 17:00:23 up 22 days, 17:11,  0 users,  load average: 12.59, 12.23, 12.57
[Memory]
Mem:           1.8Ti       144Gi       244Gi        18Gi       1.4Ti       1.6Ti
Swap:             0B          0B          0B
[Disk]
/dev/md127      5.9T  733G  5.1T  13% /home/ben
  Task dir: 23G

--- 2026-09-04 17:01:24 UTC ---
[GPU]
0, 100 %, 79 %, 66133 MiB, 81559 MiB, 60, 625.93 W
[GPU Processes]
2575, 66124 MiB, python
[CPU]
 17:01:24 up 22 days, 17:12,  0 users,  load average: 11.72, 12.02, 12.47
[Memory]
Mem:           1.8Ti       144Gi       244Gi        18Gi       1.4Ti       1.6Ti
Swap:             0B          0B          0B
[Disk]
/dev/md127      5.9T  733G  5.1T  13% /home/ben
  Task dir: 23G

--- 2026-09-04 17:02:24 UTC ---
[GPU]
0, 94 %, 67 %, 61493 MiB, 81559 MiB, 62, 622.82 W
[GPU Processes]
2575, 61484 MiB, python
[CPU]
 17:02:24 up 22 days, 17:13,  0 users,  load average: 12.12, 12.08, 12.46
[Memory]
Mem:           1.8Ti       144Gi       244Gi        18Gi       1.4Ti       1.6Ti
Swap:             0B          0B          0B
[Disk]
/dev/md127      5.9T  733G  5.1T  13% /home/ben
  Task dir: 23G

--- 2026-09-04 17:03:24 UTC ---
[GPU]
0, 100 %, 66 %, 74111 MiB, 81559 MiB, 62, 611.01 W
[GPU Processes]
2575, 74102 MiB, python
[CPU]
 17:03:24 up 22 days, 17:14,  0 users,  load average: 11.01, 11.81, 12.34
[Memory]
Mem:           1.8Ti       139Gi       234Gi        18Gi       1.4Ti       1.6Ti
Swap:             0B          0B          0B
[Disk]
/dev/md127      5.9T  749G  5.1T  13% /home/ben
  Task dir: 23G

--- 2026-09-04 17:04:24 UTC ---
[GPU]
0, 100 %, 68 %, 74111 MiB, 81559 MiB, 63, 623.73 W
[GPU Processes]
2575, 74102 MiB, python
[CPU]
 17:04:24 up 22 days, 17:15,  0 users,  load average: 10.64, 11.53, 12.21
[Memory]
Mem:           1.8Ti       142Gi       230Gi        18Gi       1.4Ti       1.6Ti
Swap:             0B          0B          0B
[Disk]
/dev/md127      5.9T  749G  5.1T  13% /home/ben
  Task dir: 23G

--- 2026-09-04 17:05:24 UTC ---
[GPU]
0, 100 %, 64 %, 74111 MiB, 81559 MiB, 61, 615.44 W
[GPU Processes]
2575, 74102 MiB, python
[CPU]
 17:05:24 up 22 days, 17:16,  0 users,  load average: 10.48, 11.32, 12.10
[Memory]
Mem:           1.8Ti       142Gi       229Gi        18Gi       1.4Ti       1.6Ti
Swap:             0B          0B          0B
[Disk]
/dev/md127      5.9T  749G  5.1T  13% /home/ben
  Task dir: 23G

--- 2026-09-04 17:06:24 UTC ---
[GPU]
0, 100 %, 67 %, 74111 MiB, 81559 MiB, 62, 615.19 W
[GPU Processes]
2575, 74102 MiB, python
[CPU]
 17:06:24 up 22 days, 17:17,  0 users,  load average: 10.36, 11.13, 11.98
[Memory]
Mem:           1.8Ti       141Gi       231Gi        18Gi       1.4Ti       1.6Ti
Swap:             0B          0B          0B
[Disk]
/dev/md127      5.9T  749G  5.1T  13% /home/ben
  Task dir: 23G

--- 2026-09-04 17:07:24 UTC ---
[GPU]
0, 90 %, 59 %, 74111 MiB, 81559 MiB, 63, 596.93 W
[GPU Processes]
2575, 74102 MiB, python
[CPU]
 17:07:25 up 22 days, 17:18,  0 users,  load average: 10.89, 11.18, 11.95
[Memory]
Mem:           1.8Ti       142Gi       222Gi        18Gi       1.4Ti       1.6Ti
Swap:             0B          0B          0B
[Disk]
/dev/md127      5.9T  757G  5.1T  13% /home/ben
  Task dir: 23G

--- 2026-09-04 17:08:25 UTC ---
[GPU]
0, 100 %, 67 %, 74111 MiB, 81559 MiB, 62, 603.44 W
[GPU Processes]
2575, 74102 MiB, python
[CPU]
 17:08:25 up 22 days, 17:19,  0 users,  load average: 10.98, 11.14, 11.88
[Memory]
Mem:           1.8Ti       144Gi       215Gi        18Gi       1.4Ti       1.6Ti
Swap:             0B          0B          0B
[Disk]
/dev/md127      5.9T  762G  5.1T  13% /home/ben
  Task dir: 23G

--- 2026-09-04 17:09:25 UTC ---
[GPU]
0, 100 %, 70 %, 74111 MiB, 81559 MiB, 64, 626.86 W
[GPU Processes]
2575, 74102 MiB, python
[CPU]
 17:09:25 up 22 days, 17:20,  0 users,  load average: 11.23, 11.18, 11.85
[Memory]
Mem:           1.8Ti       145Gi       217Gi        18Gi       1.4Ti       1.6Ti
Swap:             0B          0B          0B
[Disk]
/dev/md127      5.9T  758G  5.1T  13% /home/ben
  Task dir: 23G

--- 2026-09-04 17:10:25 UTC ---
[GPU]
0, 100 %, 71 %, 74111 MiB, 81559 MiB, 62, 578.13 W
[GPU Processes]
2575, 74102 MiB, python
[CPU]
 17:10:25 up 22 days, 17:21,  0 users,  load average: 11.02, 11.15, 11.80
[Memory]
Mem:           1.8Ti       139Gi       222Gi        18Gi       1.4Ti       1.6Ti
Swap:             0B          0B          0B
[Disk]
/dev/md127      5.9T  758G  5.1T  13% /home/ben
  Task dir: 23G

--- 2026-09-04 17:11:25 UTC ---
[GPU]
0, 100 %, 63 %, 74111 MiB, 81559 MiB, 63, 611.93 W
[GPU Processes]
2575, 74102 MiB, python
[CPU]
 17:11:25 up 22 days, 17:22,  0 users,  load average: 12.49, 11.55, 11.89
[Memory]
Mem:           1.8Ti       143Gi       215Gi        18Gi       1.4Ti       1.6Ti
Swap:             0B          0B          0B
[Disk]
/dev/md127      5.9T  766G  5.1T  13% /home/ben
  Task dir: 23G

--- 2026-09-04 17:12:25 UTC ---
[GPU]
0, 100 %, 72 %, 74111 MiB, 81559 MiB, 62, 601.26 W
[GPU Processes]
2575, 74102 MiB, python
[CPU]
 17:12:25 up 22 days, 17:23,  0 users,  load average: 11.99, 11.55, 11.87
[Memory]
Mem:           1.8Ti       148Gi       208Gi        19Gi       1.5Ti       1.6Ti
Swap:             0B          0B          0B
[Disk]
/dev/md127      5.9T  765G  5.1T  13% /home/ben
  Task dir: 23G

--- 2026-09-04 17:13:25 UTC ---
[GPU]
0, 100 %, 66 %, 74113 MiB, 81559 MiB, 63, 616.66 W
[GPU Processes]
2575, 74104 MiB, python
[CPU]
 17:13:25 up 22 days, 17:24,  0 users,  load average: 11.92, 11.60, 11.86
[Memory]
Mem:           1.8Ti       150Gi       206Gi        19Gi       1.5Ti       1.6Ti
Swap:             0B          0B          0B
[Disk]
/dev/md127      5.9T  766G  5.1T  13% /home/ben
  Task dir: 23G

--- 2026-09-04 17:14:26 UTC ---
[GPU]
0, 93 %, 60 %, 74113 MiB, 81559 MiB, 63, 605.64 W
[GPU Processes]
2575, 74104 MiB, python
[CPU]
 17:14:26 up 22 days, 17:25,  0 users,  load average: 12.59, 11.84, 11.93
[Memory]
Mem:           1.8Ti       154Gi       202Gi        20Gi       1.5Ti       1.6Ti
Swap:             0B          0B          0B
[Disk]
/dev/md127      5.9T  766G  5.1T  13% /home/ben
  Task dir: 23G

--- 2026-09-04 17:15:26 UTC ---
[GPU]
0, 100 %, 65 %, 74113 MiB, 81559 MiB, 63, 599.82 W
[GPU Processes]
2575, 74104 MiB, python
[CPU]
 17:15:26 up 22 days, 17:26,  0 users,  load average: 13.05, 12.08, 12.01
[Memory]
Mem:           1.8Ti       155Gi       201Gi        20Gi       1.5Ti       1.6Ti
Swap:             0B          0B          0B
[Disk]
/dev/md127      5.9T  766G  5.1T  13% /home/ben
  Task dir: 23G

--- 2026-09-04 17:16:26 UTC ---
[GPU]
0, 100 %, 74 %, 74113 MiB, 81559 MiB, 64, 612.48 W
[GPU Processes]
2575, 74104 MiB, python
[CPU]
 17:16:26 up 22 days, 17:27,  0 users,  load average: 13.49, 12.46, 12.15
[Memory]
Mem:           1.8Ti       151Gi       205Gi        20Gi       1.5Ti       1.6Ti
Swap:             0B          0B          0B
[Disk]
/dev/md127      5.9T  766G  5.1T  13% /home/ben
  Task dir: 23G

--- 2026-09-04 17:17:26 UTC ---
[GPU]
0, 100 %, 70 %, 74113 MiB, 81559 MiB, 63, 603.87 W
[GPU Processes]
2575, 74104 MiB, python
[CPU]
 17:17:26 up 22 days, 17:28,  0 users,  load average: 12.76, 12.42, 12.15
[Memory]
Mem:           1.8Ti       149Gi       208Gi        19Gi       1.5Ti       1.6Ti
Swap:             0B          0B          0B
[Disk]
/dev/md127      5.9T  766G  5.1T  13% /home/ben
  Task dir: 23G

--- 2026-09-04 17:18:26 UTC ---
[GPU]
0, 94 %, 67 %, 74113 MiB, 81559 MiB, 63, 619.95 W
[GPU Processes]
2575, 74104 MiB, python
[CPU]
 17:18:26 up 22 days, 17:29,  0 users,  load average: 12.83, 12.52, 12.21
[Memory]
Mem:           1.8Ti       149Gi       207Gi        19Gi       1.5Ti       1.6Ti
Swap:             0B          0B          0B
[Disk]
/dev/md127      5.9T  766G  5.1T  13% /home/ben
  Task dir: 23G

--- 2026-09-04 17:19:26 UTC ---
[GPU]
0, 100 %, 71 %, 74113 MiB, 81559 MiB, 63, 617.64 W
[GPU Processes]
2575, 74104 MiB, python
[CPU]
 17:19:26 up 22 days, 17:30,  0 users,  load average: 12.95, 12.59, 12.25
[Memory]
Mem:           1.8Ti       147Gi       205Gi        19Gi       1.5Ti       1.6Ti
Swap:             0B          0B          0B
[Disk]
/dev/md127      5.9T  770G  5.1T  13% /home/ben
  Task dir: 23G

--- 2026-09-04 17:20:26 UTC ---
[GPU]
0, 88 %, 57 %, 74113 MiB, 81559 MiB, 63, 593.70 W
[GPU Processes]
2575, 74104 MiB, python
[CPU]
 17:20:27 up 22 days, 17:31,  0 users,  load average: 12.64, 12.56, 12.26
[Memory]
Mem:           1.8Ti       149Gi       199Gi        19Gi       1.5Ti       1.6Ti
Swap:             0B          0B          0B
[Disk]
/dev/md127      5.9T  774G  5.1T  14% /home/ben
  Task dir: 23G

--- 2026-09-04 17:21:27 UTC ---
[GPU]
0, 100 %, 65 %, 76553 MiB, 81559 MiB, 63, 606.73 W
[GPU Processes]
2575, 76544 MiB, python
[CPU]
 17:21:27 up 22 days, 17:32,  0 users,  load average: 11.46, 12.23, 12.16
[Memory]
Mem:           1.8Ti       144Gi       205Gi        19Gi       1.5Ti       1.6Ti
Swap:             0B          0B          0B
[Disk]
/dev/md127      5.9T  774G  5.1T  14% /home/ben
  Task dir: 23G

--- 2026-09-04 17:22:27 UTC ---
[GPU]
0, 100 %, 78 %, 76553 MiB, 81559 MiB, 62, 567.10 W
[GPU Processes]
2575, 76544 MiB, python
[CPU]
 17:22:27 up 22 days, 17:33,  0 users,  load average: 11.42, 12.06, 12.11
[Memory]
Mem:           1.8Ti       147Gi       201Gi        19Gi       1.5Ti       1.6Ti
Swap:             0B          0B          0B
[Disk]
/dev/md127      5.9T  774G  5.1T  14% /home/ben
  Task dir: 23G

--- 2026-09-04 17:23:27 UTC ---
[GPU]
0, 93 %, 63 %, 76553 MiB, 81559 MiB, 56, 586.65 W
[GPU Processes]
2575, 76544 MiB, python
[CPU]
 17:23:27 up 22 days, 17:34,  0 users,  load average: 12.08, 12.13, 12.12
[Memory]
Mem:           1.8Ti       149Gi       176Gi        19Gi       1.5Ti       1.6Ti
Swap:             0B          0B          0B
[Disk]
/dev/md127      5.9T  797G  5.1T  14% /home/ben
  Task dir: 46G

--- 2026-09-04 17:24:27 UTC ---
[GPU]
0, 100 %, 76 %, 76553 MiB, 81559 MiB, 61, 595.93 W
[GPU Processes]
2575, 76544 MiB, python
[CPU]
 17:24:27 up 22 days, 17:35,  0 users,  load average: 13.00, 12.43, 12.23
[Memory]
Mem:           1.8Ti       157Gi       180Gi        19Gi       1.5Ti       1.6Ti
Swap:             0B          0B          0B
[Disk]
/dev/md127      5.9T  789G  5.1T  14% /home/ben
  Task dir: 46G

--- 2026-09-04 17:25:27 UTC ---
[GPU]
0, 100 %, 74 %, 76553 MiB, 81559 MiB, 62, 618.10 W
[GPU Processes]
2575, 76544 MiB, python
[CPU]
 17:25:27 up 22 days, 17:36,  0 users,  load average: 12.59, 12.44, 12.25
[Memory]
Mem:           1.8Ti       147Gi       191Gi        19Gi       1.5Ti       1.6Ti
Swap:             0B          0B          0B
[Disk]
/dev/md127      5.9T  789G  5.1T  14% /home/ben
  Task dir: 46G

--- 2026-09-04 17:26:27 UTC ---
[GPU]
0, 93 %, 62 %, 76553 MiB, 81559 MiB, 58, 598.15 W
[GPU Processes]
2575, 76544 MiB, python
[CPU]
 17:26:27 up 22 days, 17:37,  0 users,  load average: 11.88, 12.25, 12.19
[Memory]
Mem:           1.8Ti       147Gi       192Gi        19Gi       1.5Ti       1.6Ti
Swap:             0B          0B          0B
[Disk]
/dev/md127      5.9T  787G  5.1T  14% /home/ben
  Task dir: 46G

--- 2026-09-04 17:27:27 UTC ---
[GPU]
0, 100 %, 68 %, 76553 MiB, 81559 MiB, 60, 571.21 W
[GPU Processes]
2575, 76544 MiB, python
[CPU]
 17:27:28 up 22 days, 17:38,  0 users,  load average: 11.63, 12.12, 12.15
[Memory]
Mem:           1.8Ti       147Gi       192Gi        19Gi       1.5Ti       1.6Ti
Swap:             0B          0B          0B
[Disk]
/dev/md127      5.9T  787G  5.1T  14% /home/ben
  Task dir: 46G

--- 2026-09-04 17:28:28 UTC ---
[GPU]
0, 100 %, 70 %, 76553 MiB, 81559 MiB, 60, 612.76 W
[GPU Processes]
2575, 76544 MiB, python
[CPU]
 17:28:28 up 22 days, 17:39,  0 users,  load average: 10.52, 11.73, 12.01
[Memory]
Mem:           1.8Ti       137Gi       203Gi        18Gi       1.5Ti       1.6Ti
Swap:             0B          0B          0B
[Disk]
/dev/md127      5.9T  787G  5.1T  14% /home/ben
  Task dir: 46G

--- 2026-09-04 17:29:28 UTC ---
[GPU]
0, 100 %, 64 %, 76553 MiB, 81559 MiB, 61, 620.67 W
[GPU Processes]
2575, 76544 MiB, python
[CPU]
 17:29:28 up 22 days, 17:40,  0 users,  load average: 13.97, 12.34, 12.20
[Memory]
Mem:           1.8Ti       146Gi       184Gi        18Gi       1.5Ti       1.6Ti
Swap:             0B          0B          0B
[Disk]
/dev/md127      5.9T  787G  5.1T  14% /home/ben
  Task dir: 46G

--- 2026-09-04 17:30:28 UTC ---
[GPU]
0, 100 %, 65 %, 76553 MiB, 81559 MiB, 62, 596.57 W
[GPU Processes]
2575, 76544 MiB, python
[CPU]
 17:30:28 up 22 days, 17:41,  0 users,  load average: 17.43, 13.88, 12.75
[Memory]
Mem:           1.8Ti       147Gi       169Gi        19Gi       1.5Ti       1.6Ti
Swap:             0B          0B          0B
[Disk]
/dev/md127      5.9T  795G  5.1T  14% /home/ben
  Task dir: 46G

--- 2026-09-04 17:31:28 UTC ---
[GPU]
0, 100 %, 67 %, 76553 MiB, 81559 MiB, 63, 619.20 W
[GPU Processes]
2575, 76544 MiB, python
[CPU]
 17:31:28 up 22 days, 17:42,  0 users,  load average: 13.93, 13.49, 12.68
[Memory]
Mem:           1.8Ti       145Gi       171Gi        18Gi       1.5Ti       1.6Ti
Swap:             0B          0B          0B
[Disk]
/dev/md127      5.9T  796G  5.1T  14% /home/ben
  Task dir: 46G

--- 2026-09-04 17:32:28 UTC ---
[GPU]
0, 100 %, 65 %, 76553 MiB, 81559 MiB, 63, 607.30 W
[GPU Processes]
2575, 76544 MiB, python
[CPU]
 17:32:28 up 22 days, 17:43,  0 users,  load average: 12.38, 13.13, 12.61
[Memory]
Mem:           1.8Ti       143Gi       170Gi        19Gi       1.5Ti       1.6Ti
Swap:             0B          0B          0B
[Disk]
/dev/md127      5.9T  796G  5.1T  14% /home/ben
  Task dir: 46G

--- 2026-09-04 17:33:28 UTC ---
[GPU]
0, 97 %, 64 %, 76553 MiB, 81559 MiB, 62, 592.50 W
[GPU Processes]
2575, 76544 MiB, python
[CPU]
 17:33:29 up 22 days, 17:44,  0 users,  load average: 11.79, 12.83, 12.53
[Memory]
Mem:           1.8Ti       137Gi       179Gi        18Gi       1.5Ti       1.6Ti
Swap:             0B          0B          0B
[Disk]
/dev/md127      5.9T  796G  5.1T  14% /home/ben
  Task dir: 46G

--- 2026-09-04 17:34:29 UTC ---
[GPU]
0, 100 %, 77 %, 76553 MiB, 81559 MiB, 62, 611.40 W
[GPU Processes]
2575, 76544 MiB, python
[CPU]
 17:34:29 up 22 days, 17:45,  0 users,  load average: 10.24, 12.20, 12.34
[Memory]
Mem:           1.8Ti       136Gi       179Gi        18Gi       1.5Ti       1.6Ti
Swap:             0B          0B          0B
[Disk]
/dev/md127      5.9T  796G  5.1T  14% /home/ben
  Task dir: 46G

--- 2026-09-04 17:35:29 UTC ---
[GPU]
0, 100 %, 71 %, 76553 MiB, 81559 MiB, 64, 613.28 W
[GPU Processes]
2575, 76544 MiB, python
[CPU]
 17:35:29 up 22 days, 17:46,  0 users,  load average: 10.15, 11.78, 12.18
[Memory]
Mem:           1.8Ti       139Gi       180Gi        18Gi       1.5Ti       1.6Ti
Swap:             0B          0B          0B
[Disk]
/dev/md127      5.9T  792G  5.1T  14% /home/ben
  Task dir: 46G

--- 2026-09-04 17:36:29 UTC ---
[GPU]
0, 100 %, 68 %, 76553 MiB, 81559 MiB, 62, 613.70 W
[GPU Processes]
2575, 76544 MiB, python
[CPU]
 17:36:29 up 22 days, 17:47,  0 users,  load average: 10.93, 11.70, 12.12
[Memory]
Mem:           1.8Ti       137Gi       291Gi        18Gi       1.4Ti       1.6Ti
Swap:             0B          0B          0B
[Disk]
/dev/md127      5.9T  678G  5.2T  12% /home/ben
  Task dir: 46G

--- 2026-09-04 17:37:29 UTC ---
[GPU]
0, 91 %, 66 %, 76553 MiB, 81559 MiB, 61, 612.24 W
[GPU Processes]
2575, 76544 MiB, python
[CPU]
 17:37:29 up 22 days, 17:48,  0 users,  load average: 11.11, 11.59, 12.06
[Memory]
Mem:           1.8Ti       138Gi       392Gi        18Gi       1.3Ti       1.6Ti
Swap:             0B          0B          0B
[Disk]
/dev/md127      5.9T  495G  5.4T   9% /home/ben
  Task dir: 46G

--- 2026-09-04 17:38:29 UTC ---
[GPU]
0, 100 %, 89 %, 76553 MiB, 81559 MiB, 59, 582.80 W
[GPU Processes]
2575, 76544 MiB, python
[CPU]
 17:38:29 up 22 days, 17:49,  0 users,  load average: 11.00, 11.46, 11.98
[Memory]
Mem:           1.8Ti       138Gi       392Gi        18Gi       1.3Ti       1.6Ti
Swap:             0B          0B          0B
[Disk]
/dev/md127      5.9T  495G  5.4T   9% /home/ben
  Task dir: 46G

--- 2026-09-04 17:39:29 UTC ---
[GPU]
0, 100 %, 71 %, 76553 MiB, 81559 MiB, 62, 613.76 W
[GPU Processes]
2575, 76544 MiB, python
[CPU]
 17:39:29 up 22 days, 17:51,  0 users,  load average: 10.80, 11.30, 11.89
[Memory]
Mem:           1.8Ti       138Gi       393Gi        18Gi       1.3Ti       1.6Ti
Swap:             0B          0B          0B
[Disk]
/dev/md127      5.9T  495G  5.4T   9% /home/ben
  Task dir: 46G

--- 2026-09-04 17:40:29 UTC ---
[GPU]
0, 100 %, 66 %, 76553 MiB, 81559 MiB, 62, 598.07 W
[GPU Processes]
2575, 76544 MiB, python
[CPU]
 17:40:30 up 22 days, 17:52,  0 users,  load average: 10.96, 11.23, 11.83
[Memory]
Mem:           1.8Ti       140Gi       390Gi        18Gi       1.3Ti       1.6Ti
Swap:             0B          0B          0B
[Disk]
/dev/md127      5.9T  495G  5.4T   9% /home/ben
  Task dir: 46G

--- 2026-09-04 17:41:30 UTC ---
[GPU]
0, 100 %, 61 %, 76553 MiB, 81559 MiB, 60, 618.24 W
[GPU Processes]
2575, 76544 MiB, python
[CPU]
 17:41:30 up 22 days, 17:53,  0 users,  load average: 10.84, 11.17, 11.77
[Memory]
Mem:           1.8Ti       136Gi       395Gi        17Gi       1.3Ti       1.6Ti
Swap:             0B          0B          0B
[Disk]
/dev/md127      5.9T  495G  5.4T   9% /home/ben
  Task dir: 46G

--- 2026-09-04 17:42:30 UTC ---
[GPU]
0, 100 %, 64 %, 76553 MiB, 81559 MiB, 65, 620.29 W
[GPU Processes]
2575, 76544 MiB, python
[CPU]
 17:42:30 up 22 days, 17:54,  0 users,  load average: 10.79, 11.09, 11.70
[Memory]
Mem:           1.8Ti       137Gi       394Gi        17Gi       1.3Ti       1.6Ti
Swap:             0B          0B          0B
[Disk]
/dev/md127      5.9T  495G  5.4T   9% /home/ben
  Task dir: 46G

--- 2026-09-04 17:43:30 UTC ---
[GPU]
0, 100 %, 70 %, 76553 MiB, 81559 MiB, 61, 616.09 W
[GPU Processes]
2575, 76544 MiB, python
[CPU]
 17:43:30 up 22 days, 17:55,  0 users,  load average: 10.97, 11.07, 11.66
[Memory]
Mem:           1.8Ti       138Gi       393Gi        17Gi       1.3Ti       1.6Ti
Swap:             0B          0B          0B
[Disk]
/dev/md127      5.9T  495G  5.4T   9% /home/ben
  Task dir: 46G

--- 2026-09-04 17:44:30 UTC ---
[GPU]
0, 100 %, 72 %, 76553 MiB, 81559 MiB, 61, 631.91 W
[GPU Processes]
2575, 76544 MiB, python
[CPU]
 17:44:30 up 22 days, 17:56,  0 users,  load average: 11.39, 11.16, 11.64
[Memory]
Mem:           1.8Ti       138Gi       391Gi        17Gi       1.3Ti       1.6Ti
Swap:             0B          0B          0B
[Disk]
/dev/md127      5.9T  496G  5.4T   9% /home/ben
  Task dir: 46G

--- 2026-09-04 17:45:30 UTC ---
[GPU]
0, 100 %, 73 %, 76553 MiB, 81559 MiB, 61, 635.08 W
[GPU Processes]
2575, 76544 MiB, python
[CPU]
 17:45:30 up 22 days, 17:57,  0 users,  load average: 13.20, 11.72, 11.81
[Memory]
Mem:           1.8Ti       142Gi       387Gi        17Gi       1.3Ti       1.6Ti
Swap:             0B          0B          0B
[Disk]
/dev/md127      5.9T  496G  5.4T   9% /home/ben
  Task dir: 46G

--- 2026-09-04 17:46:30 UTC ---
[GPU]
0, 92 %, 64 %, 76553 MiB, 81559 MiB, 58, 596.19 W
[GPU Processes]
2575, 76544 MiB, python
[CPU]
 17:46:30 up 22 days, 17:58,  0 users,  load average: 13.14, 11.96, 11.89
[Memory]
Mem:           1.8Ti       145Gi       380Gi        18Gi       1.3Ti       1.6Ti
Swap:             0B          0B          0B
[Disk]
/dev/md127      5.9T  496G  5.4T   9% /home/ben
  Task dir: 46G

--- 2026-09-04 17:47:31 UTC ---
[GPU]
0, 91 %, 65 %, 76553 MiB, 81559 MiB, 58, 592.43 W
[GPU Processes]
2575, 76544 MiB, python
[CPU]
 17:47:31 up 22 days, 17:59,  0 users,  load average: 13.23, 12.21, 11.98
[Memory]
Mem:           1.8Ti       147Gi       353Gi        18Gi       1.3Ti       1.6Ti
Swap:             0B          0B          0B
[Disk]
/dev/md127      5.9T  519G  5.4T   9% /home/ben
  Task dir: 68G

--- 2026-09-04 17:48:31 UTC ---
[GPU]
0, 100 %, 72 %, 76553 MiB, 81559 MiB, 61, 626.74 W
[GPU Processes]
2575, 76544 MiB, python
[CPU]
 17:48:31 up 22 days, 18:00,  0 users,  load average: 13.27, 12.43, 12.07
[Memory]
Mem:           1.8Ti       148Gi       352Gi        18Gi       1.3Ti       1.6Ti
Swap:             0B          0B          0B
[Disk]
/dev/md127      5.9T  519G  5.4T   9% /home/ben
  Task dir: 68G

--- 2026-09-04 17:49:31 UTC ---
[GPU]
0, 100 %, 64 %, 76553 MiB, 81559 MiB, 60, 634.07 W
[GPU Processes]
2575, 76544 MiB, python
[CPU]
 17:49:31 up 22 days, 18:01,  0 users,  load average: 13.28, 12.58, 12.15
[Memory]
Mem:           1.8Ti       148Gi       352Gi        18Gi       1.3Ti       1.6Ti
Swap:             0B          0B          0B
[Disk]
/dev/md127      5.9T  519G  5.4T   9% /home/ben
  Task dir: 68G

--- 2026-09-04 17:50:31 UTC ---
[GPU]
0, 100 %, 65 %, 76553 MiB, 81559 MiB, 60, 623.52 W
[GPU Processes]
2575, 76544 MiB, python
[CPU]
 17:50:31 up 22 days, 18:02,  0 users,  load average: 13.36, 12.74, 12.23
[Memory]
Mem:           1.8Ti       148Gi       352Gi        18Gi       1.3Ti       1.6Ti
Swap:             0B          0B          0B
[Disk]
/dev/md127      5.9T  519G  5.4T   9% /home/ben
  Task dir: 68G

--- 2026-09-04 17:51:31 UTC ---
[GPU]
0, 100 %, 72 %, 76553 MiB, 81559 MiB, 59, 590.17 W
[GPU Processes]
2575, 76544 MiB, python
[CPU]
 17:51:31 up 22 days, 18:03,  0 users,  load average: 13.38, 12.85, 12.31
[Memory]
Mem:           1.8Ti       148Gi       351Gi        18Gi       1.3Ti       1.6Ti
Swap:             0B          0B          0B
[Disk]
/dev/md127      5.9T  519G  5.4T   9% /home/ben
  Task dir: 68G

--- 2026-09-04 17:52:31 UTC ---
[GPU]
0, 87 %, 61 %, 76553 MiB, 81559 MiB, 58, 613.28 W
[GPU Processes]
2575, 76544 MiB, python
[CPU]
 17:52:31 up 22 days, 18:04,  0 users,  load average: 13.33, 12.93, 12.37
[Memory]
Mem:           1.8Ti       150Gi       345Gi        18Gi       1.3Ti       1.6Ti
Swap:             0B          0B          0B
[Disk]
/dev/md127      5.9T  523G  5.3T   9% /home/ben
  Task dir: 68G

--- 2026-09-04 17:53:31 UTC ---
[GPU]
0, 100 %, 70 %, 76553 MiB, 81559 MiB, 61, 621.82 W
[GPU Processes]
2575, 76544 MiB, python
[CPU]
 17:53:32 up 22 days, 18:05,  0 users,  load average: 13.11, 12.92, 12.40
[Memory]
Mem:           1.8Ti       149Gi       343Gi        18Gi       1.3Ti       1.6Ti
Swap:             0B          0B          0B
[Disk]
/dev/md127      5.9T  527G  5.3T   9% /home/ben
  Task dir: 68G

--- 2026-09-04 17:54:32 UTC ---
[GPU]
0, 100 %, 69 %, 76553 MiB, 81559 MiB, 60, 602.46 W
[GPU Processes]
2575, 76544 MiB, python
[CPU]
 17:54:32 up 22 days, 18:06,  0 users,  load average: 13.03, 12.91, 12.42
[Memory]
Mem:           1.8Ti       151Gi       341Gi        18Gi       1.3Ti       1.6Ti
Swap:             0B          0B          0B
[Disk]
/dev/md127      5.9T  527G  5.3T   9% /home/ben
  Task dir: 68G

--- 2026-09-04 17:55:32 UTC ---
[GPU]
0, 100 %, 71 %, 76553 MiB, 81559 MiB, 61, 613.03 W
[GPU Processes]
2575, 76544 MiB, python
[CPU]
 17:55:32 up 22 days, 18:07,  0 users,  load average: 13.53, 13.09, 12.52
[Memory]
Mem:           1.8Ti       152Gi       339Gi        19Gi       1.3Ti       1.6Ti
Swap:             0B          0B          0B
[Disk]
/dev/md127      5.9T  527G  5.3T   9% /home/ben
  Task dir: 68G

--- 2026-09-04 17:56:32 UTC ---
[GPU]
0, 100 %, 66 %, 76553 MiB, 81559 MiB, 61, 608.58 W
[GPU Processes]
2575, 76544 MiB, python
[CPU]
 17:56:32 up 22 days, 18:08,  0 users,  load average: 12.83, 12.96, 12.51
[Memory]
Mem:           1.8Ti       147Gi       345Gi        18Gi       1.3Ti       1.6Ti
Swap:             0B          0B          0B
[Disk]
/dev/md127      5.9T  527G  5.3T   9% /home/ben
  Task dir: 68G

--- 2026-09-04 17:57:32 UTC ---
[GPU]
0, 94 %, 62 %, 76553 MiB, 81559 MiB, 60, 596.24 W
[GPU Processes]
2575, 76544 MiB, python
[CPU]
 17:57:32 up 22 days, 18:09,  0 users,  load average: 13.60, 13.13, 12.60
[Memory]
Mem:           1.8Ti       147Gi       336Gi        18Gi       1.3Ti       1.6Ti
Swap:             0B          0B          0B
[Disk]
/dev/md127      5.9T  535G  5.3T   9% /home/ben
  Task dir: 68G

--- 2026-09-04 17:58:32 UTC ---
[GPU]
0, 100 %, 64 %, 76553 MiB, 81559 MiB, 61, 606.97 W
[GPU Processes]
2575, 76544 MiB, python
[CPU]
 17:58:32 up 22 days, 18:10,  0 users,  load average: 12.99, 13.03, 12.60
[Memory]
Mem:           1.8Ti       149Gi       327Gi        18Gi       1.3Ti       1.6Ti
Swap:             0B          0B          0B
[Disk]
/dev/md127      5.9T  542G  5.3T  10% /home/ben
  Task dir: 68G

--- 2026-09-04 17:59:32 UTC ---
[GPU]
0, 100 %, 66 %, 76553 MiB, 81559 MiB, 61, 594.97 W
[GPU Processes]
2575, 76544 MiB, python
[CPU]
 17:59:32 up 22 days, 18:11,  0 users,  load average: 13.73, 13.23, 12.69
[Memory]
Mem:           1.8Ti       153Gi       322Gi        19Gi       1.3Ti       1.6Ti
Swap:             0B          0B          0B
[Disk]
/dev/md127      5.9T  542G  5.3T  10% /home/ben
  Task dir: 68G

--- 2026-09-04 18:00:33 UTC ---
[GPU]
0, 100 %, 69 %, 76553 MiB, 81559 MiB, 61, 597.00 W
[GPU Processes]
2575, 76544 MiB, python
[CPU]
 18:00:33 up 22 days, 18:12,  0 users,  load average: 13.10, 13.18, 12.71
[Memory]
Mem:           1.8Ti       148Gi       328Gi        19Gi       1.3Ti       1.6Ti
Swap:             0B          0B          0B
[Disk]
/dev/md127      5.9T  542G  5.3T  10% /home/ben
  Task dir: 68G

--- 2026-09-04 18:01:33 UTC ---
[GPU]
0, 100 %, 63 %, 76553 MiB, 81559 MiB, 61, 598.06 W
[GPU Processes]
2575, 76544 MiB, python
[CPU]
 18:01:33 up 22 days, 18:13,  0 users,  load average: 12.26, 12.93, 12.65
[Memory]
Mem:           1.8Ti       143Gi       337Gi        18Gi       1.3Ti       1.6Ti
Swap:             0B          0B          0B
[Disk]
/dev/md127      5.9T  541G  5.3T  10% /home/ben
  Task dir: 68G

--- 2026-09-04 18:02:33 UTC ---
[GPU]
0, 100 %, 64 %, 76553 MiB, 81559 MiB, 59, 536.67 W
[GPU Processes]
2575, 76544 MiB, python
[CPU]
 18:02:33 up 22 days, 18:14,  0 users,  load average: 11.43, 12.57, 12.55
[Memory]
Mem:           1.8Ti       143Gi       335Gi        18Gi       1.3Ti       1.6Ti
Swap:             0B          0B          0B
[Disk]
/dev/md127      5.9T  541G  5.3T  10% /home/ben
  Task dir: 68G

--- 2026-09-04 18:03:33 UTC ---
[GPU]
0, 100 %, 65 %, 76553 MiB, 81559 MiB, 60, 602.40 W
[GPU Processes]
2575, 76544 MiB, python
[CPU]
 18:03:33 up 22 days, 18:15,  0 users,  load average: 11.49, 12.35, 12.47
[Memory]
Mem:           1.8Ti       144Gi       334Gi        18Gi       1.3Ti       1.6Ti
Swap:             0B          0B          0B
[Disk]
/dev/md127      5.9T  541G  5.3T  10% /home/ben
  Task dir: 68G

--- 2026-09-04 18:04:33 UTC ---
[GPU]
0, 100 %, 74 %, 76553 MiB, 81559 MiB, 62, 587.08 W
[GPU Processes]
2575, 76544 MiB, python
[CPU]
 18:04:33 up 22 days, 18:16,  0 users,  load average: 12.20, 12.36, 12.46
[Memory]
Mem:           1.8Ti       143Gi       337Gi        17Gi       1.3Ti       1.6Ti
Swap:             0B          0B          0B
[Disk]
/dev/md127      5.9T  540G  5.3T  10% /home/ben
  Task dir: 68G

--- 2026-09-04 18:05:33 UTC ---
[GPU]
0, 100 %, 63 %, 76553 MiB, 81559 MiB, 60, 597.61 W
[GPU Processes]
2575, 76544 MiB, python
[CPU]
 18:05:33 up 22 days, 18:17,  0 users,  load average: 12.04, 12.30, 12.44
[Memory]
Mem:           1.8Ti       144Gi       322Gi        18Gi       1.3Ti       1.6Ti
Swap:             0B          0B          0B
[Disk]
/dev/md127      5.9T  542G  5.3T  10% /home/ben
  Task dir: 68G

--- 2026-09-04 18:06:33 UTC ---
[GPU]
0, 100 %, 65 %, 76553 MiB, 81559 MiB, 61, 608.16 W
[GPU Processes]
2575, 76544 MiB, python
[CPU]
 18:06:33 up 22 days, 18:18,  0 users,  load average: 11.96, 12.24, 12.41
[Memory]
Mem:           1.8Ti       136Gi       329Gi        17Gi       1.3Ti       1.6Ti
Swap:             0B          0B          0B
[Disk]
/dev/md127      5.9T  542G  5.3T  10% /home/ben
  Task dir: 68G

--- 2026-09-04 18:07:34 UTC ---
[GPU]
0, 100 %, 68 %, 76553 MiB, 81559 MiB, 59, 622.83 W
[GPU Processes]
2575, 76544 MiB, python
[CPU]
 18:07:34 up 22 days, 18:19,  0 users,  load average: 12.44, 12.30, 12.41
[Memory]
Mem:           1.8Ti       143Gi       314Gi        18Gi       1.4Ti       1.6Ti
Swap:             0B          0B          0B
[Disk]
/dev/md127      5.9T  542G  5.3T  10% /home/ben
  Task dir: 68G

--- 2026-09-04 18:08:34 UTC ---
[GPU]
0, 100 %, 70 %, 76553 MiB, 81559 MiB, 62, 623.21 W
[GPU Processes]
2575, 76544 MiB, python
[CPU]
 18:08:34 up 22 days, 18:20,  0 users,  load average: 11.83, 12.17, 12.37
[Memory]
Mem:           1.8Ti       141Gi       316Gi        18Gi       1.4Ti       1.6Ti
Swap:             0B          0B          0B
[Disk]
/dev/md127      5.9T  542G  5.3T  10% /home/ben
  Task dir: 68G

--- 2026-09-04 18:09:34 UTC ---
[GPU]
0, 100 %, 85 %, 76553 MiB, 81559 MiB, 59, 572.43 W
[GPU Processes]
2575, 76544 MiB, python
[CPU]
 18:09:34 up 22 days, 18:21,  0 users,  load average: 11.61, 12.03, 12.30
[Memory]
Mem:           1.8Ti       136Gi       321Gi        17Gi       1.4Ti       1.6Ti
Swap:             0B          0B          0B
[Disk]
/dev/md127      5.9T  542G  5.3T  10% /home/ben
  Task dir: 68G

--- 2026-09-04 18:10:34 UTC ---
[GPU]
0, 0 %, 0 %, 76553 MiB, 81559 MiB, 39, 118.06 W
[GPU Processes]
2575, 76544 MiB, python
[CPU]
 18:10:34 up 22 days, 18:22,  0 users,  load average: 11.12, 11.81, 12.21
[Memory]
Mem:           1.8Ti       138Gi       306Gi        17Gi       1.4Ti       1.6Ti
Swap:             0B          0B          0B
[Disk]
/dev/md127      5.9T  554G  5.3T  10% /home/ben
  Task dir: 79G

--- 2026-09-04 18:11:34 UTC ---
[GPU]
0, 7 %, 0 %, 76553 MiB, 81559 MiB, 40, 121.46 W
[GPU Processes]
2575, 76544 MiB, python
[CPU]
 18:11:34 up 22 days, 18:23,  0 users,  load average: 11.73, 11.83, 12.18
[Memory]
Mem:           1.8Ti       140Gi       276Gi        17Gi       1.4Ti       1.6Ti
Swap:             0B          0B          0B
[Disk]
/dev/md127      5.9T  581G  5.3T  10% /home/ben
  Task dir: 99G

--- 2026-09-04 18:12:34 UTC ---
[GPU]
0, 0 %, 0 %, 0 MiB, 81559 MiB, 30, 68.34 W
[GPU Processes]
[CPU]
 18:12:34 up 22 days, 18:24,  0 users,  load average: 11.81, 11.83, 12.16
[Memory]
Mem:           1.8Ti       140Gi       261Gi        17Gi       1.4Ti       1.6Ti
Swap:             0B          0B          0B
[Disk]
/dev/md127      5.9T  612G  5.3T  11% /home/ben
  Task dir: 121G

--- 2026-09-04 18:13:34 UTC ---
[GPU]
0, 0 %, 0 %, 0 MiB, 81559 MiB, 30, 116.37 W
[GPU Processes]
[CPU]
 18:13:35 up 22 days, 18:25,  0 users,  load average: 13.48, 12.16, 12.25
[Memory]
Mem:           1.8Ti       142Gi       257Gi        17Gi       1.4Ti       1.6Ti
Swap:             0B          0B          0B
[Disk]
/dev/md127      5.9T  612G  5.3T  11% /home/ben
  Task dir: 121G

--- 2026-09-04 18:14:35 UTC ---
[GPU]
0, 0 %, 0 %, 0 MiB, 81559 MiB, 28, 67.97 W
[GPU Processes]
[CPU]
 18:14:35 up 22 days, 18:26,  0 users,  load average: 13.39, 12.29, 12.28
[Memory]
Mem:           1.8Ti       141Gi       259Gi        17Gi       1.4Ti       1.6Ti
Swap:             0B          0B          0B
[Disk]
/dev/md127      5.9T  612G  5.3T  11% /home/ben
  Task dir: 121G

--- 2026-09-04 18:15:35 UTC ---
[GPU]
0, 18 %, 9 %, 54885 MiB, 81559 MiB, 33, 152.10 W
[GPU Processes]
4782, 54882 MiB, VLLM::EngineCore
[CPU]
 18:15:35 up 22 days, 18:27,  0 users,  load average: 12.85, 12.32, 12.29
[Memory]
Mem:           1.8Ti       142Gi       257Gi        18Gi       1.4Ti       1.6Ti
Swap:             0B          0B          0B
[Disk]
/dev/md127      5.9T  612G  5.3T  11% /home/ben
  Task dir: 121G

--- 2026-09-04 18:16:35 UTC ---
[GPU]
0, 96 %, 29 %, 15209 MiB, 81559 MiB, 43, 227.26 W
[GPU Processes]
5636, 15200 MiB, VLLM::EngineCore
[CPU]
 18:16:35 up 22 days, 18:28,  0 users,  load average: 12.39, 12.27, 12.27
[Memory]
Mem:           1.8Ti       141Gi       259Gi        17Gi       1.4Ti       1.6Ti
Swap:             0B          0B          0B
[Disk]
/dev/md127      5.9T  612G  5.3T  11% /home/ben
  Task dir: 121G

--- 2026-09-04 18:17:35 UTC ---
[GPU]
0, 83 %, 52 %, 65709 MiB, 81559 MiB, 37, 325.70 W
[GPU Processes]
5636, 65700 MiB, VLLM::EngineCore
[CPU]
 18:17:35 up 22 days, 18:29,  0 users,  load average: 12.36, 12.28, 12.28
[Memory]
Mem:           1.8Ti       142Gi       258Gi        18Gi       1.4Ti       1.6Ti
Swap:             0B          0B          0B
[Disk]
/dev/md127      5.9T  612G  5.3T  11% /home/ben
  Task dir: 121G

--- 2026-09-04 18:18:35 UTC ---
[GPU]
0, 0 %, 0 %, 15211 MiB, 81559 MiB, 31, 112.61 W
[GPU Processes]
6487, 15202 MiB, VLLM::EngineCore
[CPU]
 18:18:35 up 22 days, 18:30,  0 users,  load average: 12.29, 12.28, 12.27
[Memory]
Mem:           1.8Ti       141Gi       259Gi        17Gi       1.4Ti       1.6Ti
Swap:             0B          0B          0B
[Disk]
/dev/md127      5.9T  612G  5.3T  11% /home/ben
  Task dir: 121G

--- 2026-09-04 18:19:35 UTC ---
[GPU]
0, 0 %, 0 %, 0 MiB, 81559 MiB, 29, 68.06 W
[GPU Processes]
[CPU]
 18:19:35 up 22 days, 18:31,  0 users,  load average: 12.41, 12.30, 12.28
[Memory]
Mem:           1.8Ti       139Gi       256Gi        17Gi       1.4Ti       1.6Ti
Swap:             0B          0B          0B
[Disk]
/dev/md127      5.9T  620G  5.3T  11% /home/ben
  Task dir: 129G

--- 2026-09-04 18:20:36 UTC ---
[GPU]
0, 0 %, 0 %, 15209 MiB, 81559 MiB, 31, 113.03 W
[GPU Processes]
7347, 15200 MiB, VLLM::EngineCore
[CPU]
 18:20:36 up 22 days, 18:32,  0 users,  load average: 12.96, 12.48, 12.34
[Memory]
Mem:           1.8Ti       143Gi       256Gi        17Gi       1.4Ti       1.6Ti
Swap:             0B          0B          0B
[Disk]
/dev/md127      5.9T  620G  5.3T  11% /home/ben
  Task dir: 129G

--- 2026-09-04 18:21:36 UTC ---
[GPU]
0, 0 %, 0 %, 0 MiB, 81559 MiB, 30, 68.11 W
[GPU Processes]
[CPU]
 18:21:36 up 22 days, 18:33,  0 users,  load average: 12.92, 12.57, 12.39
[Memory]
Mem:           1.8Ti       139Gi       261Gi        17Gi       1.4Ti       1.6Ti
Swap:             0B          0B          0B
[Disk]
/dev/md127      5.9T  620G  5.3T  11% /home/ben
  Task dir: 129G

--- 2026-09-04 18:22:36 UTC ---
[GPU]
0, 0 %, 0 %, 0 MiB, 81559 MiB, 29, 68.02 W
[GPU Processes]
[CPU]
 18:22:36 up 22 days, 18:34,  0 users,  load average: 12.51, 12.51, 12.37
[Memory]
Mem:           1.8Ti       139Gi       261Gi        17Gi       1.4Ti       1.6Ti
Swap:             0B          0B          0B
[Disk]
/dev/md127      5.9T  620G  5.3T  11% /home/ben
  Task dir: 129G

--- 2026-09-04 18:23:36 UTC ---
[GPU]
0, 0 %, 0 %, 0 MiB, 81559 MiB, 28, 67.88 W
[GPU Processes]
[CPU]
 18:23:36 up 22 days, 18:35,  0 users,  load average: 12.31, 12.45, 12.36
[Memory]
Mem:           1.8Ti       139Gi       261Gi        17Gi       1.4Ti       1.6Ti
Swap:             0B          0B          0B
[Disk]
/dev/md127      5.9T  620G  5.3T  11% /home/ben
  Task dir: 129G

--- 2026-09-04 18:24:36 UTC ---
[GPU]
0, 0 %, 0 %, 0 MiB, 81559 MiB, 28, 67.89 W
[GPU Processes]
[CPU]
 18:24:36 up 22 days, 18:36,  0 users,  load average: 12.27, 12.41, 12.35
[Memory]
Mem:           1.8Ti       139Gi       261Gi        17Gi       1.4Ti       1.6Ti
Swap:             0B          0B          0B
[Disk]
/dev/md127      5.9T  620G  5.3T  11% /home/ben
  Task dir: 129G

--- 2026-09-04 18:25:36 UTC ---
[GPU]
0, 0 %, 0 %, 0 MiB, 81559 MiB, 28, 67.88 W
[GPU Processes]
[CPU]
 18:25:36 up 22 days, 18:37,  0 users,  load average: 12.37, 12.41, 12.36
[Memory]
Mem:           1.8Ti       140Gi       261Gi        17Gi       1.4Ti       1.6Ti
Swap:             0B          0B          0B
[Disk]
/dev/md127      5.9T  643G  5.2T  11% /home/ben
  Task dir: 129G

--- 2026-09-04 18:26:36 UTC ---
[GPU]
0, 0 %, 0 %, 0 MiB, 81559 MiB, 28, 67.78 W
[GPU Processes]
[CPU]
 18:26:37 up 22 days, 18:38,  0 users,  load average: 12.44, 12.41, 12.36
[Memory]
Mem:           1.8Ti       140Gi       239Gi        17Gi       1.4Ti       1.6Ti
Swap:             0B          0B          0B
[Disk]
/dev/md127      5.9T  664G  5.2T  12% /home/ben
  Task dir: 129G

--- 2026-09-04 18:27:37 UTC ---
[GPU]
0, 100 %, 73 %, 70959 MiB, 81559 MiB, 55, 613.78 W
[GPU Processes]
8289, 70950 MiB, python
[CPU]
 18:27:37 up 22 days, 18:39,  0 users,  load average: 13.19, 12.66, 12.46
[Memory]
Mem:           1.8Ti       142Gi       236Gi        17Gi       1.4Ti       1.6Ti
Swap:             0B          0B          0B
[Disk]
/dev/md127      5.9T  665G  5.2T  12% /home/ben
  Task dir: 129G

--- 2026-09-04 18:28:37 UTC ---
[GPU]
0, 100 %, 67 %, 68231 MiB, 81559 MiB, 56, 594.49 W
[GPU Processes]
8289, 68222 MiB, python
[CPU]
 18:28:37 up 22 days, 18:40,  0 users,  load average: 13.12, 12.74, 12.50
[Memory]
Mem:           1.8Ti       142Gi       236Gi        17Gi       1.4Ti       1.6Ti
Swap:             0B          0B          0B
[Disk]
/dev/md127      5.9T  665G  5.2T  12% /home/ben
  Task dir: 129G

--- 2026-09-04 18:29:37 UTC ---
[GPU]
0, 87 %, 60 %, 70851 MiB, 81559 MiB, 56, 610.17 W
[GPU Processes]
8289, 70842 MiB, python
[CPU]
 18:29:37 up 22 days, 18:41,  0 users,  load average: 12.87, 12.77, 12.52
[Memory]
Mem:           1.8Ti       141Gi       229Gi        17Gi       1.4Ti       1.6Ti
Swap:             0B          0B          0B
[Disk]
/dev/md127      5.9T  673G  5.2T  12% /home/ben
  Task dir: 129G

--- 2026-09-04 18:30:37 UTC ---
[GPU]
0, 100 %, 65 %, 70851 MiB, 81559 MiB, 58, 602.86 W
[GPU Processes]
8289, 70842 MiB, python
[CPU]
 18:30:37 up 22 days, 18:42,  0 users,  load average: 12.94, 12.80, 12.55
[Memory]
Mem:           1.8Ti       144Gi       225Gi        17Gi       1.4Ti       1.6Ti
Swap:             0B          0B          0B
[Disk]
/dev/md127      5.9T  673G  5.2T  12% /home/ben
  Task dir: 129G

--- 2026-09-04 18:31:37 UTC ---
[GPU]
0, 100 %, 65 %, 70851 MiB, 81559 MiB, 57, 588.01 W
[GPU Processes]
8289, 70842 MiB, python
[CPU]
 18:31:37 up 22 days, 18:43,  0 users,  load average: 13.25, 12.90, 12.60
[Memory]
Mem:           1.8Ti       137Gi       225Gi        17Gi       1.4Ti       1.6Ti
Swap:             0B          0B          0B
[Disk]
/dev/md127      5.9T  681G  5.2T  12% /home/ben
  Task dir: 129G

--- 2026-09-04 18:32:37 UTC ---
[GPU]
0, 100 %, 70 %, 70851 MiB, 81559 MiB, 59, 629.70 W
[GPU Processes]
8289, 70842 MiB, python
[CPU]
 18:32:37 up 22 days, 18:44,  0 users,  load average: 13.46, 13.04, 12.67
[Memory]
Mem:           1.8Ti       146Gi       215Gi        18Gi       1.4Ti       1.6Ti
Swap:             0B          0B          0B
[Disk]
/dev/md127      5.9T  681G  5.2T  12% /home/ben
  Task dir: 129G

--- 2026-09-04 18:33:38 UTC ---
[GPU]
0, 100 %, 73 %, 71131 MiB, 81559 MiB, 57, 550.33 W
[GPU Processes]
8289, 71122 MiB, python
[CPU]
 18:33:38 up 22 days, 18:45,  0 users,  load average: 12.89, 12.99, 12.68
[Memory]
Mem:           1.8Ti       137Gi       225Gi        17Gi       1.4Ti       1.6Ti
Swap:             0B          0B          0B
[Disk]
/dev/md127      5.9T  681G  5.2T  12% /home/ben
  Task dir: 129G

--- 2026-09-04 18:34:38 UTC ---
[GPU]
0, 100 %, 68 %, 72121 MiB, 81559 MiB, 58, 605.98 W
[GPU Processes]
8289, 72112 MiB, python
[CPU]
 18:34:38 up 22 days, 18:46,  0 users,  load average: 12.50, 12.83, 12.64
[Memory]
Mem:           1.8Ti       138Gi       224Gi        17Gi       1.4Ti       1.6Ti
Swap:             0B          0B          0B
[Disk]
/dev/md127      5.9T  681G  5.2T  12% /home/ben
  Task dir: 129G

--- 2026-09-04 18:35:38 UTC ---
[GPU]
0, 100 %, 65 %, 72121 MiB, 81559 MiB, 58, 594.19 W
[GPU Processes]
8289, 72112 MiB, python
[CPU]
 18:35:38 up 22 days, 18:47,  0 users,  load average: 12.54, 12.76, 12.63
[Memory]
Mem:           1.8Ti       139Gi       223Gi        17Gi       1.4Ti       1.6Ti
Swap:             0B          0B          0B
[Disk]
/dev/md127      5.9T  681G  5.2T  12% /home/ben
  Task dir: 129G

--- 2026-09-04 18:36:38 UTC ---
[GPU]
0, 100 %, 66 %, 72121 MiB, 81559 MiB, 59, 621.62 W
[GPU Processes]
8289, 72112 MiB, python
[CPU]
 18:36:38 up 22 days, 18:48,  0 users,  load average: 12.72, 12.79, 12.65
[Memory]
Mem:           1.8Ti       139Gi       222Gi        17Gi       1.4Ti       1.6Ti
Swap:             0B          0B          0B
[Disk]
/dev/md127      5.9T  681G  5.2T  12% /home/ben
  Task dir: 129G

--- 2026-09-04 18:37:38 UTC ---
[GPU]
0, 100 %, 61 %, 72121 MiB, 81559 MiB, 58, 601.15 W
[GPU Processes]
8289, 72112 MiB, python
[CPU]
 18:37:38 up 22 days, 18:49,  0 users,  load average: 13.18, 12.92, 12.70
[Memory]
Mem:           1.8Ti       142Gi       220Gi        17Gi       1.4Ti       1.6Ti
Swap:             0B          0B          0B
[Disk]
/dev/md127      5.9T  681G  5.2T  12% /home/ben
  Task dir: 129G

--- 2026-09-04 18:38:38 UTC ---
[GPU]
0, 94 %, 63 %, 72121 MiB, 81559 MiB, 57, 592.80 W
[GPU Processes]
8289, 72112 MiB, python
[CPU]
 18:38:38 up 22 days, 18:50,  0 users,  load average: 13.07, 12.95, 12.73
[Memory]
Mem:           1.8Ti       138Gi       224Gi        17Gi       1.4Ti       1.6Ti
Swap:             0B          0B          0B
[Disk]
/dev/md127      5.9T  681G  5.2T  12% /home/ben
  Task dir: 129G

--- 2026-09-04 18:39:38 UTC ---
[GPU]
0, 100 %, 70 %, 72121 MiB, 81559 MiB, 59, 612.49 W
[GPU Processes]
8289, 72112 MiB, python
[CPU]
 18:39:39 up 22 days, 18:51,  0 users,  load average: 12.65, 12.86, 12.71
[Memory]
Mem:           1.8Ti       137Gi       217Gi        17Gi       1.5Ti       1.6Ti
Swap:             0B          0B          0B
[Disk]
/dev/md127      5.9T  688G  5.2T  12% /home/ben
  Task dir: 129G

--- 2026-09-04 18:40:39 UTC ---
[GPU]
0, 100 %, 70 %, 72121 MiB, 81559 MiB, 59, 619.56 W
[GPU Processes]
8289, 72112 MiB, python
[CPU]
 18:40:39 up 22 days, 18:52,  0 users,  load average: 11.88, 12.58, 12.62
[Memory]
Mem:           1.8Ti       138Gi       217Gi        17Gi       1.5Ti       1.6Ti
Swap:             0B          0B          0B
[Disk]
/dev/md127      5.9T  688G  5.2T  12% /home/ben
  Task dir: 129G

--- 2026-09-04 18:41:39 UTC ---
[GPU]
0, 100 %, 63 %, 72121 MiB, 81559 MiB, 58, 550.04 W
[GPU Processes]
8289, 72112 MiB, python
[CPU]
 18:41:39 up 22 days, 18:53,  0 users,  load average: 12.05, 12.51, 12.60
[Memory]
Mem:           1.8Ti       140Gi       215Gi        17Gi       1.5Ti       1.6Ti
Swap:             0B          0B          0B
[Disk]
/dev/md127      5.9T  688G  5.2T  12% /home/ben
  Task dir: 129G

--- 2026-09-04 18:42:39 UTC ---
[GPU]
0, 100 %, 73 %, 72121 MiB, 81559 MiB, 58, 616.39 W
[GPU Processes]
8289, 72112 MiB, python
[CPU]
 18:42:39 up 22 days, 18:54,  0 users,  load average: 11.82, 12.38, 12.54
[Memory]
Mem:           1.8Ti       135Gi       219Gi        17Gi       1.5Ti       1.6Ti
Swap:             0B          0B          0B
[Disk]
/dev/md127      5.9T  688G  5.2T  12% /home/ben
  Task dir: 129G

--- 2026-09-04 18:43:39 UTC ---
[GPU]
0, 100 %, 65 %, 72121 MiB, 81559 MiB, 57, 604.27 W
[GPU Processes]
8289, 72112 MiB, python
[CPU]
 18:43:39 up 22 days, 18:55,  0 users,  load average: 12.50, 12.56, 12.60
[Memory]
Mem:           1.8Ti       139Gi       216Gi        17Gi       1.5Ti       1.6Ti
Swap:             0B          0B          0B
[Disk]
/dev/md127      5.9T  688G  5.2T  12% /home/ben
  Task dir: 129G

--- 2026-09-04 18:44:39 UTC ---
[GPU]
0, 100 %, 66 %, 72121 MiB, 81559 MiB, 58, 605.62 W
[GPU Processes]
8289, 72112 MiB, python
[CPU]
 18:44:39 up 22 days, 18:56,  0 users,  load average: 13.15, 12.73, 12.66
[Memory]
Mem:           1.8Ti       143Gi       211Gi        17Gi       1.5Ti       1.6Ti
Swap:             0B          0B          0B
[Disk]
/dev/md127      5.9T  688G  5.2T  12% /home/ben
  Task dir: 129G

--- 2026-09-04 18:45:39 UTC ---
[GPU]
0, 100 %, 71 %, 72121 MiB, 81559 MiB, 59, 612.70 W
[GPU Processes]
8289, 72112 MiB, python
[CPU]
 18:45:39 up 22 days, 18:57,  0 users,  load average: 13.54, 12.91, 12.73
[Memory]
Mem:           1.8Ti       143Gi       211Gi        17Gi       1.5Ti       1.6Ti
Swap:             0B          0B          0B
[Disk]
/dev/md127      5.9T  688G  5.2T  12% /home/ben
  Task dir: 129G

--- 2026-09-04 18:46:39 UTC ---
[GPU]
0, 100 %, 63 %, 72123 MiB, 81559 MiB, 57, 618.70 W
[GPU Processes]
8289, 72114 MiB, python
[CPU]
 18:46:40 up 22 days, 18:58,  0 users,  load average: 12.84, 12.85, 12.72
[Memory]
Mem:           1.8Ti       135Gi       247Gi        17Gi       1.4Ti       1.6Ti
Swap:             0B          0B          0B
[Disk]
/dev/md127      5.9T  664G  5.2T  12% /home/ben
  Task dir: 129G

--- 2026-09-04 18:47:40 UTC ---
[GPU]
0, 88 %, 59 %, 72569 MiB, 81559 MiB, 59, 606.14 W
[GPU Processes]
8289, 72560 MiB, python
[CPU]
 18:47:40 up 22 days, 18:59,  0 users,  load average: 11.68, 12.51, 12.61
[Memory]
Mem:           1.8Ti       135Gi       247Gi        17Gi       1.4Ti       1.6Ti
Swap:             0B          0B          0B
[Disk]
/dev/md127      5.9T  664G  5.2T  12% /home/ben
  Task dir: 129G

--- 2026-09-04 18:48:40 UTC ---
[GPU]
0, 100 %, 73 %, 72569 MiB, 81559 MiB, 59, 596.92 W
[GPU Processes]
8289, 72560 MiB, python
[CPU]
 18:48:40 up 22 days, 19:00,  0 users,  load average: 11.63, 12.33, 12.54
[Memory]
Mem:           1.8Ti       138Gi       244Gi        17Gi       1.4Ti       1.6Ti
Swap:             0B          0B          0B
[Disk]
/dev/md127      5.9T  664G  5.2T  12% /home/ben
  Task dir: 129G

--- 2026-09-04 18:49:40 UTC ---
[GPU]
0, 100 %, 69 %, 72569 MiB, 81559 MiB, 62, 610.28 W
[GPU Processes]
8289, 72560 MiB, python
[CPU]
 18:49:40 up 22 days, 19:01,  0 users,  load average: 12.58, 12.43, 12.56
[Memory]
Mem:           1.8Ti       138Gi       236Gi        17Gi       1.4Ti       1.6Ti
Swap:             0B          0B          0B
[Disk]
/dev/md127      5.9T  672G  5.2T  12% /home/ben
  Task dir: 129G

--- 2026-09-04 18:50:40 UTC ---
[GPU]
0, 100 %, 65 %, 72571 MiB, 81559 MiB, 58, 592.64 W
[GPU Processes]
8289, 72562 MiB, python
[CPU]
 18:50:40 up 22 days, 19:02,  0 users,  load average: 12.51, 12.43, 12.55
[Memory]
Mem:           1.8Ti       135Gi       238Gi        17Gi       1.4Ti       1.6Ti
Swap:             0B          0B          0B
[Disk]
/dev/md127      5.9T  672G  5.2T  12% /home/ben
  Task dir: 129G

--- 2026-09-04 18:51:40 UTC ---
[GPU]
0, 100 %, 66 %, 72571 MiB, 81559 MiB, 62, 606.06 W
[GPU Processes]
8289, 72562 MiB, python
[CPU]
 18:51:40 up 22 days, 19:03,  0 users,  load average: 11.83, 12.24, 12.47
[Memory]
Mem:           1.8Ti       136Gi       237Gi        17Gi       1.4Ti       1.6Ti
Swap:             0B          0B          0B
[Disk]
/dev/md127      5.9T  672G  5.2T  12% /home/ben
  Task dir: 129G

--- 2026-09-04 18:52:40 UTC ---
[GPU]
0, 94 %, 65 %, 72571 MiB, 81559 MiB, 55, 609.35 W
[GPU Processes]
8289, 72562 MiB, python
[CPU]
 18:52:40 up 22 days, 19:04,  0 users,  load average: 11.21, 12.01, 12.38
[Memory]
Mem:           1.8Ti       133Gi       239Gi        17Gi       1.4Ti       1.6Ti
Swap:             0B          0B          0B
[Disk]
/dev/md127      5.9T  695G  5.2T  12% /home/ben
  Task dir: 152G

--- 2026-09-04 18:53:40 UTC ---
[GPU]
0, 88 %, 59 %, 72571 MiB, 81559 MiB, 61, 564.94 W
[GPU Processes]
8289, 72562 MiB, python
[CPU]
 18:53:41 up 22 days, 19:05,  0 users,  load average: 10.54, 11.68, 12.24
[Memory]
Mem:           1.8Ti       134Gi       238Gi        17Gi       1.4Ti       1.6Ti
Swap:             0B          0B          0B
[Disk]
/dev/md127      5.9T  695G  5.2T  12% /home/ben
  Task dir: 152G

--- 2026-09-04 18:54:41 UTC ---
[GPU]
0, 68 %, 44 %, 72571 MiB, 81559 MiB, 62, 532.63 W
[GPU Processes]
8289, 72562 MiB, python
[CPU]
 18:54:41 up 22 days, 19:06,  0 users,  load average: 11.10, 11.62, 12.18
[Memory]
Mem:           1.8Ti       138Gi       233Gi        18Gi       1.4Ti       1.6Ti
Swap:             0B          0B          0B
[Disk]
/dev/md127      5.9T  695G  5.2T  12% /home/ben
  Task dir: 152G

--- 2026-09-04 18:55:41 UTC ---
[GPU]
0, 87 %, 61 %, 72571 MiB, 81559 MiB, 62, 625.88 W
[GPU Processes]
8289, 72562 MiB, python
[CPU]
 18:55:41 up 22 days, 19:07,  0 users,  load average: 12.52, 11.95, 12.26
[Memory]
Mem:           1.8Ti       138Gi       235Gi        17Gi       1.4Ti       1.6Ti
Swap:             0B          0B          0B
[Disk]
/dev/md127      5.9T  695G  5.2T  12% /home/ben
  Task dir: 152G

--- 2026-09-04 18:56:41 UTC ---
[GPU]
0, 100 %, 65 %, 72571 MiB, 81559 MiB, 60, 599.39 W
[GPU Processes]
8289, 72562 MiB, python
[CPU]
 18:56:41 up 22 days, 19:08,  0 users,  load average: 13.98, 12.45, 12.41
[Memory]
Mem:           1.8Ti       144Gi       225Gi        18Gi       1.4Ti       1.6Ti
Swap:             0B          0B          0B
[Disk]
/dev/md127      5.9T  695G  5.2T  12% /home/ben
  Task dir: 152G

--- 2026-09-04 18:57:41 UTC ---
[GPU]
0, 100 %, 79 %, 75043 MiB, 81559 MiB, 61, 635.05 W
[GPU Processes]
8289, 75034 MiB, python
[CPU]
 18:57:41 up 22 days, 19:09,  0 users,  load average: 13.13, 12.51, 12.44
[Memory]
Mem:           1.8Ti       136Gi       236Gi        17Gi       1.4Ti       1.6Ti
Swap:             0B          0B          0B
[Disk]
/dev/md127      5.9T  695G  5.2T  12% /home/ben
  Task dir: 152G

--- 2026-09-04 18:58:41 UTC ---
[GPU]
0, 100 %, 66 %, 75043 MiB, 81559 MiB, 61, 605.86 W
[GPU Processes]
8289, 75034 MiB, python
[CPU]
 18:58:41 up 22 days, 19:10,  0 users,  load average: 14.53, 13.04, 12.63
[Memory]
Mem:           1.8Ti       141Gi       231Gi        18Gi       1.4Ti       1.6Ti
Swap:             0B          0B          0B
[Disk]
/dev/md127      5.9T  693G  5.2T  12% /home/ben
  Task dir: 152G

--- 2026-09-04 18:59:41 UTC ---
[GPU]
0, 87 %, 60 %, 75043 MiB, 81559 MiB, 61, 612.49 W
[GPU Processes]
8289, 75034 MiB, python
[CPU]
 18:59:41 up 22 days, 19:11,  0 users,  load average: 13.13, 12.94, 12.62
[Memory]
Mem:           1.8Ti       136Gi       235Gi        17Gi       1.4Ti       1.6Ti
Swap:             0B          0B          0B
[Disk]
/dev/md127      5.9T  693G  5.2T  12% /home/ben
  Task dir: 152G

--- 2026-09-04 19:00:42 UTC ---
[GPU]
0, 100 %, 65 %, 75043 MiB, 81559 MiB, 61, 613.64 W
[GPU Processes]
8289, 75034 MiB, python
[CPU]
 19:00:42 up 22 days, 19:12,  0 users,  load average: 12.53, 12.77, 12.58
[Memory]
Mem:           1.8Ti       137Gi       234Gi        17Gi       1.4Ti       1.6Ti
Swap:             0B          0B          0B
[Disk]
/dev/md127      5.9T  693G  5.2T  12% /home/ben
  Task dir: 152G

--- 2026-09-04 19:01:42 UTC ---
[GPU]
0, 84 %, 55 %, 75043 MiB, 81559 MiB, 56, 604.86 W
[GPU Processes]
8289, 75034 MiB, python
[CPU]
 19:01:42 up 22 days, 19:13,  0 users,  load average: 14.00, 13.09, 12.70
[Memory]
Mem:           1.8Ti       145Gi       225Gi        18Gi       1.4Ti       1.6Ti
Swap:             0B          0B          0B
[Disk]
/dev/md127      5.9T  693G  5.2T  12% /home/ben
  Task dir: 152G

--- 2026-09-04 19:02:42 UTC ---
[GPU]
0, 100 %, 70 %, 75043 MiB, 81559 MiB, 62, 627.14 W
[GPU Processes]
8289, 75034 MiB, python
[CPU]
 19:02:42 up 22 days, 19:14,  0 users,  load average: 13.46, 13.14, 12.74
[Memory]
Mem:           1.8Ti       141Gi       218Gi        18Gi       1.4Ti       1.6Ti
Swap:             0B          0B          0B
[Disk]
/dev/md127      5.9T  694G  5.2T  12% /home/ben
  Task dir: 152G

--- 2026-09-04 19:03:42 UTC ---
[GPU]
0, 100 %, 74 %, 75043 MiB, 81559 MiB, 60, 609.97 W
[GPU Processes]
8289, 75034 MiB, python
[CPU]
 19:03:42 up 22 days, 19:15,  0 users,  load average: 13.02, 13.07, 12.74
[Memory]
Mem:           1.8Ti       137Gi       223Gi        17Gi       1.4Ti       1.6Ti
Swap:             0B          0B          0B
[Disk]
/dev/md127      5.9T  694G  5.2T  12% /home/ben
  Task dir: 152G

--- 2026-09-04 19:04:42 UTC ---
[GPU]
0, 94 %, 59 %, 75043 MiB, 81559 MiB, 62, 601.52 W
[GPU Processes]
8289, 75034 MiB, python
[CPU]
 19:04:42 up 22 days, 19:16,  0 users,  load average: 12.03, 12.77, 12.66
[Memory]
Mem:           1.8Ti       134Gi       226Gi        17Gi       1.4Ti       1.6Ti
Swap:             0B          0B          0B
[Disk]
/dev/md127      5.9T  694G  5.2T  12% /home/ben
  Task dir: 152G

--- 2026-09-04 19:05:42 UTC ---
[GPU]
0, 100 %, 67 %, 75043 MiB, 81559 MiB, 61, 546.93 W
[GPU Processes]
8289, 75034 MiB, python
[CPU]
 19:05:42 up 22 days, 19:17,  0 users,  load average: 10.99, 12.31, 12.50
[Memory]
Mem:           1.8Ti       134Gi       225Gi        17Gi       1.4Ti       1.6Ti
Swap:             0B          0B          0B
[Disk]
/dev/md127      5.9T  695G  5.2T  12% /home/ben
  Task dir: 152G

--- 2026-09-04 19:06:42 UTC ---
[GPU]
0, 100 %, 70 %, 75043 MiB, 81559 MiB, 61, 576.33 W
[GPU Processes]
8289, 75034 MiB, python
[CPU]
 19:06:43 up 22 days, 19:18,  0 users,  load average: 12.59, 12.56, 12.58
[Memory]
Mem:           1.8Ti       141Gi       209Gi        18Gi       1.5Ti       1.6Ti
Swap:             0B          0B          0B
[Disk]
/dev/md127      5.9T  703G  5.2T  12% /home/ben
  Task dir: 152G

--- 2026-09-04 19:07:43 UTC ---
[GPU]
0, 100 %, 81 %, 75043 MiB, 81559 MiB, 60, 595.58 W
[GPU Processes]
8289, 75034 MiB, python
[CPU]
 19:07:43 up 22 days, 19:19,  0 users,  load average: 12.93, 12.68, 12.62
[Memory]
Mem:           1.8Ti       140Gi       210Gi        18Gi       1.5Ti       1.6Ti
Swap:             0B          0B          0B
[Disk]
/dev/md127      5.9T  703G  5.2T  12% /home/ben
  Task dir: 152G

--- 2026-09-04 19:08:43 UTC ---
[GPU]
0, 100 %, 69 %, 75043 MiB, 81559 MiB, 61, 591.86 W
[GPU Processes]
8289, 75034 MiB, python
[CPU]
 19:08:43 up 22 days, 19:20,  0 users,  load average: 12.49, 12.61, 12.60
[Memory]
Mem:           1.8Ti       140Gi       210Gi        18Gi       1.5Ti       1.6Ti
Swap:             0B          0B          0B
[Disk]
/dev/md127      5.9T  703G  5.2T  12% /home/ben
  Task dir: 152G

--- 2026-09-04 19:09:43 UTC ---
[GPU]
0, 100 %, 63 %, 75043 MiB, 81559 MiB, 61, 621.07 W
[GPU Processes]
8289, 75034 MiB, python
[CPU]
 19:09:43 up 22 days, 19:21,  0 users,  load average: 12.54, 12.63, 12.61
[Memory]
Mem:           1.8Ti       142Gi       210Gi        18Gi       1.5Ti       1.6Ti
Swap:             0B          0B          0B
[Disk]
/dev/md127      5.9T  711G  5.2T  12% /home/ben
  Task dir: 152G

--- 2026-09-04 19:10:43 UTC ---
[GPU]
0, 100 %, 72 %, 75043 MiB, 81559 MiB, 60, 612.73 W
[GPU Processes]
8289, 75034 MiB, python
[CPU]
 19:10:43 up 22 days, 19:22,  0 users,  load average: 11.97, 12.47, 12.56
[Memory]
Mem:           1.8Ti       137Gi       214Gi        18Gi       1.5Ti       1.6Ti
Swap:             0B          0B          0B
[Disk]
/dev/md127      5.9T  734G  5.1T  13% /home/ben
  Task dir: 152G

--- 2026-09-04 19:11:43 UTC ---
[GPU]
0, 100 %, 63 %, 75043 MiB, 81559 MiB, 61, 594.65 W
[GPU Processes]
8289, 75034 MiB, python
[CPU]
 19:11:43 up 22 days, 19:23,  0 users,  load average: 11.44, 12.23, 12.47
[Memory]
Mem:           1.8Ti       137Gi       214Gi        18Gi       1.5Ti       1.6Ti
Swap:             0B          0B          0B
[Disk]
/dev/md127      5.9T  734G  5.1T  13% /home/ben
  Task dir: 152G

--- 2026-09-04 19:12:43 UTC ---
[GPU]
0, 100 %, 72 %, 75043 MiB, 81559 MiB, 64, 607.37 W
[GPU Processes]
8289, 75034 MiB, python
[CPU]
 19:12:43 up 22 days, 19:24,  0 users,  load average: 11.15, 12.00, 12.38
[Memory]
Mem:           1.8Ti       137Gi       214Gi        18Gi       1.5Ti       1.6Ti
Swap:             0B          0B          0B
[Disk]
/dev/md127      5.9T  734G  5.1T  13% /home/ben
  Task dir: 152G

--- 2026-09-04 19:13:43 UTC ---
[GPU]
0, 85 %, 58 %, 75043 MiB, 81559 MiB, 60, 539.70 W
[GPU Processes]
8289, 75034 MiB, python
[CPU]
 19:13:44 up 22 days, 19:25,  0 users,  load average: 11.79, 12.03, 12.36
[Memory]
Mem:           1.8Ti       138Gi       205Gi        18Gi       1.5Ti       1.6Ti
Swap:             0B          0B          0B
[Disk]
/dev/md127      5.9T  742G  5.1T  13% /home/ben
  Task dir: 152G

--- 2026-09-04 19:14:44 UTC ---
[GPU]
0, 88 %, 58 %, 75043 MiB, 81559 MiB, 55, 602.98 W
[GPU Processes]
8289, 75034 MiB, python
[CPU]
 19:14:44 up 22 days, 19:26,  0 users,  load average: 12.56, 12.19, 12.39
[Memory]
Mem:           1.8Ti       146Gi       197Gi        18Gi       1.5Ti       1.6Ti
Swap:             0B          0B          0B
[Disk]
/dev/md127      5.9T  742G  5.1T  13% /home/ben
  Task dir: 152G

--- 2026-09-04 19:15:44 UTC ---
[GPU]
0, 100 %, 66 %, 75043 MiB, 81559 MiB, 59, 606.24 W
[GPU Processes]
8289, 75034 MiB, python
[CPU]
 19:15:44 up 22 days, 19:27,  0 users,  load average: 12.97, 12.39, 12.45
[Memory]
Mem:           1.8Ti       143Gi       199Gi        18Gi       1.5Ti       1.6Ti
Swap:             0B          0B          0B
[Disk]
/dev/md127      5.9T  742G  5.1T  13% /home/ben
  Task dir: 152G

--- 2026-09-04 19:16:44 UTC ---
[GPU]
0, 100 %, 64 %, 75043 MiB, 81559 MiB, 60, 608.32 W
[GPU Processes]
8289, 75034 MiB, python
[CPU]
 19:16:44 up 22 days, 19:28,  0 users,  load average: 12.62, 12.42, 12.46
[Memory]
Mem:           1.8Ti       143Gi       200Gi        18Gi       1.5Ti       1.6Ti
Swap:             0B          0B          0B
[Disk]
/dev/md127      5.9T  742G  5.1T  13% /home/ben
  Task dir: 152G

--- 2026-09-04 19:17:44 UTC ---
[GPU]
0, 3 %, 0 %, 75043 MiB, 81559 MiB, 36, 115.51 W
[GPU Processes]
8289, 75034 MiB, python
[CPU]
 19:17:44 up 22 days, 19:29,  0 users,  load average: 13.08, 12.57, 12.50
[Memory]
Mem:           1.8Ti       145Gi       197Gi        19Gi       1.5Ti       1.6Ti
Swap:             0B          0B          0B
[Disk]
/dev/md127      5.9T  756G  5.1T  13% /home/ben
  Task dir: 166G

--- 2026-09-04 19:18:45 UTC ---
[GPU]
0, 100 %, 75 %, 75043 MiB, 81559 MiB, 57, 602.40 W
[GPU Processes]
8289, 75034 MiB, python
[CPU]
 19:18:45 up 22 days, 19:30,  0 users,  load average: 13.63, 12.87, 12.62
[Memory]
Mem:           1.8Ti       139Gi       204Gi        18Gi       1.5Ti       1.6Ti
Swap:             0B          0B          0B
[Disk]
/dev/md127      5.9T  764G  5.1T  13% /home/ben
  Task dir: 174G

--- 2026-09-04 19:19:45 UTC ---
[GPU]
0, 100 %, 73 %, 75043 MiB, 81559 MiB, 62, 612.05 W
[GPU Processes]
8289, 75034 MiB, python
[CPU]
 19:19:45 up 22 days, 19:31,  0 users,  load average: 12.25, 12.62, 12.55
[Memory]
Mem:           1.8Ti       135Gi       310Gi        18Gi       1.4Ti       1.6Ti
Swap:             0B          0B          0B
[Disk]
/dev/md127      5.9T  670G  5.2T  12% /home/ben
  Task dir: 174G

--- 2026-09-04 19:20:45 UTC ---
[GPU]
0, 100 %, 68 %, 75043 MiB, 81559 MiB, 63, 618.08 W
[GPU Processes]
8289, 75034 MiB, python
[CPU]
 19:20:45 up 22 days, 19:32,  0 users,  load average: 10.55, 12.08, 12.36
[Memory]
Mem:           1.8Ti       132Gi       313Gi        18Gi       1.4Ti       1.6Ti
Swap:             0B          0B          0B
[Disk]
/dev/md127      5.9T  670G  5.2T  12% /home/ben
  Task dir: 174G

--- 2026-09-04 19:21:45 UTC ---
[GPU]
0, 100 %, 67 %, 75043 MiB, 81559 MiB, 62, 603.29 W
[GPU Processes]
8289, 75034 MiB, python
[CPU]
 19:21:45 up 22 days, 19:33,  0 users,  load average: 10.28, 11.71, 12.22
[Memory]
Mem:           1.8Ti       136Gi       309Gi        18Gi       1.4Ti       1.6Ti
Swap:             0B          0B          0B
[Disk]
/dev/md127      5.9T  670G  5.2T  12% /home/ben
  Task dir: 174G

--- 2026-09-04 19:22:45 UTC ---
[GPU]
0, 100 %, 65 %, 75043 MiB, 81559 MiB, 63, 628.97 W
[GPU Processes]
8289, 75034 MiB, python
[CPU]
 19:22:45 up 22 days, 19:34,  0 users,  load average: 11.03, 11.67, 12.17
[Memory]
Mem:           1.8Ti       132Gi       313Gi        18Gi       1.4Ti       1.6Ti
Swap:             0B          0B          0B
[Disk]
/dev/md127      5.9T  670G  5.2T  12% /home/ben
  Task dir: 174G

--- 2026-09-04 19:23:45 UTC ---
[GPU]
0, 100 %, 72 %, 75043 MiB, 81559 MiB, 62, 616.32 W
[GPU Processes]
8289, 75034 MiB, python
[CPU]
 19:23:45 up 22 days, 19:35,  0 users,  load average: 9.92, 11.24, 11.99
[Memory]
Mem:           1.8Ti       133Gi       312Gi        18Gi       1.4Ti       1.6Ti
Swap:             0B          0B          0B
[Disk]
/dev/md127      5.9T  670G  5.2T  12% /home/ben
  Task dir: 174G

--- 2026-09-04 19:24:45 UTC ---
[GPU]
0, 100 %, 72 %, 75043 MiB, 81559 MiB, 62, 612.49 W
[GPU Processes]
8289, 75034 MiB, python
[CPU]
 19:24:45 up 22 days, 19:36,  0 users,  load average: 9.28, 10.82, 11.79
[Memory]
Mem:           1.8Ti       134Gi       311Gi        18Gi       1.4Ti       1.6Ti
Swap:             0B          0B          0B
[Disk]
/dev/md127      5.9T  670G  5.2T  12% /home/ben
  Task dir: 174G

--- 2026-09-04 19:25:45 UTC ---
[GPU]
0, 88 %, 59 %, 75043 MiB, 81559 MiB, 63, 622.62 W
[GPU Processes]
8289, 75034 MiB, python
[CPU]
 19:25:46 up 22 days, 19:37,  0 users,  load average: 10.29, 10.79, 11.72
[Memory]
Mem:           1.8Ti       132Gi       321Gi        17Gi       1.4Ti       1.6Ti
Swap:             0B          0B          0B
[Disk]
/dev/md127      5.9T  669G  5.2T  12% /home/ben
  Task dir: 174G

--- 2026-09-04 19:26:46 UTC ---
[GPU]
0, 100 %, 69 %, 75045 MiB, 81559 MiB, 61, 551.88 W
[GPU Processes]
8289, 75036 MiB, python
[CPU]
 19:26:46 up 22 days, 19:38,  0 users,  load average: 10.90, 10.87, 11.69
[Memory]
Mem:           1.8Ti       137Gi       343Gi        18Gi       1.3Ti       1.6Ti
Swap:             0B          0B          0B
[Disk]
/dev/md127      5.9T  637G  5.2T  11% /home/ben
  Task dir: 174G

--- 2026-09-04 19:27:46 UTC ---
[GPU]
0, 100 %, 66 %, 75045 MiB, 81559 MiB, 62, 589.62 W
[GPU Processes]
8289, 75036 MiB, python
[CPU]
 19:27:46 up 22 days, 19:39,  0 users,  load average: 12.82, 11.43, 11.83
[Memory]
Mem:           1.8Ti       140Gi       339Gi        18Gi       1.3Ti       1.6Ti
Swap:             0B          0B          0B
[Disk]
/dev/md127      5.9T  637G  5.2T  11% /home/ben
  Task dir: 174G

--- 2026-09-04 19:28:46 UTC ---
[GPU]
0, 100 %, 70 %, 75045 MiB, 81559 MiB, 61, 620.99 W
[GPU Processes]
8289, 75036 MiB, python
[CPU]
 19:28:46 up 22 days, 19:40,  0 users,  load average: 12.13, 11.50, 11.83
[Memory]
Mem:           1.8Ti       139Gi       340Gi        18Gi       1.3Ti       1.6Ti
Swap:             0B          0B          0B
[Disk]
/dev/md127      5.9T  637G  5.2T  11% /home/ben
  Task dir: 174G

--- 2026-09-04 19:29:46 UTC ---
[GPU]
0, 100 %, 73 %, 75045 MiB, 81559 MiB, 59, 638.07 W
[GPU Processes]
8289, 75036 MiB, python
[CPU]
 19:29:46 up 22 days, 19:41,  0 users,  load average: 11.83, 11.53, 11.82
[Memory]
Mem:           1.8Ti       140Gi       339Gi        18Gi       1.3Ti       1.6Ti
Swap:             0B          0B          0B
[Disk]
/dev/md127      5.9T  637G  5.2T  11% /home/ben
  Task dir: 174G

--- 2026-09-04 19:30:46 UTC ---
[GPU]
0, 91 %, 61 %, 75045 MiB, 81559 MiB, 62, 603.76 W
[GPU Processes]
8289, 75036 MiB, python
[CPU]
 19:30:46 up 22 days, 19:42,  0 users,  load average: 12.10, 11.68, 11.85
[Memory]
Mem:           1.8Ti       142Gi       337Gi        18Gi       1.3Ti       1.6Ti
Swap:             0B          0B          0B
[Disk]
/dev/md127      5.9T  637G  5.2T  11% /home/ben
  Task dir: 174G

--- 2026-09-04 19:31:46 UTC ---
[GPU]
0, 100 %, 69 %, 75045 MiB, 81559 MiB, 62, 612.84 W
[GPU Processes]
8289, 75036 MiB, python
[CPU]
 19:31:46 up 22 days, 19:43,  0 users,  load average: 11.96, 11.73, 11.86
[Memory]
Mem:           1.8Ti       142Gi       337Gi        18Gi       1.3Ti       1.6Ti
Swap:             0B          0B          0B
[Disk]
/dev/md127      5.9T  637G  5.2T  11% /home/ben
  Task dir: 174G

--- 2026-09-04 19:32:46 UTC ---
[GPU]
0, 100 %, 72 %, 75045 MiB, 81559 MiB, 61, 616.15 W
[GPU Processes]
8289, 75036 MiB, python
[CPU]
 19:32:47 up 22 days, 19:44,  0 users,  load average: 13.68, 12.17, 12.00
[Memory]
Mem:           1.8Ti       144Gi       334Gi        18Gi       1.3Ti       1.6Ti
Swap:             0B          0B          0B
[Disk]
/dev/md127      5.9T  637G  5.2T  11% /home/ben
  Task dir: 174G

--- 2026-09-04 19:33:47 UTC ---
[GPU]
0, 100 %, 65 %, 75045 MiB, 81559 MiB, 60, 593.84 W
[GPU Processes]
8289, 75036 MiB, python
[CPU]
 19:33:47 up 22 days, 19:45,  0 users,  load average: 13.46, 12.38, 12.09
[Memory]
Mem:           1.8Ti       146Gi       333Gi        18Gi       1.3Ti       1.6Ti
Swap:             0B          0B          0B
[Disk]
/dev/md127      5.9T  637G  5.2T  11% /home/ben
  Task dir: 174G

--- 2026-09-04 19:34:47 UTC ---
[GPU]
0, 100 %, 69 %, 75045 MiB, 81559 MiB, 62, 602.82 W
[GPU Processes]
8289, 75036 MiB, python
[CPU]
 19:34:47 up 22 days, 19:46,  0 users,  load average: 13.41, 12.56, 12.17
[Memory]
Mem:           1.8Ti       146Gi       330Gi        18Gi       1.3Ti       1.6Ti
Swap:             0B          0B          0B
[Disk]
/dev/md127      5.9T  637G  5.2T  11% /home/ben
  Task dir: 174G

--- 2026-09-04 19:35:47 UTC ---
[GPU]
0, 100 %, 76 %, 75045 MiB, 81559 MiB, 61, 622.77 W
[GPU Processes]
8289, 75036 MiB, python
[CPU]
 19:35:47 up 22 days, 19:47,  0 users,  load average: 13.21, 12.66, 12.23
[Memory]
Mem:           1.8Ti       142Gi       337Gi        18Gi       1.3Ti       1.6Ti
Swap:             0B          0B          0B
[Disk]
/dev/md127      5.9T  637G  5.2T  11% /home/ben
  Task dir: 174G

--- 2026-09-04 19:36:47 UTC ---
[GPU]
0, 100 %, 74 %, 75045 MiB, 81559 MiB, 61, 606.60 W
[GPU Processes]
8289, 75036 MiB, python
[CPU]
 19:36:47 up 22 days, 19:48,  0 users,  load average: 13.25, 12.80, 12.31
[Memory]
Mem:           1.8Ti       143Gi       335Gi        18Gi       1.3Ti       1.6Ti
Swap:             0B          0B          0B
[Disk]
/dev/md127      5.9T  637G  5.2T  11% /home/ben
  Task dir: 174G

--- 2026-09-04 19:37:47 UTC ---
[GPU]
0, 100 %, 70 %, 75045 MiB, 81559 MiB, 61, 624.00 W
[GPU Processes]
8289, 75036 MiB, python
[CPU]
 19:37:47 up 22 days, 19:49,  0 users,  load average: 12.61, 12.71, 12.31
[Memory]
Mem:           1.8Ti       143Gi       334Gi        18Gi       1.3Ti       1.6Ti
Swap:             0B          0B          0B
[Disk]
/dev/md127      5.9T  637G  5.2T  11% /home/ben
  Task dir: 174G

--- 2026-09-04 19:38:47 UTC ---
[GPU]
0, 100 %, 66 %, 75045 MiB, 81559 MiB, 61, 593.62 W
[GPU Processes]
8289, 75036 MiB, python
[CPU]
 19:38:47 up 22 days, 19:50,  0 users,  load average: 15.15, 13.23, 12.50
[Memory]
Mem:           1.8Ti       140Gi       340Gi        18Gi       1.3Ti       1.6Ti
Swap:             0B          0B          0B
[Disk]
/dev/md127      5.9T  636G  5.2T  11% /home/ben
  Task dir: 174G

--- 2026-09-04 19:39:48 UTC ---
[GPU]
0, 100 %, 70 %, 75045 MiB, 81559 MiB, 62, 607.92 W
[GPU Processes]
8289, 75036 MiB, python
[CPU]
 19:39:48 up 22 days, 19:51,  0 users,  load average: 14.84, 13.57, 12.67
[Memory]
Mem:           1.8Ti       132Gi       361Gi        17Gi       1.3Ti       1.6Ti
Swap:             0B          0B          0B
[Disk]
/dev/md127      5.9T  636G  5.2T  11% /home/ben
  Task dir: 174G

--- 2026-09-04 19:40:48 UTC ---
[GPU]
0, 100 %, 72 %, 75045 MiB, 81559 MiB, 61, 599.24 W
[GPU Processes]
8289, 75036 MiB, python
[CPU]
 19:40:48 up 22 days, 19:52,  0 users,  load average: 13.86, 13.56, 12.72
[Memory]
Mem:           1.8Ti       138Gi       342Gi        17Gi       1.3Ti       1.6Ti
Swap:             0B          0B          0B
[Disk]
/dev/md127      5.9T  637G  5.2T  11% /home/ben
  Task dir: 174G

--- 2026-09-04 19:41:48 UTC ---
[GPU]
0, 100 %, 65 %, 75045 MiB, 81559 MiB, 58, 597.77 W
[GPU Processes]
8289, 75036 MiB, python
[CPU]
 19:41:48 up 22 days, 19:53,  0 users,  load average: 12.59, 13.25, 12.67
[Memory]
Mem:           1.8Ti       138Gi       342Gi        18Gi       1.3Ti       1.6Ti
Swap:             0B          0B          0B
[Disk]
/dev/md127      5.9T  637G  5.2T  11% /home/ben
  Task dir: 174G

--- 2026-09-04 19:42:48 UTC ---
[GPU]
0, 100 %, 75 %, 75045 MiB, 81559 MiB, 60, 633.20 W
[GPU Processes]
8289, 75036 MiB, python
[CPU]
 19:42:48 up 22 days, 19:54,  0 users,  load average: 14.85, 13.75, 12.87
[Memory]
Mem:           1.8Ti       142Gi       337Gi        18Gi       1.3Ti       1.6Ti
Swap:             0B          0B          0B
[Disk]
/dev/md127      5.9T  637G  5.2T  11% /home/ben
  Task dir: 174G

--- 2026-09-04 19:43:48 UTC ---
[GPU]
0, 100 %, 65 %, 75045 MiB, 81559 MiB, 57, 605.10 W
[GPU Processes]
8289, 75036 MiB, python
[CPU]
 19:43:48 up 22 days, 19:55,  0 users,  load average: 13.80, 13.65, 12.90
[Memory]
Mem:           1.8Ti       142Gi       326Gi        18Gi       1.3Ti       1.6Ti
Swap:             0B          0B          0B
[Disk]
/dev/md127      5.9T  660G  5.2T  12% /home/ben
  Task dir: 197G

--- 2026-09-04 19:44:48 UTC ---
[GPU]
0, 89 %, 62 %, 75045 MiB, 81559 MiB, 60, 626.73 W
[GPU Processes]
8289, 75036 MiB, python
[CPU]
 19:44:48 up 22 days, 19:56,  0 users,  load average: 13.20, 13.51, 12.90
[Memory]
Mem:           1.8Ti       144Gi       323Gi        18Gi       1.3Ti       1.6Ti
Swap:             0B          0B          0B
[Disk]
/dev/md127      5.9T  660G  5.2T  12% /home/ben
  Task dir: 197G

--- 2026-09-04 19:45:48 UTC ---
[GPU]
0, 100 %, 70 %, 75045 MiB, 81559 MiB, 59, 594.04 W
[GPU Processes]
8289, 75036 MiB, python
[CPU]
 19:45:48 up 22 days, 19:57,  0 users,  load average: 13.27, 13.47, 12.93
[Memory]
Mem:           1.8Ti       143Gi       324Gi        18Gi       1.3Ti       1.6Ti
Swap:             0B          0B          0B
[Disk]
/dev/md127      5.9T  660G  5.2T  12% /home/ben
  Task dir: 197G

--- 2026-09-04 19:46:48 UTC ---
[GPU]
0, 100 %, 64 %, 75045 MiB, 81559 MiB, 59, 608.73 W
[GPU Processes]
8289, 75036 MiB, python
[CPU]
 19:46:49 up 22 days, 19:58,  0 users,  load average: 12.93, 13.33, 12.92
[Memory]
Mem:           1.8Ti       147Gi       320Gi        19Gi       1.3Ti       1.6Ti
Swap:             0B          0B          0B
[Disk]
/dev/md127      5.9T  660G  5.2T  12% /home/ben
  Task dir: 197G

--- 2026-09-04 19:47:49 UTC ---
[GPU]
0, 100 %, 72 %, 75045 MiB, 81559 MiB, 59, 616.28 W
[GPU Processes]
8289, 75036 MiB, python
[CPU]
 19:47:49 up 22 days, 19:59,  0 users,  load average: 12.19, 13.09, 12.86
[Memory]
Mem:           1.8Ti       138Gi       328Gi        18Gi       1.3Ti       1.6Ti
Swap:             0B          0B          0B
[Disk]
/dev/md127      5.9T  660G  5.2T  12% /home/ben
  Task dir: 197G

--- 2026-09-04 19:48:49 UTC ---
[GPU]
0, 90 %, 57 %, 75045 MiB, 81559 MiB, 59, 592.56 W
[GPU Processes]
8289, 75036 MiB, python
[CPU]
 19:48:49 up 22 days, 20:00,  0 users,  load average: 12.35, 12.97, 12.83
[Memory]
Mem:           1.8Ti       143Gi       324Gi        18Gi       1.3Ti       1.6Ti
Swap:             0B          0B          0B
[Disk]
/dev/md127      5.9T  660G  5.2T  12% /home/ben
  Task dir: 197G

--- 2026-09-04 19:49:49 UTC ---
[GPU]
0, 95 %, 61 %, 75045 MiB, 81559 MiB, 59, 595.49 W
[GPU Processes]
8289, 75036 MiB, python
[CPU]
 19:49:49 up 22 days, 20:01,  0 users,  load average: 12.93, 13.08, 12.88
[Memory]
Mem:           1.8Ti       136Gi       332Gi        17Gi       1.3Ti       1.6Ti
Swap:             0B          0B          0B
[Disk]
/dev/md127      5.9T  660G  5.2T  12% /home/ben
  Task dir: 197G

--- 2026-09-04 19:50:49 UTC ---
[GPU]
0, 100 %, 66 %, 75045 MiB, 81559 MiB, 59, 605.52 W
[GPU Processes]
8289, 75036 MiB, python
[CPU]
 19:50:49 up 22 days, 20:02,  0 users,  load average: 12.26, 12.86, 12.82
[Memory]
Mem:           1.8Ti       136Gi       330Gi        17Gi       1.3Ti       1.6Ti
Swap:             0B          0B          0B
[Disk]
/dev/md127      5.9T  660G  5.2T  12% /home/ben
  Task dir: 197G

--- 2026-09-04 19:51:49 UTC ---
[GPU]
0, 95 %, 61 %, 75045 MiB, 81559 MiB, 57, 617.17 W
[GPU Processes]
8289, 75036 MiB, python
[CPU]
 19:51:49 up 22 days, 20:03,  0 users,  load average: 12.40, 12.78, 12.79
[Memory]
Mem:           1.8Ti       135Gi       325Gi        17Gi       1.3Ti       1.6Ti
Swap:             0B          0B          0B
[Disk]
/dev/md127      5.9T  668G  5.2T  12% /home/ben
  Task dir: 197G

--- 2026-09-04 19:52:49 UTC ---
[GPU]
0, 100 %, 65 %, 75045 MiB, 81559 MiB, 58, 588.44 W
[GPU Processes]
8289, 75036 MiB, python
[CPU]
 19:52:49 up 22 days, 20:04,  0 users,  load average: 12.24, 12.67, 12.75
[Memory]
Mem:           1.8Ti       137Gi       322Gi        17Gi       1.4Ti       1.6Ti
Swap:             0B          0B          0B
[Disk]
/dev/md127      5.9T  668G  5.2T  12% /home/ben
  Task dir: 197G

--- 2026-09-04 19:53:50 UTC ---
[GPU]
0, 100 %, 76 %, 75045 MiB, 81559 MiB, 57, 613.51 W
[GPU Processes]
8289, 75036 MiB, python
[CPU]
 19:53:50 up 22 days, 20:05,  0 users,  load average: 12.12, 12.52, 12.70
[Memory]
Mem:           1.8Ti       137Gi       330Gi        17Gi       1.3Ti       1.6Ti
Swap:             0B          0B          0B
[Disk]
/dev/md127      5.9T  660G  5.2T  12% /home/ben
  Task dir: 197G

--- 2026-09-04 19:54:50 UTC ---
[GPU]
0, 100 %, 81 %, 75045 MiB, 81559 MiB, 58, 598.99 W
[GPU Processes]
8289, 75036 MiB, python
[CPU]
 19:54:50 up 22 days, 20:06,  0 users,  load average: 11.63, 12.31, 12.61
[Memory]
Mem:           1.8Ti       137Gi       329Gi        17Gi       1.3Ti       1.6Ti
Swap:             0B          0B          0B
[Disk]
/dev/md127      5.9T  660G  5.2T  12% /home/ben
  Task dir: 197G

--- 2026-09-04 19:55:50 UTC ---
[GPU]
0, 99 %, 67 %, 75045 MiB, 81559 MiB, 58, 555.88 W
[GPU Processes]
8289, 75036 MiB, python
[CPU]
 19:55:50 up 22 days, 20:07,  0 users,  load average: 11.48, 12.13, 12.53
[Memory]
Mem:           1.8Ti       138Gi       329Gi        17Gi       1.3Ti       1.6Ti
Swap:             0B          0B          0B
[Disk]
/dev/md127      5.9T  660G  5.2T  12% /home/ben
  Task dir: 197G

--- 2026-09-04 19:56:50 UTC ---
[GPU]
0, 100 %, 62 %, 75045 MiB, 81559 MiB, 63, 615.36 W
[GPU Processes]
8289, 75036 MiB, python
[CPU]
 19:56:50 up 22 days, 20:08,  0 users,  load average: 14.41, 12.73, 12.70
[Memory]
Mem:           1.8Ti       151Gi       315Gi        17Gi       1.3Ti       1.6Ti
Swap:             0B          0B          0B
[Disk]
/dev/md127      5.9T  660G  5.2T  12% /home/ben
  Task dir: 197G

--- 2026-09-04 19:57:50 UTC ---
[GPU]
0, 100 %, 65 %, 75045 MiB, 81559 MiB, 60, 612.56 W
[GPU Processes]
8289, 75036 MiB, python
[CPU]
 19:57:50 up 22 days, 20:09,  0 users,  load average: 14.00, 12.94, 12.78
[Memory]
Mem:           1.8Ti       146Gi       318Gi        17Gi       1.3Ti       1.6Ti
Swap:             0B          0B          0B
[Disk]
/dev/md127      5.9T  660G  5.2T  12% /home/ben
  Task dir: 197G

--- 2026-09-04 19:58:50 UTC ---
[GPU]
0, 100 %, 64 %, 75045 MiB, 81559 MiB, 59, 594.75 W
[GPU Processes]
8289, 75036 MiB, python
[CPU]
 19:58:50 up 22 days, 20:10,  0 users,  load average: 12.81, 12.78, 12.73
[Memory]
Mem:           1.8Ti       144Gi       320Gi        17Gi       1.3Ti       1.6Ti
Swap:             0B          0B          0B
[Disk]
/dev/md127      5.9T  660G  5.2T  12% /home/ben
  Task dir: 197G

--- 2026-09-04 19:59:50 UTC ---
[GPU]
0, 89 %, 58 %, 75045 MiB, 81559 MiB, 57, 616.17 W
[GPU Processes]
8289, 75036 MiB, python
[CPU]
 19:59:51 up 22 days, 20:11,  0 users,  load average: 12.53, 12.73, 12.72
[Memory]
Mem:           1.8Ti       143Gi       313Gi        17Gi       1.4Ti       1.6Ti
Swap:             0B          0B          0B
[Disk]
/dev/md127      5.9T  660G  5.2T  12% /home/ben
  Task dir: 197G

--- 2026-09-04 20:00:51 UTC ---
[GPU]
0, 100 %, 65 %, 75045 MiB, 81559 MiB, 59, 601.64 W
[GPU Processes]
8289, 75036 MiB, python
[CPU]
 20:00:51 up 22 days, 20:12,  0 users,  load average: 12.41, 12.64, 12.69
[Memory]
Mem:           1.8Ti       143Gi       313Gi        17Gi       1.4Ti       1.6Ti
Swap:             0B          0B          0B
[Disk]
/dev/md127      5.9T  660G  5.2T  12% /home/ben
  Task dir: 197G

--- 2026-09-04 20:01:51 UTC ---
[GPU]
0, 100 %, 64 %, 75045 MiB, 81559 MiB, 59, 599.88 W
[GPU Processes]
8289, 75036 MiB, python
[CPU]
 20:01:51 up 22 days, 20:13,  0 users,  load average: 13.02, 12.78, 12.73
[Memory]
Mem:           1.8Ti       145Gi       309Gi        17Gi       1.4Ti       1.6Ti
Swap:             0B          0B          0B
[Disk]
/dev/md127      5.9T  660G  5.2T  12% /home/ben
  Task dir: 197G

--- 2026-09-04 20:02:51 UTC ---
[GPU]
0, 100 %, 72 %, 75045 MiB, 81559 MiB, 60, 602.92 W
[GPU Processes]
8289, 75036 MiB, python
[CPU]
 20:02:51 up 22 days, 20:14,  0 users,  load average: 13.11, 12.86, 12.76
[Memory]
Mem:           1.8Ti       141Gi       314Gi        17Gi       1.4Ti       1.6Ti
Swap:             0B          0B          0B
[Disk]
/dev/md127      5.9T  660G  5.2T  12% /home/ben
  Task dir: 197G

--- 2026-09-04 20:03:51 UTC ---
[GPU]
0, 100 %, 67 %, 75045 MiB, 81559 MiB, 59, 605.01 W
[GPU Processes]
8289, 75036 MiB, python
[CPU]
 20:03:51 up 22 days, 20:15,  0 users,  load average: 13.12, 12.91, 12.79
[Memory]
Mem:           1.8Ti       146Gi       308Gi        18Gi       1.4Ti       1.6Ti
Swap:             0B          0B          0B
[Disk]
/dev/md127      5.9T  660G  5.2T  12% /home/ben
  Task dir: 197G

--- 2026-09-04 20:04:51 UTC ---
[GPU]
0, 100 %, 79 %, 75045 MiB, 81559 MiB, 58, 616.07 W
[GPU Processes]
8289, 75036 MiB, python
[CPU]
 20:04:51 up 22 days, 20:16,  0 users,  load average: 12.60, 12.82, 12.77
[Memory]
Mem:           1.8Ti       141Gi       313Gi        17Gi       1.4Ti       1.6Ti
Swap:             0B          0B          0B
[Disk]
/dev/md127      5.9T  660G  5.2T  12% /home/ben
  Task dir: 197G

--- 2026-09-04 20:05:51 UTC ---
[GPU]
0, 100 %, 72 %, 75045 MiB, 81559 MiB, 59, 606.54 W
[GPU Processes]
8289, 75036 MiB, python
[CPU]
 20:05:51 up 22 days, 20:17,  0 users,  load average: 13.92, 13.19, 12.90
[Memory]
Mem:           1.8Ti       146Gi       309Gi        18Gi       1.4Ti       1.6Ti
Swap:             0B          0B          0B
[Disk]
/dev/md127      5.9T  660G  5.2T  12% /home/ben
  Task dir: 197G

--- 2026-09-04 20:06:51 UTC ---
[GPU]
0, 100 %, 69 %, 79467 MiB, 81559 MiB, 57, 610.22 W
[GPU Processes]
8289, 79458 MiB, python
[CPU]
 20:06:52 up 22 days, 20:18,  0 users,  load average: 13.40, 13.18, 12.92
[Memory]
Mem:           1.8Ti       146Gi       308Gi        18Gi       1.4Ti       1.6Ti
Swap:             0B          0B          0B
[Disk]
/dev/md127      5.9T  660G  5.2T  12% /home/ben
  Task dir: 197G

--- 2026-09-04 20:07:52 UTC ---
[GPU]
0, 100 %, 65 %, 79467 MiB, 81559 MiB, 57, 601.95 W
[GPU Processes]
8289, 79458 MiB, python
[CPU]
 20:07:52 up 22 days, 20:19,  0 users,  load average: 13.46, 13.25, 12.97
[Memory]
Mem:           1.8Ti       146Gi       308Gi        18Gi       1.4Ti       1.6Ti
Swap:             0B          0B          0B
[Disk]
/dev/md127      5.9T  661G  5.2T  12% /home/ben
  Task dir: 197G

--- 2026-09-04 20:08:52 UTC ---
[GPU]
0, 4 %, 0 %, 79467 MiB, 81559 MiB, 38, 117.29 W
[GPU Processes]
8289, 79458 MiB, python
[CPU]
 20:08:52 up 22 days, 20:20,  0 users,  load average: 12.99, 13.20, 12.97
[Memory]
Mem:           1.8Ti       146Gi       313Gi        17Gi       1.4Ti       1.6Ti
Swap:             0B          0B          0B
[Disk]
/dev/md127      5.9T  683G  5.2T  12% /home/ben
  Task dir: 219G

--- 2026-09-04 20:09:52 UTC ---
[GPU]
0, 0 %, 0 %, 0 MiB, 81559 MiB, 30, 68.26 W
[GPU Processes]
[CPU]
 20:09:52 up 22 days, 20:21,  0 users,  load average: 12.36, 13.00, 12.91
[Memory]
Mem:           1.8Ti       141Gi       317Gi        17Gi       1.4Ti       1.6Ti
Swap:             0B          0B          0B
[Disk]
/dev/md127      5.9T  714G  5.2T  12% /home/ben
  Task dir: 250G

--- 2026-09-04 20:10:52 UTC ---
[GPU]
0, 0 %, 0 %, 0 MiB, 81559 MiB, 29, 68.06 W
[GPU Processes]
[CPU]
 20:10:52 up 22 days, 20:22,  0 users,  load average: 12.34, 12.89, 12.88
[Memory]
Mem:           1.8Ti       141Gi       316Gi        17Gi       1.4Ti       1.6Ti
Swap:             0B          0B          0B
[Disk]
/dev/md127      5.9T  714G  5.2T  12% /home/ben
  Task dir: 250G

--- 2026-09-04 20:11:52 UTC ---
[GPU]
0, 0 %, 0 %, 15211 MiB, 81559 MiB, 31, 112.63 W
[GPU Processes]
10339, 15202 MiB, VLLM::EngineCore
[CPU]
 20:11:52 up 22 days, 20:23,  0 users,  load average: 12.26, 12.76, 12.84
[Memory]
Mem:           1.8Ti       144Gi       313Gi        17Gi       1.4Ti       1.6Ti
Swap:             0B          0B          0B
[Disk]
/dev/md127      5.9T  714G  5.2T  12% /home/ben
  Task dir: 250G

--- 2026-09-04 20:12:52 UTC ---
[GPU]
0, 0 %, 0 %, 0 MiB, 81559 MiB, 30, 68.20 W
[GPU Processes]
[CPU]
 20:12:52 up 22 days, 20:24,  0 users,  load average: 12.46, 12.69, 12.81
[Memory]
Mem:           1.8Ti       141Gi       317Gi        17Gi       1.4Ti       1.6Ti
Swap:             0B          0B          0B
[Disk]
/dev/md127      5.9T  714G  5.2T  12% /home/ben
  Task dir: 250G

--- 2026-09-04 20:13:53 UTC ---
[GPU]
0, 0 %, 0 %, 15213 MiB, 81559 MiB, 31, 112.84 W
[GPU Processes]
11190, 15204 MiB, VLLM::EngineCore
[CPU]
 20:13:53 up 22 days, 20:25,  0 users,  load average: 13.04, 12.81, 12.84
[Memory]
Mem:           1.8Ti       146Gi       311Gi        17Gi       1.4Ti       1.6Ti
Swap:             0B          0B          0B
[Disk]
/dev/md127      5.9T  714G  5.2T  12% /home/ben
  Task dir: 250G

--- 2026-09-04 20:14:53 UTC ---
[GPU]
0, 0 %, 0 %, 0 MiB, 81559 MiB, 29, 68.10 W
[GPU Processes]
[CPU]
 20:14:53 up 22 days, 20:26,  0 users,  load average: 12.74, 12.78, 12.83
[Memory]
Mem:           1.8Ti       143Gi       316Gi        17Gi       1.4Ti       1.6Ti
Swap:             0B          0B          0B
[Disk]
/dev/md127      5.9T  714G  5.2T  12% /home/ben
  Task dir: 250G

--- 2026-09-04 20:15:53 UTC ---
[GPU]
0, 0 %, 0 %, 15209 MiB, 81559 MiB, 31, 112.68 W
[GPU Processes]
12053, 15200 MiB, VLLM::EngineCore
[CPU]
 20:15:53 up 22 days, 20:27,  0 users,  load average: 13.03, 12.84, 12.85
[Memory]
Mem:           1.8Ti       147Gi       310Gi        17Gi       1.4Ti       1.6Ti
Swap:             0B          0B          0B
[Disk]
/dev/md127      5.9T  714G  5.2T  12% /home/ben
  Task dir: 250G

--- 2026-09-04 20:16:53 UTC ---
[GPU]
0, 0 %, 0 %, 0 MiB, 81559 MiB, 29, 68.17 W
[GPU Processes]
[CPU]
 20:16:53 up 22 days, 20:28,  0 users,  load average: 13.96, 13.12, 12.94
[Memory]
Mem:           1.8Ti       143Gi       326Gi        17Gi       1.3Ti       1.6Ti
Swap:             0B          0B          0B
[Disk]
/dev/md127      5.9T  714G  5.2T  12% /home/ben
  Task dir: 250G

